n,i,company,ticker,currency,last_qtr,price,market_cap,high_52w,low_52w,pct_below_52w_high,pct_above_52w_low,ps_ratio,pe_ratio,sales_growth_q,peg_ratio,trailing_beta,sector_raw,sector,roe,roa,gross_margin,profit_margin,fcf_margin,debt_to_equity,debt_to_ebitda,mom_12_1,ev_to_ebitda,pb_ratio,value,quality,growth,momentum,lowvol,z_value,z_quality,z_growth,z_momentum,z_lowvol,composite,rank
1,,"Airbnb, Inc.",ABNB,USD,Q2 2026,156.08,86247074481.3,193.45,110.81,-0.19317653140346336,0.408537135637578,6.5542,32.0502,0.1653746770025839,,1.1094521524817231,Services – Services To Dwellings & Other Buildings,consumer_discretionary,0.345421,0.096545,0.829014,0.204499,0.2709087690857968,0.3175,0.9123,0.5145790554414784,23.7399,11.0587,0.07908117350110058,0.0737982527265424,0.1653746770025839,0.5145790554414784,-1.1094521524817231,-0.7973669121295861,0.4209892592021399,1.1277429386839826,1.9669111349105983,-0.5518389893626827,0.3856896103342113,6
2,,AMAZON COM INC,AMZN,USD,Q2 2026,246.15,2563849462976.2,287.2,196.0,-0.1429317548746517,0.25586734693877555,3.3053,18.952,0.19620517346245125,,1.4377959223377943,"Retail – Non-Store Retailers (Catalogs, Etc.)",consumer_discretionary,0.305583,0.152184,0.358889,0.174403,-0.2639946630481642,0.4047,0.8953,0.17469630987852391,10.6847,4.6479,0.16601299446856288,-0.08184795186402345,0.19620517346245125,0.17469630987852391,-1.4377959223377943,-0.39702315717674935,0.25735660667607113,1.5010640087699525,0.6414621061290228,-1.1489864828817582,0.04103531574745253,27
3,,Aptiv PLC,APTV,USD,Q2 2026,43.64,12768456958.3,78.49,42.99,-0.4440056058096572,0.015119795301232752,0.6181,34.9821,0.023444826508283834,,1.2183323857235802,Motor Vehicle Parts & Accessories,consumer_discretionary,0.040797,0.015858,0.188683,0.018539,0.04893692571428571,1.0233,4.4945,-0.3794308080373544,8.3978,1.3829,0.6221610318351843,-0.7435694391836736,0.023444826508283834,-0.3794308080373544,-1.2183323857235802,1.7036577679596454,-0.43831883551311074,-0.5908607086055103,-1.51948092452298,-0.7498557155598862,-0.23719748563766652,41
4,,AUTOZONE INC,AZO,USD,Q3 2026,2913.28,57606093315.8,4332.68,2764.88,-0.3276032386421337,0.05367321547408932,2.8823,23.2458,0.08435985708074578,,0.10991593496836516,Retail – Automotive And Home Supply Stores,consumer_discretionary,-0.733286,0.125353,0.517539,0.123991,0.06134208879406665,-4.4154,2.8749,-0.29103472620144244,16.2858,0.0,0.14459581061484805,0.23363415554200953,0.08435985708074578,-0.29103472620144244,-0.10991593496836516,-0.4956548861465211,0.5890265898610794,0.14674870443891752,-1.1747605692032526,1.2659830671705543,0.03125094621281388,29
5,,BEST BUY CO INC,BBY,USD,Q4 2026,89.91,18180772288.8,96.53,53.81,-0.06857971615041958,0.6708790187697453,0.4308,14.2931,-0.009607112130771478,,0.7365265978785834,"Retail – Radio, Tv And Consumer Electronic Stores",consumer_discretionary,0.43126,0.081122,0.226772,0.030141,0.03804837042527164,0.3673,0.4661,0.1739628555933821,6.8161,5.7118,0.678253554085284,-0.003722375653532633,-0.009607112130771478,0.1739628555933821,-0.7365265978785834,1.9619784925512262,0.3394909272595942,-0.9910808321189231,0.6386018365725712,0.12638785897402363,0.7428346918066661,2
6,,Booking Holdings Inc.,BKNG,USD,Q2 2026,163.87,138114332432.6,222.95,149.4,-0.26499215070643634,0.09685408299866127,4.8906,19.1586,0.0814945572227126,,0.8715773072655117,Transportation Services,consumer_discretionary,-0.82672,0.238843,0.879501,0.255267,0.323379788775185,-1.9191,2.014,-0.0856718822113427,13.7369,0.0,0.11412069563984448,0.11076725553931219,0.0814945572227126,-0.0856718822113427,-0.8715773072655117,-0.6360007551957717,0.4598551988336925,0.1120532913919513,-0.37390208000971314,-0.11922420987603549,-0.0332898983280261,35
7,,CASEYS GENERAL STORES INC,CASY,USD,Q4 2026,606.24,32231280094.0,927.15,496.2,-0.34612522245591326,0.22176541717049592,1.7262,41.7064,0.14501780473547354,,-0.048856310794923835,Retail – Automotive Dealers And Gas Stations,consumer_discretionary,0.199833,0.088361,0.238202,0.041388,0.02612680633178979,0.7055,1.8555,0.4104135738772885,22.2265,7.873,0.19382300208369585,-0.28101274195260145,0.14501780473547354,0.4104135738772885,0.048856310794923835,-0.26895080403834565,0.04797236259687381,0.8812451455571787,1.5606944670325653,1.5547366763512693,0.48112371696968936,5
8,,Carnival Corp Ltd.,CCL,USD,Q2 2026,22.14,40070124722.9,33.49,21.45,-0.33890713645864434,0.032167832167832255,1.4671,13.0607,0.052939317319848245,,2.0186088420076516,Water Transport,consumer_discretionary,0.266974,0.059366,0.480704,0.112368,0.14342477576523138,1.9169,3.3784,-0.16827511259121475,8.5153,3.0902,0.29980542362064794,-0.6046376034621098,0.052939317319848245,-0.16827511259121475,-2.0186088420076516,0.21912594536022836,-0.2922581920220746,-0.23371709641142346,-0.6960319112839595,-2.2052909144730264,-0.4809039571565319,47
9,,CDW Corp,CDW,USD,Q2 2026,130.33,17967245348.6,163.67,96.09,-0.20370257224903754,0.35633260484962026,0.7646,16.6317,0.09965532242412078,,0.8060931287594182,"Retail – Non-Store Retailers (Catalogs, Etc.)",consumer_discretionary,0.440103,0.066438,0.213601,0.045969,0.04088738832956035,2.4423,3.0168,-0.03164052977980014,11.922,7.3573,0.3969493783346852,-0.6645859445243485,0.09965532242412078,-0.03164052977980014,-0.8060931287594182,0.6664992451297397,-0.3552825753557761,0.3319588095335467,-0.16319469771666847,-0.00013039220679656865,-0.0460723998670843,36
10,,CHIPOTLE MEXICAN GRILL INC,CMG,USD,Q2 2026,31.85,43612956000.0,42.82,28.04,-0.2561886968706212,0.1358773181169759,3.5104,30.7672,0.09308926409376794,,0.7075850469749441,Retail – Eating Places,consumer_discretionary,0.495604,0.156552,0.241302,0.114249,0.11429477860122689,0.0,0.0,-0.05364861428934653,19.0565,19.826,0.10507107936730038,0.16028596837160383,0.09308926409376794,-0.05364861428934653,-0.7075850469749441,-0.677676603223718,0.5119147935519803,0.2524515617237342,-0.24902016140769892,0.1790228597484823,0.04147650052150775,26
11,,COPART INC,CPRT,USD,Q3 2026,27.22,31895140726.7,45.89,26.81,-0.4068424493353672,0.015292801193584449,6.8756,20.5351,0.02092074380465392,,0.1331833266395188,Retail – Automotive Dealers And Gas Stations,consumer_discretionary,0.176067,0.160329,0.870734,0.333891,0.2593609717847052,0.0,0.0,-0.27021608376030304,14.2887,3.6351,0.13480498249415562,0.2571974245406722,0.02092074380465392,-0.27021608376030304,-0.1331833266395188,-0.5407442084489141,0.6137989267039794,-0.6214243830222104,-1.093573601743476,1.2236674641571441,0.045580838954253466,25
12,,CINTAS CORP,CTAS,USD,Q4 2026,200.58,68518919999.9,218.6,160.31,-0.08243366880146374,0.25120079845299736,6.0826,34.26,0.08904872149740672,,0.18103064020533993,Apparel And Other Finished Products,consumer_discretionary,0.407144,0.196515,0.506695,0.177542,0.15503620331580936,0.4724,0.7784,0.020553033264580023,22.5108,13.3308,0.07825732806823472,0.027447457616544213,0.08904872149740672,0.020553033264580023,-0.18103064020533993,-0.8011609356577223,0.3722601329732498,0.20352534064373787,0.040345812500287584,1.1366492046665628,0.12267327669385475,21
13,,CARVANA CO.,CVNA,USD,Q2 2026,60.47,9429220300.1,97.38,54.46,-0.37903060176627645,0.11035622475211171,0.3763,6.0135,0.5239669421487603,,2.3769099165828504,Retail – Automotive Dealers And Gas Stations,consumer_discretionary,0.587733,0.178276,0.193711,0.085083,-0.004713065687604757,1.094,33.0647,-0.0025041736227043865,75.9719,2.3409,0.8160238884819052,-4.7312300093839434,0.5239669421487603,-0.0025041736227043865,-2.3769099165828504,2.596446888354133,-3.6076421339418747,3.5065720331540935,-0.049570939303479125,-2.8569207252093762,-1.354859706986174,53
14,,DECKERS OUTDOOR CORP,DECK,USD,Q4 2026,78.36,13789490220.5,122.29,77.37,-0.35922806443699407,0.012795657231484903,2.4948,13.5878,0.09550881794515464,,1.0460745530559428,Rubber And Plastics Footwear,consumer_discretionary,0.425584,0.263325,0.578038,0.183605,0.1858192348330573,0.0,0.0,-0.18425777189832748,9.1515,5.991,0.18765447792123396,0.23376731926186536,0.09550881794515464,-0.18425777189832748,-1.0460745530559428,-0.297358469933687,0.5891665864177417,0.2817495146161282,-0.7583598774208445,-0.4365763344356519,-0.021260742608194223,34
15,,HORTON D R INC /DE/,DHI,USD,Q3 2026,139.42,46189447365.4,174.13,130.96,-0.1993338310457704,0.06459987782529009,1.385,15.1297,0.00015175000270972738,,0.9074278559946766,Operative Builders,consumer_discretionary,0.126324,0.0849,0.226112,0.092801,0.0800987202831801,0.2914,1.69,-0.10906938660353416,12.2969,1.9391,0.34628532358738995,-0.1958806113881171,0.00015175000270972738,-0.10906938660353416,-0.9074278559946766,0.43317803210395933,0.13747275469513737,-0.8729124834763683,-0.4651458982893869,-0.1844243667856319,0.033503435513784714,28
16,,DARDEN RESTAURANTS INC,DRI,USD,Q4 2026,197.02,23167453196.8,229.76,165.13,-0.1424965181058495,0.19312057167080487,1.7537,19.199,0.13665678393495728,,0.23689154532922566,Retail – Eating Places,consumer_discretionary,0.53408,0.094831,0.216677,0.091341,0.0957042816689249,1.0561,1.0874,0.16472536577992414,11.7912,10.4949,0.20060059741363948,-0.15869524547586786,0.13665678393495728,0.16472536577992414,-0.23689154532922566,-0.23773820623763897,0.17656615935206413,0.7800030122583231,0.6025781723487582,1.035056902503932,0.2745557191260475,12
17,,"Expedia Group, Inc.",EXPE,USD,Q2 2026,264.23,30711249062.8,341.51,184.28,-0.22628912769757836,0.4338506620360323,1.9561,15.0841,0.13972530375066028,,1.0191093967790679,Transportation Services,consumer_discretionary,0.894887,0.072773,1.022739,0.129873,0.23226547206369427,2.2092,1.5902,0.4930418034851376,7.6025,25.4022,0.1871046571594809,-0.2066946468480437,0.13972530375066028,0.4930418034851376,-1.0191093967790679,-0.2998905382357375,0.12610383431912445,0.817159180102374,1.882921788405603,-0.3875357344262643,0.36477134479888496,8
18,,FORD MOTOR CO,F,USD,Q2 2026,12.38,55387227557.0,17.59,10.83,-0.29619101762364974,0.1431209602954755,0.2947,0.0,-0.03762155268611511,,1.1772280966951465,Motor Vehicles & Passenger Car Bodies,consumer_discretionary,-0.182518,-0.025515,0.081996,-0.039245,-0.03876301383709362,4.5019,15.5795,0.25648508430609596,17.644,1.5525,1.034614649105433,-2.897920716262442,-0.03762155268611511,0.25648508430609596,-1.1772280966951465,3.1042900061911607,-2.7032132148437715,-1.3303027755473902,0.9604157836706829,-0.6751007623077743,-0.3731713379954637,46
19,,FASTENAL CO,FAST,USD,Q2 2026,50.49,55140123979.8,52.92,38.34,-0.04591836734693877,0.31690140845070425,6.3022,40.7841,0.1473825890496563,,0.49042816543918866,"Retail – Retail-Building Materials, Hardware, Garden Supply",consumer_discretionary,0.343313,0.262277,0.447002,0.154525,0.13336265342766362,0.0295,0.0614,0.09186529924603959,28.1657,13.5516,0.07312257734626126,0.17851137906109482,0.1473825890496563,0.09186529924603959,-0.49042816543918866,-0.8248078046857051,0.531075378304711,0.909879903737035,0.318443994650671,0.5739585930085889,0.18728138735081828,14
20,,General Motors Co,GM,USD,Q2 2026,80.64,69500353230.6,91.66,53.87,-0.1202269255945887,0.4969370707258216,0.3746,35.6412,0.019184245150885015,,1.1029319680126033,Motor Vehicles & Passenger Car Bodies,consumer_discretionary,0.031673,0.007313,0.135587,0.011276,0.05179420257752241,2.0065,7.114,0.4316575026177052,9.3848,1.121,0.9240468765317814,-1.2689795424889252,0.019184245150885015,0.4316575026177052,-1.1029319680126033,3.093920979841294,-0.9906885453559764,-0.6424513404204385,1.6435399338415733,-0.5399809546732363,0.5524651879187326,4
21,,GENUINE PARTS CO,GPC,USD,Q2 2026,128.13,16236943819.1,147.43,89.11,-0.13090958420945542,0.4378857591740546,0.6476,495.5424,0.060431589320982804,,0.4771510158286787,Wholesale – Automotive Vehicles & Automotive Parts & Supplies,consumer_discretionary,0.007075,0.001579,0.367559,0.001307,1.0044153817368524,1.4641,8.9619,0.03159239640886602,30.1052,3.5875,0.46453588797820355,-1.2920092311804496,0.060431589320982804,0.03159239640886602,-0.4771510158286787,0.9777527855907147,-1.014899923059382,-0.14299448983648091,0.08339628607971432,0.5981052872323569,-0.14879958462936815,39
22,,"HASBRO, INC.",HAS,USD,Q2 2026,89.45,12073400748.4,104.6,67.33,-0.14483747609942632,0.3285311154017527,2.4277,15.2039,0.1619086460032626,,0.7324495473568625,Toys,consumer_discretionary,1.5956,0.142317,0.723538,0.16042,0.2119237781106732,4.8449,2.6855,0.3038939606644351,10.8224,17.1205,0.15712389071424587,-0.6709430316984752,0.1619086460032626,0.3038939606644351,-0.7324495473568625,-0.4379598031087449,-0.3619658545232841,1.0857733776909535,1.1452973345734994,0.13380265018831555,0.011179366113854174,30
23,,"HOME DEPOT, INC.",HD,USD,Q2 2026,289.89,331002853756.7,399.63,284.85,-0.274604008708055,0.017693522906792936,1.9566,23.2658,0.057070919009651666,,0.6972527116213448,Retail – Lumber & Other Building Materials,consumer_discretionary,1.042959,0.135862,0.332062,0.084096,0.05144633737054902,3.1832,2.088,-0.17672393232908323,15.0718,19.9195,0.16765583756792818,-0.5178249518042073,0.057070919009651666,-0.17672393232908323,-0.6972527116213448,-0.3894574353515453,-0.20099104868907713,-0.1836882567521528,-0.7289799795872213,0.1978139218152451,-0.3158916780909552,44
24,,Hilton Worldwide Holdings Inc.,HLT,USD,Q2 2026,320.28,75228681011.1,357.84,253.04,-0.10496311200536557,0.2657287385393614,6.0255,47.4929,0.06503028371055142,,0.5759310902059147,Hotels & Motels,consumer_discretionary,-0.292818,0.096491,0.914297,0.126872,0.1663305513896676,-2.2365,4.4195,0.2489238539164047,27.8036,0.0,0.08750001511701788,-0.1674039212300475,0.06503028371055142,0.2489238539164047,-0.5759310902059147,-0.7585959462466667,0.16741062795061132,-0.08730970666255833,0.9309290691868091,0.4184573717264502,0.15919623660102006,18
25,,LENNAR CORP /NEW/,LEN,USD,Q2 2026,82.03,21981581061.7,131.68,75.7,-0.37705042527339006,0.08361955085865258,0.6715,13.6079,-0.05223872223486192,,0.9731379748058536,General Building Contractors – Residential,consumer_discretionary,0.073678,0.023961,0.081476,0.050073,0.5383362969688796,0.5524,5.4693,-0.2999216103036799,11.4328,1.0167,0.658432986720943,-0.7505965290044456,-0.05223872223486192,-0.2999216103036799,-0.9731379748058536,1.8706995997864475,-0.4457064962012504,-1.5072995159232567,-1.2094169677876971,-0.30392909429770015,-0.08490997945613347,37
26,,LOWES COMPANIES INC,LOW,USD,Q2 2026,187.66,116520530190.2,289.87,186.3,-0.3526063407734502,0.007300053676865259,1.2885,17.543,0.083350724149442,,0.6238686767754145,Retail – Lumber & Other Building Materials,consumer_discretionary,-0.705208,0.129606,0.330838,0.073448,-0.010374893606049061,-5.0499,2.8027,-0.17431551738873785,11.2306,0.0,0.2622894629523929,0.2950727294848501,0.083350724149442,-0.17431551738873785,-0.6238686767754145,0.04635514178746396,0.6536176722336422,0.13452929090259266,-0.7195878251302585,0.3312749358365335,0.1776978064539459,15
27,,lululemon athletica inc.,LULU,USD,Q2 2026,100.58,12890019948.6,225.98,95.35,-0.5549163642800248,0.05485055060304145,1.1619,8.7049,-0.04339742414420289,,1.2841173264922487,Apparel And Other Finished Products,consumer_discretionary,0.30898,0.177158,0.561071,0.127815,0.11060853481918757,0.0,0.0,-0.3314342189407592,4.5133,2.6904,0.3921991004260813,0.1836617906884554,-0.04339742414420289,-0.3314342189407592,-1.2841173264922487,0.6446229738882597,0.5364900655333721,-1.4002417892191026,-1.332307455927096,-0.8694965191863142,-0.010989469014499847,33
28,,LAS VEGAS SANDS CORP,LVS,USD,Q2 2026,38.78,30607218041.8,69.24,38.06,-0.4399191218948584,0.018917498686284784,2.231,17.7228,-0.006614173228346454,,0.6301578038993438,Hotels & Motels,consumer_discretionary,1.228688,0.093537,0.475764,0.142357,0.31542714514906334,17.0145,3.3646,-0.14816761689108127,9.4377,52.6802,0.1573986174192351,-2.589046693550134,-0.006614173228346454,-0.14816761689108127,-0.6301578038993438,-0.4366946148331838,-2.3784903874175276,-0.9548398602873575,-0.6176182201069381,0.31983711717433233,-1.2558611224862248,52
29,,"Live Nation Entertainment, Inc.",LYV,USD,Q2 2026,171.89,43131023072.2,189.25,125.34,-0.09173051519154563,0.37138981969044194,1.6417,320.2006,0.09422731948161744,,0.6297311218208499,Services – Amusement And Recreation,consumer_discretionary,0.176769,0.014204,0.257767,0.013876,0.008091353331530436,5.0581,5.564,0.11513056361503793,27.2093,523.8798,0.16272717619317698,-1.450198949524067,0.09422731948161744,0.11513056361503793,-0.6297311218208499,-0.412155209074673,-1.1812066009704143,0.266232074657158,0.40917211328805475,0.32061310915923846,-0.4900199429217395,48
30,,MARRIOTT INTERNATIONAL INC /MD/,MAR,USD,Q2 2026,358.57,97522178428.5,410.15,254.64,-0.12575886870657071,0.40814483191957285,3.6248,37.697,0.048487544483985845,,0.6191570001505821,Hotels & Motels,consumer_discretionary,-0.69088,0.093348,0.200751,0.096157,0.12248095885741897,-3.7381,3.4007,0.3676378401316507,22.8458,0.0,0.11829817661939834,0.02275099412248841,0.048487544483985845,0.3676378401316507,-0.6191570001505821,-0.6167623635115043,0.3673226866600181,-0.28762283228003604,1.3938808953266333,0.33984389966375766,0.3737079677704543,7
31,,MCDONALDS CORP,MCD,USD,Q2 2026,233.6,192056838746.3,335.18,233.23,-0.3030610418282714,0.0015864168417443203,6.933,21.4877,0.03741049247406103,,0.004696376268700019,Retail – Eating Places,consumer_discretionary,-4.645519,0.147094,0.785611,0.317197,0.3211555199841167,-38.9668,2.62,-0.12382956545815071,14.9985,0.0,0.09611641874145746,4.753191217140588,0.03741049247406103,-0.12382956545815071,-0.004696376268700019,-0.7189151556822024,3.6334565586294305,-0.42175291076015625,-0.5227065276031516,1.4573422507915208,1.5008805687487259,1
32,,MGM Resorts International,MGM,USD,Q2 2026,31.86,12232247545.4,51.59,29.19,-0.38243845706532276,0.09146968139773892,0.6887,28.7192,0.010470910605761441,,0.8554711230012542,Hotels & Motels,consumer_discretionary,0.18925,0.016521,0.44157,0.037926,0.14788070915638493,1.7975,3.0102,0.24622969837587005,7.9259,4.8661,0.4546257410582094,-0.5677931844062307,0.010470910605761441,0.24622969837587005,-0.8554711230012542,0.9321139690338899,-0.2535232287330246,-0.7479595790126033,0.9204226051452953,-0.08993244786765714,0.28900530950651276,10
33,,Norwegian Cruise Line Holdings Ltd.,NCLH,USD,Q2 2026,14.31,9691815055.4,26.09,13.63,-0.451513990034496,0.0498899486426998,0.9545,12.7395,0.048876721600859874,,1.9444844067338707,Water Transport,consumer_discretionary,0.367305,0.033362,0.424573,0.074921,-0.07216170429946622,5.8436,5.3099,-0.3340000000000001,8.6558,3.7669,0.37679117627837105,-1.475071529185638,0.048876721600859874,-0.3340000000000001,-1.9444844067338707,0.5736654563685059,-1.2073554312351484,-0.28291035488242067,-1.3423132948743015,-2.070483359721316,-0.9374667512970558,51
34,,"NIKE, Inc.",NKE,USD,Q4 2026,36.39,70300975086.2,74.51,35.22,-0.5116091799758422,0.03321976149914829,1.5152,22.6194,-0.011264305668198582,,0.6933588707398565,Rubber And Plastics Footwear,consumer_discretionary,0.221383,0.082892,0.429135,0.066986,0.027348526296392082,0.5343,1.7276,-0.43254428247692456,15.0568,4.7293,0.24551291893948732,-0.2048793533862297,-0.011264305668198582,-0.43254428247692456,-0.6933588707398565,-0.030905227896636352,0.12801227330130996,-1.0111474977834598,-1.72660883563403,0.20489551597359362,-0.31089816865361103,43
35,,NVR INC,NVR,USD,Q2 2026,6267.89,18391356112.8,8200.0,5501.01,-0.23562317073170724,0.13940712705485003,1.9299,16.1141,-0.10483936133944172,,0.5553918549377602,Operative Builders,consumer_discretionary,0.315442,0.200057,0.21992,0.119767,0.09415614904278614,0.2678,0.5972,-0.19492859844005517,11.9383,5.4233,0.21209315346723714,0.01204887843468375,-0.10483936133944172,-0.19492859844005517,-0.5553918549377602,-0.18481198206219757,0.3560714288330574,-2.1442314220730463,-0.7999731598268203,0.45581137075178074,-0.009941466410447249,31
36,,O REILLY AUTOMOTIVE INC,ORLY,USD,Q2 2026,86.51,76316371625.1,108.72,82.59,-0.20428623988226635,0.04746337328974448,4.1091,28.7946,0.08109398818755476,,0.017839905027579237,Retail – Automotive And Home Supply Stores,consumer_discretionary,-1.727986,0.159614,0.516357,0.142704,0.120798729636762,-4.9763,2.1805,-0.16016446739338308,20.3343,0.0,0.11357135057964873,0.28675538994810884,0.08109398818755476,-0.16016446739338308,-0.017839905027579237,-0.6385306327678275,0.6448735571173304,0.10720287125541252,-0.664402630478745,1.4334385682036006,0.15634069668664197,20
37,,PACCAR INC,PCAR,USD,Q2 2026,111.65,63217501827.5,138.87,90.03,-0.19601065744941315,0.24014217483061207,2.2727,25.2446,0.004819918780374133,,0.9470892993575959,Motor Vehicles & Passenger Car Bodies,consumer_discretionary,0.127557,0.056865,0.199886,0.090028,0.10800555300944067,0.7232,3.3052,0.3566976088928344,15.5361,3.1109,0.21635857854908622,-0.4922940638557942,0.004819918780374133,0.3566976088928344,-0.9470892993575959,-0.16516858480290605,-0.17415013131923657,-0.8163864471315392,1.351217008855677,-0.2565552663726646,0.15766011738399233,19
38,,PULTEGROUP INC/MI/,PHM,USD,Q2 2026,119.13,26136632495.1,143.57,108.02,-0.170230549557707,0.1028513238289206,1.593,13.7096,-0.09555436212959167,,0.9300917692014891,Operative Builders,consumer_discretionary,0.149007,0.106354,0.265635,0.116197,0.08905586882416654,0.1399,0.7002,-0.009229069885860697,10.1468,2.0084,0.3242875001011583,-0.016264447310833367,-0.09555436212959167,-0.009229069885860697,-0.9300917692014891,0.33187230587784095,0.32630530247128153,-2.0318009963975876,-0.07579618120534078,-0.22564244432282538,0.17685900165636684,16
39,,ROYAL CARIBBEAN CRUISES LTD,RCL,USD,Q2 2026,242.59,85159951364.3,350.59,222.22,-0.30805214067714415,0.09166591665916668,4.5584,19.3677,0.0647862494490965,,1.5740612259093472,Water Transport,consumer_discretionary,0.446698,0.106436,0.490686,0.236966,0.011850559961460219,2.183,3.2651,-0.11014808151555211,15.3483,8.3197,0.11408950339521803,-0.59363763429122,0.0647862494490965,-0.11014808151555211,-1.5740612259093472,-0.6361444036342857,-0.2806937973882796,-0.09026467470021479,-0.46935251113499543,-1.3968074922983136,-0.5256196123766661,49
40,,RALPH LAUREN CORP,RL,USD,Q4 2026,357.16,24470740821.4,419.38,301.26,-0.14836186751871805,0.18555400650600817,2.9288,24.8965,0.1657927296294115,,1.2403789385593371,Apparel And Other Finished Products,consumer_discretionary,0.375375,0.127562,0.702688,0.117639,0.10399012094398916,0.4554,0.8355,0.1743347052315305,16.0219,8.9913,0.13880906171211177,0.019479160134855573,0.1657927296294115,0.1743347052315305,-1.2403789385593371,-0.5223043771948883,0.3638829698006854,1.1328050645632297,0.6400519476716805,-0.7899510210757454,0.10011955545339785,22
41,,ROLLINS INC,ROL,USD,Q2 2026,30.59,20096293293.6,65.4,29.74,-0.532262996941896,0.02858103564223269,5.1214,37.7952,0.07908640787092303,,0.11294651923961241,Services – Services To Dwellings & Other Buildings,consumer_discretionary,0.370087,0.162729,0.649117,0.135503,0.10176849490280246,0.4918,0.8151,-0.3539921630657512,23.9881,14.0573,0.08363556196801333,0.016043499271828878,0.07908640787092303,-0.3539921630657512,-0.11294651923961241,-0.7763927629622727,0.3602710198551283,0.08289343358339546,-1.4202772205653589,1.2604714480456751,-0.18797604884323052,40
42,,"ROSS STORES, INC.",ROST,USD,Q2 2026,237.09,80538504751.3,256.5,146.28,-0.075672514619883,0.6207957342083674,3.2857,30.2883,0.13306452779739097,,0.6416168160124267,Retail – Apparel & Accessory Stores,consumer_discretionary,0.426277,0.174492,0.296685,0.108481,0.10144902103468706,0.151,0.2605,0.5478119957038692,19.7614,11.9437,0.11792376228147215,0.0994120030049553,0.13306452779739097,0.5478119957038692,-0.6416168160124267,-0.6184866393898348,0.44791729069652997,0.7365050132220495,2.0965104422287246,0.2989970069309382,0.5607459750438708,3
43,,STARBUCKS CORP,SBUX,USD,Q3 2026,95.27,119212620000.0,109.88,76.05,-0.13296323261740084,0.25272846811308347,3.1095,60.1294,-0.014096869712351912,,0.5449996189111419,Retail – Eating Places,consumer_discretionary,-0.258326,0.063997,0.22074,0.0517,0.16569896545230225,-1.7319,2.854,0.31214523390095916,27.2691,0.0,0.12547846010639482,-0.1254700049353854,-0.014096869712351912,0.31214523390095916,-0.5449996189111419,-0.5836952815061021,0.21149623846807847,-1.0454465186061337,1.1774750259695355,0.4747113721072931,0.2786950905451638,11
44,,SHERWIN WILLIAMS CO,SHW,USD,Q2 2026,332.79,84921577022.7,375.09,289.19,-0.1127729344957209,0.15076593243196523,3.4789,31.5905,0.07519201837041734,,0.8115126103736885,"Retail – Retail-Building Materials, Hardware, Garden Supply",consumer_discretionary,0.651243,0.10277,0.489818,0.110126,0.09246410065423202,3.1318,2.4975,0.02465360320637222,20.0058,22.0307,0.10361974401440215,-0.5975541284779669,0.07519201837041734,0.02465360320637222,-0.8115126103736885,-0.6843603818264066,-0.2848112529604611,0.03573695468747937,0.05633690506898251,-0.00998661656443497,-0.2672531757690142,42
45,,TJX COMPANIES INC /DE/,TJX,USD,Q4 2026,130.25,173267479303.3,169.47,122.78,-0.23142739127869238,0.060840527773252884,2.7784,28.559,0.0851987767584097,,0.12687992120767524,Retail – Apparel & Accessory Stores,consumer_discretionary,0.621714,0.173343,0.319981,0.097285,0.09184659626648116,0.2696,0.3109,-0.03960502307609748,18.4248,16.2677,0.12767019695886248,0.1033813708952116,0.0851987767584097,-0.03960502307609748,-0.12687992120767524,-0.5736017604959551,0.4520903330038772,0.15690703556372934,-0.1942540263884717,1.2351312502856577,0.16753122317025698,17
46,,"TKO Group Holdings, Inc.",TKO,USD,Q2 2026,181.58,38475633037.3,224.23,173.25,-0.19020648441332555,0.04808080808080817,7.257,167.6089,0.18238179453120584,,0.4454015759528952,Services – Amusement And Recreation,consumer_discretionary,0.070628,0.041851,1.0,0.124742,0.3188213398573294,0.5534,2.9834,-0.04743959728409597,29.8992,11.3299,0.06636800042012923,-0.2829653800203816,0.18238179453120584,-0.04743959728409597,-0.4454015759528952,-0.8559143967210615,0.045919531644170924,1.3336791396507028,-0.22480670642437353,0.6558468988693597,-0.1468796867605363,38
47,,"TAPESTRY, INC.",TPR,USD,Q4 2026,113.45,29498528244.0,164.18,91.82,-0.3089901327810939,0.23556959268133326,3.6854,19.3091,0.08902042711234914,,1.089728671539259,Leather Tanning And Finishing,consumer_discretionary,1.971353,0.230211,0.778216,0.190862,0.20706304966142774,3.4374,1.1153,0.15357714326519134,14.4048,42.6218,0.10400337395979369,-0.16785642147693888,0.08902042711234914,0.15357714326519134,-1.089728671539259,-0.6825936656672238,0.16693490921489068,0.2031827289014693,0.5591031772285469,-0.5159685746037045,-0.010578879402388407,32
48,,TRACTOR SUPPLY CO /DE/,TSCO,USD,Q2 2026,32.07,16368072515.4,56.84,28.17,-0.43578465869106264,0.13844515441959526,1.0392,16.1754,0.02288090106400631,,0.39338930489599366,"Retail – Retail-Building Materials, Hardware, Garden Supply",consumer_discretionary,0.395134,0.089075,0.364612,0.064246,0.0001794790017602349,2.307,3.2812,-0.37016277752769833,12.0024,6.2199,0.31704797705205434,-0.6678505029997485,0.02288090106400631,-0.37016277752769833,-0.39338930489599366,0.29853241020683347,-0.35871464338506964,-0.5976891828268203,-1.4833381600016597,0.7504398229485287,-0.3393366944646003,45
49,,"Tesla, Inc.",TSLA,USD,Q2 2026,357.45,1579657460142.6,498.83,297.38,-0.28342321031213036,0.20199744434729983,15.2449,415.2622,0.25515647226173543,,2.2349030624011648,Motor Vehicles & Passenger Car Bodies,consumer_discretionary,0.046669,0.02789,0.188518,0.03729,-0.020747680821084937,0.1067,0.9084,-0.16197831786296324,150.3439,18.1867,0.03241011953838768,-0.10506866868872643,0.25515647226173543,-0.16197831786296324,-2.2349030624011648,-1.0122993129823459,0.23294439888997023,2.214894938458498,-0.6714761473743378,-2.5986577556567823,-0.559381231201141,50
50,,"Ulta Beauty, Inc.",ULTA,USD,Q2 2026,549.13,22046208360.1,714.97,443.6,-0.23195378827083657,0.2378944995491432,1.7017,18.2196,0.08865330760356316,,0.5703972840153024,Retail – Misc. Retail Stores,consumer_discretionary,0.461173,0.178016,0.393182,0.093399,0.08522023385867195,0.1284,0.1755,0.0011492548379921086,11.4612,8.339,0.2124257369019639,0.12958431912266738,0.08865330760356316,0.0011492548379921086,-0.5703972840153024,-0.18328034842549443,0.4796377951070535,0.19873734320851347,-0.0353235752693546,0.42852151424937057,0.2122072052542096,13
51,,WILLIAMS SONOMA INC,WSM,USD,Q2 2026,231.03,26923940071.3,254.89,164.96,-0.09360900780728931,0.40052133850630445,3.3633,22.8346,0.06696411071669672,,1.2098891772184002,Retail – Home Furniture And Equipment Stores,consumer_discretionary,0.549611,0.219677,0.471945,0.14729,0.13356045095186153,0.7137,0.864,0.20211398602139097,15.5072,12.5759,0.12128089173311256,-0.007945221292591216,0.06696411071669672,0.20211398602139097,-1.2098891772184002,-0.603026180888275,0.3350514008673831,-0.06389333488161493,0.7483834861914883,-0.7345003433585582,0.099602207857489,23
52,,WYNN RESORTS LTD,WYNN,USD,Q2 2026,80.515,10076653518.6,133.75,77.06,-0.398018691588785,0.04483519335582664,1.3592,22.4482,0.06855576341770653,,0.8527490093232919,Hotels & Motels,consumer_discretionary,-0.552225,0.045177,0.40438,0.07876,0.1371233014564793,-11.8287,5.5402,-0.24915338253954755,8.6748,0.0,0.25564167942911603,0.9145307573509257,0.06855576341770653,-0.24915338253954755,-0.8527490093232919,0.015740361282424245,1.3048610513763246,-0.04462029170114967,-1.0114348723109874,-0.08498183357525958,0.3492303722081014,9
53,,YUM BRANDS INC,YUM,USD,Q2 2026,138.28,44778042979.2,169.29,134.26,-0.18317679721188485,0.0299419037688069,5.1339,20.1976,0.12209001551991716,,0.04065782021978936,Retail – Eating Places,consumer_discretionary,-0.299858,0.284249,0.669686,0.254185,0.20068638064664068,-1.7272,4.1752,0.016598348433831456,19.1765,0.0,0.10586451751916948,-0.19129308847905133,0.12209001551991716,0.016598348433831456,-0.04065782021978936,-0.6740226131714332,0.14229567051315686,0.6036165703638132,0.024923631655623255,1.3919404125652832,0.07365834795403231,24
1,,Archer-Daniels-Midland Co,ADM,USD,Q2 2026,80.38,36821478662.8,88.75,54.0,-0.09430985915492962,0.48851851851851835,0.4485,20.8031,0.07157705754511956,,-0.03337573667880914,Fats And Oils,consumer_staples,0.076419,0.033718,0.068698,0.021669,0.03780915183010755,0.3356,2.6847,0.33307941344505787,9.9268,1.562,0.7546666064274966,-0.3974266925956989,0.07157705754511956,0.33307941344505787,0.03337573667880914,1.261971980109137,0.167726334420759,-0.07386524431307298,0.9239827577719997,0.17359915401058024,0.5796015519395433,4
2,,BROWN FORMAN CORP,BF.B,USD,Q4 2026,26.03,13265725949.5,30.85,22.23,-0.15623987034035658,0.170940170940171,2.6155,18.3991,0.03389830508474567,,0.06207560868125245,Beverages,consumer_staples,0.181224,0.090148,0.468257,0.142153,0.17922909915387641,0.615,2.2665,0.0467257171381803,14.3043,3.3423,0.2014476928193386,-0.26006984297801766,0.03389830508474567,0.0467257171381803,-0.06207560868125245,-0.5018052930610238,0.32043242112079534,-0.3174796421039359,-0.4309570762205115,-0.09822519393723168,-0.0757800275574579,20
3,,Bunge Global SA,BG,USD,Q2 2026,109.06,20504873997.8,134.02,77.14,-0.18624085957319803,0.4137931034482758,0.2233,20.3623,0.8827629414989429,,-0.05723742809387867,Fats And Oils,consumer_staples,0.071579,0.026971,0.049238,0.011446,-0.1463044141190821,0.8739,5.1996,0.44138906652713983,12.056,1.2853,1.3470913581864696,-0.8657957734455832,0.8827629414989429,0.44138906652713983,0.05723742809387867,3.0347779250397124,-0.3529816584238294,3.7480098814095566,1.436471561861161,0.24155198050418253,0.8635693689567346,2
4,,COCA-COLA EUROPACIFIC PARTNERS plc,CCEP,USD,,102.87,,113.67,83.47,-0.09501187648456055,0.2324188331136936,,,,,0.12498007984813028,Bottled-Canned Soft Drinks,consumer_staples,,,,,,,,0.23234645332941373,,,0.23038785343776438,-0.39107654842165934,0.052561460368061974,0.23234645332941373,-0.12498007984813028,-0.4095380253934045,0.17478608913628785,-0.19681181107624837,0.44734459309332353,-0.27736323325388856,0.05526602874345565,16
5,,CHURCH & DWIGHT CO INC /DE/,CHD,USD,Q2 2026,95.62,22955096161.8,105.37,80.29,-0.09253108095283291,0.19093286835222312,3.6851,30.8205,0.015733917546305598,,-0.044024051846921146,Soap & Other Detergents,consumer_staples,0.170406,0.083246,0.456486,0.119568,0.0262935747539773,0.5223,1.7615,0.20799397714051082,19.3616,5.2797,0.1362155796740871,-0.2039714893208604,0.015733917546305598,0.20799397714051082,0.044024051846921146,-0.7097788742534267,0.38279960616575887,-0.43492265819293047,0.33211597732809306,0.20392320357107951,0.1088662038203831,14
6,,COLGATE PALMOLIVE CO,CL,USD,Q2 2026,86.52,72943177007.4,98.15,73.21,-0.1184921039225676,0.18180576423985806,3.4659,35.7915,0.049119373776908004,,-0.12821976590239478,"Perfumes, Cosmetics And Other Toilet Preparations",consumer_staples,2.672435,0.126211,0.604248,0.102727,0.18259709475909913,13.8816,2.0869,0.16981927989752488,21.1846,309.0813,0.09172610933521845,-1.7543259864629859,0.049119373776908004,0.16981927989752488,0.12821976590239478,-0.8516205841965794,-1.3408025943458435,-0.21906684335020327,0.151484755827484,0.4436939997478887,-0.7021986704859641,33
7,,CLOROX CO /DE/,CLX,USD,Q4 2026,81.42,11540733739.4,125.83,80.84,-0.3529365016291822,0.007174666006927177,1.7174,19.6605,-0.02012072434607648,,0.316334146463712,Soap & Other Detergents,consumer_staples,1.637602,0.090004,0.423214,0.089435,-0.2500453389285714,20.1111,4.4456,-0.11612887818391482,14.5857,128.2304,0.17737442602131637,-3.223784334132653,-0.02012072434607648,-0.11612887818391482,-0.316334146463712,-0.5785558882140079,-2.9744687308793876,-0.666743151767017,-1.2015361928740773,-0.8222973479982416,-1.8089284926324403,35
8,,COSTCO WHOLESALE CORP /NEW,COST,USD,Q3 2026,922.92,447552245826.6,1094.76,840.35,-0.1569659103365122,0.09825667876480026,1.5244,50.6395,0.11584526540621787,,-0.12264566404606435,Retail – Variety Stores,consumer_staples,0.29152,0.10917,0.128759,0.030104,0.0246968488308406,0.1692,0.4112,-0.0033887512140955423,31.416,13.3562,0.19561143534763903,0.0005499784044058011,0.11584526540621787,-0.0033887512140955423,0.12264566404606435,-0.5204124990616567,0.6101757659233782,0.21235370125058262,-0.668083714729437,0.4278201888887943,0.05461453611112441,17
9,,CVS HEALTH Corp,CVS,USD,Q2 2026,87.85,131182552178.2,110.0,68.48,-0.2013636363636364,0.2828563084112148,0.316,26.8267,0.07259768488095841,,0.15574324947100757,Retail – Drug & Proprietary Stores,consumer_staples,0.062051,0.019078,0.444908,0.011769,0.034325844859860365,0.9311,5.7543,0.2849393000316671,12.2654,1.6459,0.9727334354817183,-0.8733240221628771,0.07259768488095841,0.2849393000316671,-0.15574324947100757,1.9572145100681613,-0.3613511675129089,-0.06726631261938792,0.6961981748664647,-0.3649699452599136,0.3884945282841893,9
10,,DOLLAR GENERAL CORP,DG,USD,Q2 2026,124.37,28025533501.4,156.68,93.78,-0.20621649221342864,0.3261889528684154,0.6422,16.4527,0.05244750127636433,,0.5680268024792917,Retail – Variety Stores,consumer_staples,0.196916,0.053381,0.311612,0.039035,0.04729822216408736,0.4921,1.2967,0.24887280028649972,8.7967,3.0172,0.5157599284124506,-0.16293682540513035,0.05244750127636433,0.24887280028649972,-0.5680268024792917,0.5002876654076706,0.428419777005901,-0.19754862091425754,0.5255423118283372,-1.5390624375484023,0.2473640694385797,13
11,,"DOLLAR TREE, INC.",DLTR,USD,Q2 2026,116.02,24446529339.5,142.4,84.71,-0.18525280898876406,0.36961397709833554,1.2181,15.1606,0.07019079292840891,,0.784400429167116,Retail – Variety Stores,consumer_staples,0.458722,0.117638,0.387379,0.080349,0.09652882644615744,1.9443,2.2866,0.3506327767733701,10.317,7.137,0.2809883516422544,-0.4414690247934061,0.07019079292840891,0.3506327767733701,-0.784400429167116,-0.2482130841290484,0.1187623969267446,-0.08282822736655691,1.0070400100471204,-2.155246732967779,-0.018060365936072936,19
12,,DOMINOS PIZZA INC,DPZ,USD,Q2 2026,292.27,10706663334.3,434.73,280.27,-0.3276976514158214,0.042815856138723296,2.1295,17.9485,0.04303650894559996,,0.11217232309003769,Wholesale – Groceries & Related Products,consumer_staples,-0.149936,0.333755,0.40021,0.118645,0.1436861466263178,-1.2263,4.6623,-0.20247362777554512,14.433,0.0,0.2171417577876537,-0.36994855048195463,0.04303650894559996,-0.20247362777554512,-0.11217232309003769,-0.45176934086583853,0.19827508072395908,-0.25839599720902034,-1.6100936593453024,-0.24088957103037628,-0.39683502761742473,31
13,,ECOLAB INC.,ECL,USD,Q2 2026,280.23,78411302432.2,306.79,241.85,-0.08657387789693272,0.15869340500310125,4.6556,37.0494,0.09693928252012318,,0.47786237990076313,Soap & Other Detergents,consumer_staples,0.219563,0.079518,0.44114,0.12668,-0.010144358616594924,1.3066,3.3564,0.07862858154442876,22.0295,7.7979,0.10385485170564482,-0.5437490512309421,0.09693928252012318,0.07862858154442876,-0.47786237990076313,-0.8129516240094263,0.005052868582685585,0.09011585273677823,-0.2800022872305931,-1.2822940778878122,-0.38311004733745657,30
14,,ESTEE LAUDER COMPANIES INC,EL,USD,Q4 2026,95.57,28563708539.3,120.38,65.74,-0.20609735836517695,0.45375722543352603,1.898,156.9435,0.0633245382585752,,1.4304373455758062,"Perfumes, Cosmetics And Other Toilet Preparations",consumer_staples,0.047451,0.009179,0.755,0.012094,0.06123889556116685,1.9196,4.6924,0.27820243442979287,20.7911,7.5049,0.17864647299984301,-0.8181481577769762,0.0633245382585752,0.27820243442979287,-1.4304373455758062,-0.5745003371546687,-0.30000955729023077,-0.12722243861942173,0.6643213467411135,-3.2500002759107685,-0.4744884984332002,32
15,,GENERAL MILLS INC,GIS,USD,Q4 2026,33.6,22175583853.8,48.26,31.21,-0.30377123912142556,0.07657801986542778,1.212,0.0,0.011720293226811895,,-0.3388302876940558,Flour And Other Grain Mill Products,consumer_staples,-0.104954,-0.028163,0.336133,-0.048709,0.09114010616241329,1.8242,33.727,-0.1309710817948757,87.6182,2.9764,0.3042828037515369,-5.0436789848339405,0.011720293226811895,-0.1309710817948757,0.3388302876940558,-0.1739455126294877,-3.5444096581681417,-0.46087300441473095,-1.2717650502490025,1.0434662453984005,-1.7806215014479054,34
16,,HORMEL FOODS CORP /DE/,HRL,USD,Q3 2026,19.97,13928471612.3,26.43,19.42,-0.2444192205826713,0.028321318228630155,1.1467,40.642,-0.023589160915250096,,-0.122368581151566,Meat Products,consumer_staples,0.042935,0.025568,0.156784,0.028193,0.05699897893382112,0.3633,3.2774,-0.08254507514680143,17.6819,1.7758,0.37908856180485206,-0.4757458601523113,-0.023589160915250096,-0.08254507514680143,0.122368581151566,0.06455084516162704,0.08065522275458693,-0.6891685515188711,-1.0426277062758174,0.42703111800833277,-0.13405574591130004,24
17,,HERSHEY CO,HSY,USD,Q2 2026,164.41,36331276358.9,235.8,156.7,-0.3027565733672605,0.04920229738353554,2.9868,24.398,0.06600635326639437,,-0.15636584002939438,Sugar And Confectionery Products,consumer_staples,0.328094,0.107833,0.383774,0.12242,0.12659350535419855,1.2297,2.1163,0.00824691706763181,15.5219,7.9627,0.14145102329689183,-0.32532649923511453,0.06600635326639437,0.00824691706763181,0.15636584002939438,-0.6930871881058212,0.24788351922119942,-0.10988299117345177,-0.6130272211225237,0.5238478018551522,-0.12187188219074888,23
18,,Keurig Dr Pepper Inc.,KDP,USD,Q2 2026,31.46,44531111485.8,33.58,24.26,-0.06313281715306718,0.2967848309975267,2.2166,31.2061,0.7557050204179678,,0.05269138310951692,Beverages,consumer_staples,0.050997,0.021058,0.493927,0.074415,-0.9515826674415133,0.891,6.8354,0.2797336255311924,18.2032,1.7786,0.2750904411353854,-1.1482265239202163,0.7557050204179678,0.2797336255311924,-0.05269138310951692,-0.2670168528638519,-0.6669732415795331,3.7480098814095566,0.6715664839385664,-0.07150099233054051,-0.214477188499916,28
19,,Kraft Heinz Co,KHC,USD,Q2 2026,23.56,28102930020.6,27.65,20.34,-0.14792043399638333,0.15830875122910526,1.1286,0.0,-0.01416876574307302,,-0.0848708560333508,Canned & Preserved Fruits & Vegetables,consumer_staples,-0.087604,-0.043971,0.333695,-0.136546,0.21988353413654618,0.5259,-9.611,0.023939924574541527,0.0,0.7805,0.5701257515574696,1.3386510763052208,-0.01416876574307302,0.023939924574541527,0.0848708560333508,0.6736172478598907,2.09780585381637,-0.6282603805480985,-0.5387726148070235,0.3202458795045079,0.9979065067639693,1
20,,COCA COLA CO,KO,USD,Q2 2026,87.18,362010870650.5,91.94,63.66,-0.05177289536654328,0.3694627709707825,7.2216,25.2872,0.06741124850418823,,-0.24749533237643467,Beverages,consumer_staples,0.420544,0.135714,0.618883,0.287319,0.24592790401164996,1.1352,2.5758,0.377466493650364,21.9423,10.0141,0.08086310996104291,-0.28608744228405,0.06741124850418823,0.377466493650364,0.24749533237643467,-0.886254091734616,0.2915074291279508,-0.1007995506409038,1.1340091128023093,0.7833644670483704,0.27165602507728454,12
21,,KROGER CO,KR,USD,Q2 2026,59.69,34730974416.6,75.66,53.78,-0.211075865715041,0.10989215321680912,0.2326,32.0101,0.020064820271066486,,-0.6220524909958195,Retail – Grocery Stores,consumer_staples,0.144416,0.021187,0.231112,0.007313,0.019293088688507026,2.9075,2.8828,-0.11100214871077352,8.4902,5.9471,1.1540995791518929,-0.766711273044499,0.020064820271066486,-0.11100214871077352,0.6220524909958195,2.535447600910287,-0.2428247470576121,-0.4069209280323305,-1.17727804614557,1.8500205212594198,0.3994511825064895,7
22,,Kenvue Inc.,KVUE,USD,Q2 2026,17.88,36729765818.8,19.67,13.22,-0.09100152516522642,0.3524962178517397,2.3838,22.1531,0.03021620213597287,,0.14814213123189596,"Perfumes, Cosmetics And Other Toilet Preparations",consumer_staples,0.155805,0.061559,0.581906,0.107606,0.14982843037383176,0.8036,2.6785,0.24441529481209434,13.9292,3.4805,0.2059363405524433,-0.3464850813751669,0.03021620213597287,0.24441529481209434,-0.14814213123189596,-0.48749454795782154,0.224360525735822,-0.3412865155775898,0.5044507324095788,-0.34332363947735256,0.06533675915216111,15
23,,"Mondelez International, Inc.",MDLZ,USD,Q2 2026,60.18,74246302465.4,66.65,50.34,-0.09707426856714185,0.1954707985697257,1.8714,21.1167,0.041295636687444404,,-0.23302445045374678,Food And Kindred Products,consumer_staples,0.133399,0.049639,0.311456,0.088998,0.06504342653560177,0.8036,3.6411,0.03258694206729107,15.8571,2.7871,0.2508935754820953,-0.5423092247806283,0.041295636687444404,0.03258694206729107,0.23302445045374678,-0.34416150694459297,0.006653591541654243,-0.2696517187790858,-0.49785752065157574,0.7421545917131793,-0.10169656636806014,22
24,,MCCORMICK & CO INC,MKC,USD,Q2 2026,48.46,12729501828.9,71.13,44.42,-0.31871221706734143,0.09095002251238182,1.7235,5.4502,0.1669780054233203,,-0.3074049722479724,Misc. Food Preparations And Kindred Products,consumer_staples,0.247279,0.110053,0.386214,0.221032,-0.192403613853611,0.6514,3.5475,-0.12872476552727807,12.1916,1.8196,0.3488223018927662,-0.4895322305505158,0.1669780054233203,-0.12872476552727807,0.3074049722479724,-0.03194430361885918,0.06532826469485553,0.5429557210431339,-1.2611361551798375,0.9539738883450434,-0.15231933005254755,25
25,,Monster Beverage Corp,MNST,USD,Q2 2026,41.86,94006139533.2,50.17,32.75,-0.1656368347618099,0.27816793893129765,10.197,44.1827,0.2016865939601049,,0.21864097321218995,Bottled-Canned Soft Drinks,consumer_staples,0.257036,0.21158,0.555465,0.230793,0.2036935739469849,0.0,0.0,0.4460442793002013,31.0055,10.0389,0.06314155050685188,0.20836679627814073,0.2016865939601049,0.4460442793002013,-0.21864097321218995,-0.9427541191949479,0.8412155218313148,0.7673663329245158,1.458498632938924,-0.5440887693985855,0.428029149490514,6
26,,"ALTRIA GROUP, INC.",MO,USD,Q2 2026,69.13,91032155819.4,75.85,52.17,-0.08859591298615688,0.3250910484953038,3.8583,10.3599,0.001474926253687281,,-0.4991279574796195,Tobacco Products,consumer_staples,0.0,0.0,0.615029,0.372425,0.9707650170823209,0.0,0.0,0.09082482263463709,0.0,0.0,0.17456010950121775,0.27974557386890303,0.001474926253687281,0.09082482263463709,0.4991279574796195,-0.5875285162199498,0.9205706747025151,-0.5271150836324298,-0.22229333116951983,1.4999586018198754,0.39584417842788844,8
27,,PEPSICO INC,PEP,USD,Q2 2026,128.5,197183664805.1,166.41,126.72,-0.22781082867616131,0.014046717171717127,2.0348,18.8674,0.06402358532077801,,-0.23827163616085678,Beverages,consumer_staples,0.515075,0.096675,0.539565,0.108509,0.09083752791835217,2.3895,2.8426,0.028042970963515268,12.6962,8.9231,0.18382066618510076,-0.5544912102973782,0.06402358532077801,0.028042970963515268,0.23827163616085678,-0.5580039301760499,-0.006889696191555005,-0.12270270487120095,-0.5193582295036755,0.7570974175897126,-0.15835396517066203,26
28,,PROCTER & GAMBLE Co,PG,USD,Q4 2026,149.03,338936662783.9,164.77,134.62,-0.09552709837955942,0.10704204427276776,3.8944,21.1228,0.015031834937048183,,-0.03874449762830095,Soap & Other Detergents,consumer_staples,0.302904,0.128253,0.501769,0.185495,0.16515379191791527,0.6286,1.4234,-0.031561855146984286,15.1817,6.3561,0.1318297822883862,-0.10977502972601208,0.015031834937048183,-0.031561855146984286,0.03874449762830095,-0.7237617109991482,0.4875222520750441,-0.4394620184659002,-0.8013903954470248,0.18888819932343873,-0.10125855614097011,21
29,,Philip Morris International Inc.,PM,USD,Q2 2026,193.76,281958880829.9,207.76,138.43,-0.06738544474393526,0.39969659755833264,6.6273,25.9296,0.10374753451676533,,-0.16968893936396137,Tobacco Products,consumer_staples,-1.371408,0.167133,0.674815,0.268657,0.2880178883770126,-7.3776,2.7142,0.20352743224945513,17.9535,0.0,0.12978225579404687,0.6700878411967162,0.10374753451676533,0.20352743224945513,0.16968893936396137,-0.7302896524850523,1.3545325796469105,0.13413504397498935,0.310981626100018,0.5617890459057354,0.5712559235248122,5
30,,J M SMUCKER Co,SJM,USD,Q3 2026,120.63,12600786840.3,135.89,86.47,-0.11229671057472945,0.39505030646466976,0.0,0.0,0.07017383348581885,,-0.29023561151928207,Canned & Preserved Fruits & Vegetables,consumer_staples,0.0,0.0,0.0,0.0,0.1603185983465149,1.1716,0.0,0.27265197930009943,0.0,2.1911,0.2759926444259651,-0.14446877166478359,0.07017383348581885,0.27265197930009943,0.29023561151928207,-0.2641404406144491,0.4489515831990688,-0.08293787973357175,0.6380582572507297,0.9050793414200946,0.38319125638765905,10
31,,"CONSTELLATION BRANDS, INC.",STZ,USD,Q4 2026,112.92,23904591188.9,166.17,111.92,-0.32045495576818916,0.008934953538241697,2.4724,13.1027,-0.11371989449561115,,0.024066528735029423,Beverages,consumer_staples,0.2369,0.085862,0.492894,0.197023,0.22441497373789146,1.2321,3.2273,0.019757362457287098,10.6115,2.8956,0.23009359912491828,-0.46032943232315837,-0.11371989449561115,0.019757362457287098,-0.024066528735029423,-0.41047616951097504,0.09779439252468654,-1.271914607315711,-0.5585632446955331,0.010016270166859605,-0.17076499868304562,27
32,,SYSCO CORP,SYY,USD,Q4 2026,78.57,39342330618.4,90.56,67.23,-0.13239840989399299,0.1686746987951806,0.4653,22.3918,0.04669536831149168,,0.16736214430627083,Wholesale – Groceries & Related Products,consumer_staples,0.776918,0.063693,0.184961,0.02078,0.02469743346066964,5.0698,3.2428,0.04523344392059525,12.2534,14.7571,0.5857960711538421,-1.0345072237913329,0.04669536831149168,0.04523344392059525,-0.16736214430627083,0.7235774948571064,-0.5405461332606966,-0.23473940661567233,-0.43801806566043583,-0.39805799132732,-0.22101374066408502,29
33,,TARGET CORP,TGT,USD,Q2 2026,158.43,65126191035.0,170.75,81.2,-0.07215226939970709,0.9511083743842366,0.6047,14.8284,0.05267541945975962,,0.4511272393949343,Retail – Variety Stores,consumer_staples,0.264077,0.073762,0.293032,0.040778,0.041045516543544144,0.8607,1.6584,0.9812844856099259,8.1071,3.65,0.5296180040962748,-0.25805792620806517,0.05267541945975962,0.9812844856099259,-0.4511272393949343,0.544470100859098,0.32266916386468303,-0.19607500123823918,3.2489258756886694,-1.2061583030815328,0.8523678117191926,3
34,,"TYSON FOODS, INC.",TSN,USD,Q3 2026,50.95,20617176487.1,68.27,48.84,-0.25369854987549423,0.043202293202293296,0.3702,35.9184,-0.0011524056467876465,,-0.07304122442489082,Meat Products,consumer_staples,0.03263,0.016594,0.061353,0.010737,0.026065469240851798,0.4403,3.4794,0.056118341736608235,12.1639,1.1404,0.9220448085062539,-0.5389029329655927,-0.0011524056467876465,0.056118341736608235,0.07304122442489082,1.7956085959022403,0.010440526774081797,-0.5441022670431347,-0.3865139927950776,0.2865577016553362,0.3496121127739988,11
35,,Walmart Inc.,WMT,USD,Q4 2026,108.73,882829511059.9,134.83,98.06,-0.19357709708521842,0.10881093208239845,1.1998,39.9905,0.05595002049248432,,-0.0599928781652742,Retail – Variety Stores,consumer_staples,0.223142,0.079678,0.252306,0.030576,0.016596158047458995,0.5378,1.2144,0.004296860092239063,20.1289,8.9866,0.2548586969433062,-0.16427169170750583,0.05595002049248432,0.004296860092239063,0.0599928781652742,-0.33151987278022566,0.4269357431927283,-0.17490285761613983,-0.6317177063913568,0.24939889367376092,0.0034074120112788098,18
1,,APA Corp,APA,USD,Q2 2026,42.33,11432075469.7,47.44,21.13,-0.10771500843170323,1.003312825366777,1.3278,5.908,-0.08154670750382853,,-0.731808252979115,Crude Petroleum & Natural Gas,energy,0.459756,0.189343,0.925784,0.3964,0.3039988324576766,0.4712,0.7069,0.8018937316377335,2.9564,1.6283,0.46869353857335416,0.15674026177966807,-0.08154670750382853,0.8018937316377335,0.731808252979115,0.41649208933668114,1.0807095214220876,-1.2141594542357343,1.3446704267999616,1.3171731956212154,1.0180373681758723,1
2,,Baker Hughes Co,BKR,USD,Q2 2026,57.12,55059812683.5,69.92,43.24,-0.18306636155606415,0.32099907493061974,1.9859,17.7842,-0.024312590448625215,,0.7061216768466583,Oil & Gas Field Machinery & Equipment,energy,0.164629,0.068389,0.235708,0.112678,0.11410965500090171,0.8093,3.1994,0.25910474024249575,10.9767,2.7657,0.25311347297972914,-0.4733123349998712,-0.024312590448625215,0.25910474024249575,-0.7061216768466583,-0.5759691954077091,-0.7676321883990432,-1.0214396480738785,-0.5716541418156084,-2.032992913682906,-0.8220853713028572,18
3,,CONOCOPHILLIPS,COP,USD,Q2 2026,126.04,126653844967.7,141.62,82.95,-0.11001271006919922,0.5194695599758892,1.927,13.6451,0.3940302770636961,,-0.5208877924708734,Petroleum Refining,energy,0.141795,0.075201,0.5978,0.141223,0.1902374488297391,0.3564,0.8528,0.3800569412005388,4.8302,1.9381,0.3288069384556489,-0.008991935881465851,0.3940302770636961,0.3800569412005388,0.5208877924708734,-0.22750082572739133,0.5945124401574877,0.38721240221296704,-0.14463060596933736,0.8257594181507466,0.2732829239319156,9
4,,CHEVRON CORP,CVX,USD,Q2 2026,206.37,330127240056.3,217.78,142.51,-0.05239232252732118,0.44810890463827113,1.5336,16.0326,0.5629601534960511,,-0.5012365261025643,Petroleum Refining,energy,0.122311,0.072174,0.453603,0.097393,-0.1634713498176632,0.1896,0.6665,0.29194771935043695,5.7887,1.7386,0.36558980334085966,-0.03915576425966617,0.5629601534960511,0.29194771935043695,0.5012365261025643,-0.05816434630832622,0.5060229038802134,0.956036291111065,-0.45570151792525615,0.7799748460193398,0.1973705258970032,11
5,,DEVON ENERGY CORP/DE,DVN,USD,Q2 2026,46.73,25676248000.0,52.0,30.69,-0.10134615384615386,0.5226458129683935,1.305,7.8281,0.7313258636788049,,-0.5292056988729859,Crude Petroleum & Natural Gas,energy,0.115219,0.064253,0.476215,0.167005,-1.3439343644084163,0.2813,1.3397,0.34256349078896053,4.1537,0.615,0.6901984788897493,-0.3060346234869166,0.7313258636788049,0.34256349078896053,0.5292056988729859,1.4362295916808672,-0.2769011400814894,1.52296050869666,-0.2770017876345876,0.8451389216652867,0.2284433299368765,10
6,,EOG RESOURCES INC,EOG,USD,Q2 2026,140.63,68588866110.8,154.16,99.12,-0.08776595744680848,0.41878531073446323,2.5431,9.9751,0.5629791894852136,,-0.5947470519360784,Crude Petroleum & Natural Gas,energy,0.225066,0.136068,0.823069,0.25494,0.033092743268696,0.2487,0.57,0.27470794191566106,5.1498,2.1526,0.28805182107629906,0.09336224903838518,0.5629791894852136,0.27470794191566106,0.5947470519360784,-0.41512427802962526,0.894781830568878,0.9561003894553789,-0.5165668073461116,0.9978406738407304,0.301509536151641,8
7,,EQT Corp,EQT,USD,Q2 2026,49.87,33256665260.0,67.84,47.79,-0.2648879716981133,0.043523749738438866,3.4877,12.2645,-0.29236167069173746,,0.15687488277165587,Crude Petroleum & Natural Gas,energy,0.110782,0.073813,0.792943,0.313462,0.205719863249448,0.1959,0.8373,0.02754696379289978,5.6932,1.3166,0.32585957979178964,0.06621712332134969,-0.29236167069173746,0.02754696379289978,-0.15687488277165587,-0.24106951705365823,0.815148053424569,-1.924019602902061,-1.3891722991454398,-0.7533283368582447,-0.08369108395090719,14
8,,EXPAND ENERGY Corp,EXE,USD,Q2 2026,85.31,12285100477.0,124.43,84.48,-0.3143936349754882,0.009824810606060552,0.9036,4.4175,-0.19783197831978316,,0.04286630572083484,Crude Petroleum & Natural Gas,energy,0.148928,0.099681,0.522177,0.204561,0.20836532955498346,0.1899,0.5696,-0.03996018773676491,2.3502,0.6329,0.8346452247978262,0.06060176136499763,-0.19783197831978316,-0.03996018773676491,-0.04286630572083484,2.1012159512792095,0.7986746545802182,-1.6057174270706152,-1.627507296878199,-0.4877050522438638,0.40604565276433674,5
9,,"Diamondback Energy, Inc.",FANG,USD,Q2 2026,185.23,49449251346.7,216.9,133.81,-0.1460119870908253,0.38427621254016886,2.8914,33.7077,0.5122349102773247,,-0.36436741562595654,Crude Petroleum & Natural Gas,energy,0.034929,0.021328,0.861069,0.088645,0.12253623661560051,0.2868,1.7468,0.40853282045842665,9.3733,1.3047,0.3121664417165045,-0.12929896619777134,0.5122349102773247,0.40853282045842665,0.36436741562595654,-0.30410832061352555,0.24157602936422926,0.7852332885733121,-0.04409609274247279,0.4610898671213129,0.08122057309624814,12
10,,HALLIBURTON CO,HAL,USD,Q2 2026,32.43,28361753103.3,43.2,21.03,-0.24930555555555556,0.5420827389443652,1.2677,17.704,0.0370235934664247,,0.24635759783924835,Misc. Oil & Gas Field Services,energy,0.149174,0.062924,0.150762,0.072006,0.08328551867876459,0.6479,1.9886,0.46153177827608727,9.3076,2.576,0.33523810374317975,-0.30262121161731936,0.0370235934664247,0.46153177827608727,-0.24635759783924835,-0.19789380920621658,-0.2668874498536833,-0.8149072844590948,0.14301751233624355,-0.961809955586557,-0.23767914986013736,15
11,,"KINDER MORGAN, INC.",KMI,USD,Q2 2026,30.63,71127679451.3,34.48,24.74,-0.11165893271461713,0.23807599029911075,3.9606,20.5156,0.10761999010390899,,-0.12904799642217282,Natural Gas Transmission,energy,0.109914,0.04876,0.640737,0.198786,0.19224938947602874,0.9808,4.0913,0.17456912603715113,12.2811,2.2487,0.20683942652821397,-0.5545219443605675,0.10761999010390899,0.17456912603715113,0.12904799642217282,-0.7890000220990913,-1.005871200486121,-0.5771937566592532,-0.870108379084302,-0.08716991016363947,-0.82543016827499,19
12,,Marathon Petroleum Corp,MPC,USD,Q2 2026,389.44,74639439470.5,431.08,160.07,-0.09659459961028116,1.4329355906790782,0.4779,8.7257,0.5347643764112489,,-0.13928439402467285,Petroleum Refining,energy,0.420995,0.119344,0.139522,0.066022,0.06909857968381826,1.2759,1.8767,0.8815523609201876,5.6693,3.9125,0.6597679069600471,-0.3339454886165974,0.5347643764112489,0.8815523609201876,0.13928439402467285,1.2961370259341392,-0.3587813139591514,0.8610949349069515,1.6259063966080733,-0.06332060317173845,0.4828489984528979,4
13,,ONEOK INC /NEW/,OKE,USD,Q2 2026,88.62,54129650499.3,97.66,87.74,-0.09256604546385416,0.010029633006610528,1.375,14.8057,0.5277038164067454,,-0.4372061159554037,Natural Gas Transmission & Distribution,energy,0.162765,0.055022,0.272138,0.092999,0.0946078414469339,1.4307,4.2587,0.35977272042113917,10.8326,2.3599,0.32771874809917495,-0.715981165507581,0.5277038164067454,0.35977272042113917,0.4372061159554037,-0.23251050413276114,-1.4795329461985713,0.8373204831380943,-0.2162443476829778,0.6307933695159252,-0.6872053465455377,17
14,,OCCIDENTAL PETROLEUM CORP /DE/,OXY,USD,Q2 2026,56.1,48088697987.4,66.83,38.26,-0.16055663624120897,0.4662833246210143,2.0336,7.3139,0.5214110545180155,,-0.6179825340576776,Crude Petroleum & Natural Gas,energy,0.186132,0.08877,0.672432,0.309172,0.43069748704275385,0.3243,0.9648,0.2784105954515266,4.4956,1.4372,0.38667546278792825,0.05687192672039338,0.5214110545180155,0.2784105954515266,0.6179825340576776,0.03890724798262201,0.7877326967506718,0.8161313757696863,-0.50349453423016,1.0519759436633394,0.3637480175745501,7
15,,Phillips 66,PSX,USD,Q2 2026,253.55,67778065131.0,277.12,123.09,-0.08505340646651272,1.0598748882931188,0.435,9.5556,0.5503699487763232,,-0.24698220196558074,Petroleum Refining,energy,0.234534,0.091181,0.15136,0.046156,0.03785902410998903,0.6288,1.6692,0.7753183298785904,5.933,2.1513,0.7592213153870214,-0.24812999655571585,0.5503699487763232,0.7753183298785904,0.24698220196558074,1.7539885310250733,-0.10703034247565049,0.9136423146165249,1.2508455775137457,0.1875995138145537,0.6410162623321767,3
16,,SLB LIMITED/NV,SLB,USD,Q2 2026,51.49,69505230659.9,60.15,30.88,-0.1439733998337489,0.6674222797927463,1.9113,22.4138,0.04984788205008184,,0.7629290473071498,Misc. Oil & Gas Field Services,energy,0.129085,0.060402,0.165406,0.086622,-0.03224618356936615,0.4696,1.8473,0.6208147610656163,11.2184,2.6657,0.2580236827000673,-0.2725187405099095,0.04984788205008184,0.6208147610656163,-0.7629290473071498,-0.5533641691313124,-0.17857791315641613,-0.7717250963312984,0.7053684408201323,-2.1653457657432855,-0.2861832083323678,16
17,,Texas Pacific Land Corp,TPL,USD,Q2 2026,338.15,30185969107.6,544.86,268.08,-0.37938185956025405,0.2613772008355715,33.6319,55.7537,0.3120137781735388,,0.41379369954369094,Oil Royalty Traders,energy,0.365656,0.331736,0.93334,0.603221,-0.1633722205447996,0.0,0.0,0.20375661325622163,39.6818,18.0495,0.03206834283193195,0.2957972542078858,0.3120137781735388,0.20375661325622163,-0.41379369954369094,-1.59358987962491,1.4886513987528323,0.11104488917280245,-0.7670615234170881,-1.3519115466092766,-0.013178750853549331,13
18,,Targa Resources Corp.,TRGP,USD,Q2 2026,277.43,57286504451.2,307.94,141.11,-0.09907774241735401,0.9660548508255968,3.4218,25.2631,0.042252529283350215,,-0.17988929141855148,Natural Gas Transmission,energy,0.708395,0.088599,0.431921,0.13767,-0.0451534330735,5.1579,3.5689,0.7186637545442434,13.9552,15.667,0.11682839453212453,-1.0579097761533571,0.042252529283350215,0.7186637545442434,0.17988929141855148,-1.2033818630639315,-2.482625253203093,-0.7973003124480003,1.0508257606810283,0.03128285997282929,-1.1338144841783724,20
19,,VALERO ENERGY CORP/TX,VLO,USD,Q2 2026,389.57,77035468936.8,419.04,152.07,-0.07032741504390994,1.561780758861051,0.5526,10.6816,0.48803907792164347,,-0.28170607612894877,Petroleum Refining,energy,0.276374,0.122969,0.080325,0.054736,0.06494400883806682,0.4015,0.8306,1.0292309016403518,6.1317,3.0813,0.5977178508764079,-0.0903931415945619,0.48803907792164347,1.0292309016403518,0.28170607612894877,1.0104785249514259,0.3557113551079299,0.7037606222436458,2.1472876705942956,0.2685010542810991,0.8896532073115847,2
20,,"WILLIAMS COMPANIES, INC.",WMB,USD,Q2 2026,68.98,90917691020.1,78.91,54.53,-0.12583956406032182,0.26499174766183753,7.4498,29.6149,0.09780654440848613,,0.015908450154320745,Natural Gas Transmission,energy,0.215027,0.055571,0.823746,0.265814,0.010981824016715847,2.0037,4.3432,0.19883494007867997,17.45,6.9113,0.0924989368063508,-0.7108228822833264,0.09780654440848613,0.19883494007867997,-0.015908450154320745,-1.3153868613237045,-1.4644004476052888,-0.610237777420116,-0.7844375634222025,-0.4248971975458301,-1.1646830930509777,21
21,,ExxonMobil Holdings Corp,XOM,USD,Q2 2026,162.52,0.0,174.09,107.28,-0.06645987707507606,0.5149142431021627,0.0,0.0,0.4234166809805413,,-0.5662091823595551,Petroleum Refining,energy,0.0,0.0,0.31994,0.090226,,0.0,0.0,0.39262896550741844,0.0,0.0,0.30298312210414424,0.06947972131161306,0.4234166809805413,0.39262896550741844,0.5662091823595551,-0.34638537046785545,0.8247193114093885,0.4861628597029641,-0.10024488805973684,0.9313516179389637,0.3707742607245926,6
1,,ARCH CAPITAL GROUP LTD.,ACGL,USD,Q2 2026,94.9,33911753411.3,107.09,82.45,-0.11382948921467917,0.1510006064281384,1.776,7.2897,-0.08905052093571852,,-0.3071732349636692,"Fire, Marine & Casualty Insurance",financials,0.199358,0.057231,,0.245732,0.08107258824761705,0.3201,1.4432,0.10260131740538148,7.7532,1.4617,0.37833920829897527,-0.04542748739319756,-0.08905052093571852,0.10260131740538148,0.3071732349636692,0.8679580088270547,0.41169054186441445,-1.6231908516080533,-0.15958233803220384,1.2134813899496222,0.4752216554441091,10
2,,"AMERICAN INTERNATIONAL GROUP, INC.",AIG,USD,Q2 2026,72.78,39516269651.1,85.64,69.9,-0.15016347501167682,0.04120171673819728,1.4836,13.3276,-0.0008461429981666546,,0.06028264490225092,"Fire, Marine & Casualty Insurance",financials,0.072205,0.018007,1.142439,0.111353,2.714046870945337,0.2247,1.2131,0.011685608879627551,0.0,0.9732,0.46571361377146003,0.37432155299219094,-0.0008461429981666546,0.011685608879627551,-0.06028264490225092,1.5915407931183971,0.6346671650285601,-1.0092931606688376,-0.6034722900235594,0.7420775007915279,0.5840981296772717,7
3,,"ASSURANT, INC.",AIZ,USD,Q2 2026,263.53,13305026963.6,303.0,203.08,-0.13026402640264034,0.29766594445538685,0.9888,12.5106,0.09365501519756836,,0.1575394810580326,Misc. Insurance Carriers,financials,0.183419,0.029704,,0.079034,-0.24232695709041185,0.9527,3.6408,0.33641717268122595,10.9148,2.1819,0.4102984860839043,-0.5259651367272017,0.09365501519756836,0.33641717268122595,-0.1575394810580326,1.132625711897627,0.15642215041471613,-0.3515702203345513,0.98200815778197,0.6173080976518199,0.608029382074431,6
4,,Arthur J. Gallagher & Co.,AJG,USD,Q2 2026,229.46,48690419580.0,309.9,189.61,-0.25956760245240396,0.2101682400717262,3.2235,31.0526,0.2516318537859008,,-0.29841241700933735,"Insurance Agents, Brokers & Service",financials,0.067217,0.019428,,0.104138,0.011147297905578944,0.5731,3.914,-0.1338612485090419,17.5276,2.053,0.22164254204458744,-0.48903652887063165,0.2516318537859008,-0.1338612485090419,0.29841241700933735,-0.4297104496235936,0.17603914887277278,0.747940015993138,-1.31409522401794,1.202242261983062,-0.17569027664543493,47
5,,ALLSTATE CORP,ALL,USD,Q2 2026,227.55,21843860812.1,276.07,184.51,-0.17575252653312556,0.23326648962115892,0.6159,14.1843,0.06181484244963564,,-0.37393462994063054,"Fire, Marine & Casualty Insurance",financials,,,,0.046689,0.39939253729224916,,,0.24638028273704693,,,0.5613924790754108,-0.414482351815393,0.06181484244963564,0.24638028273704693,0.37393462994063054,2.383896167442184,0.21564338150495682,-0.5731760973455599,0.5424089795667865,1.2991286280595222,0.890479160899699,3
6,,AMERIPRISE FINANCIAL INC,AMP,USD,Q2 2026,496.16,40397537045.1,572.56,419.52,-0.13343579712169895,0.1826849733028224,2.0713,10.2324,0.12914285714285723,,0.8028794579360785,"Security And Commodity Brokers, Dealers, Exchanges & Services",financials,0.634319,0.020628,1.0,0.20243,0.2505255601702302,0.9947,1.2667,0.14472748124527035,7.1155,6.3458,0.21966004390215446,-0.02192820568996707,0.12914285714285723,0.14472748124527035,-0.8028794579360785,-0.44612831842621237,0.4241736924540107,-0.10457676336518228,0.046095879161376405,-0.2105893224153455,0.07622672987455839,33
7,,Aon plc,AON,USD,Q2 2026,272.1,68043675690.5,381.47,270.0,-0.28670668728864657,0.007777777777777883,4.0375,17.3847,0.03271620593456759,,-0.22954425159769867,"Insurance Agents, Brokers & Service",financials,0.446991,0.074108,,0.236041,0.27757669257698925,1.5414,3.1404,0.0033064682785699517,17.2179,7.0894,0.12608365379184266,-0.39788132963185874,0.03271620593456759,0.0033064682785699517,0.22954425159769867,-1.2210722454698706,0.22446207913475702,-0.7757010307306933,-0.6443828914965564,1.113892278235148,-0.1910188532398531,49
8,,"Apollo Global Management, Inc.",APO,USD,Q2 2026,119.0,68207786963.0,151.39,98.73,-0.21395072329744358,0.20530740403119618,1.9,38.3621,0.636777223363663,,1.2000068308814866,"Security And Commodity Brokers, Dealers, Exchanges & Services",financials,0.114118,0.009411,0.908521,0.119753,0.10493527878213878,0.3309,1.5197,-0.0035470260986446567,8.1865,3.4786,0.24050186988663386,-0.08483738874540878,0.636777223363663,-0.0035470260986446567,-1.2000068308814866,-0.2735287294045238,0.3907554452298158,3.0644445016446356,-0.677844625881138,-0.7200583453791689,-0.11775369722569215,43
9,,Ares Management Corp,ARES,USD,Q2 2026,118.34,40054639250.1,173.99,92.59,-0.3198459681590896,0.2781077870180364,6.6896,74.8539,0.05812930329568755,,1.7125060452661391,"Security And Commodity Brokers, Dealers, Exchanges & Services",financials,0.087696,0.026923,0.55811,0.127915,-2.750734989908302,1.6296,17.0786,-0.10145951426039157,72.6899,15.9495,0.05982502148657708,-2.9511844271297574,0.05812930329568755,-0.10145951426039157,-1.7125060452661391,-1.7697867733401447,-1.1318886157278512,-0.5988272501497515,-1.155895893084982,-1.3775362524942973,-1.3062728942506618,58
10,,AMERICAN EXPRESS CO,AXP,USD,Q2 2026,306.33,230166859107.3,384.36,289.26,-0.20301280049953174,0.059012652976560886,3.0305,20.1107,0.09974238351254483,,0.9620316347478893,Financial Services,financials,0.34374,0.037912,,0.150691,0.31919684002633314,1.7225,3.5493,-0.007189379754815817,14.6838,6.7143,0.14918536011465797,-0.5083351657105238,0.09974238351254483,-0.007189379754815817,-0.9620316347478893,-1.0297576735131244,0.16578744020828257,-0.30920246671685236,-0.6956281774344469,-0.4147633722208349,-0.3558205903647609,52
11,,BANK OF AMERICA CORP /DE/,BAC,USD,Q2 2026,55.47,402311401277.7,64.89,45.64,-0.14516874711049466,0.21538124452234886,3.374,12.5233,0.1499471632110192,,0.7255983644838844,National Commercial Banks,financials,0.111994,0.009693,,0.282102,0.29606581849593666,1.328,9.218,0.19878151111531306,4.047,1.4571,0.32740664524310314,-1.2834615973577232,0.1499471632110192,0.19878151111531306,-0.7255983644838844,0.4461648579864683,-0.24597067624930272,0.040220079552066565,0.3100111157363155,-0.11144651369216624,0.04633585875068783,34
12,,FRANKLIN RESOURCES INC,BEN,USD,Q3 2026,32.68,17288328379.7,36.28,20.32,-0.09922822491730987,0.6082677165354331,1.8542,21.2701,0.14263565891472862,,1.2400498449194186,"Security And Commodity Brokers, Dealers, Exchanges & Services",financials,0.078875,0.03306,0.575337,0.121964,0.1313001501485398,1.0927,8.0082,0.5673176901644288,6.9638,1.4728,0.35222726880522837,-1.1657662642644944,0.14263565891472862,0.5673176901644288,-1.2400498449194186,0.651714478699889,-0.18344925175429386,-0.010667594163661892,2.1093647090578607,-0.7714289549826431,0.44632582372396457,12
13,,"BlackRock, Inc.",BLK,USD,Q2 2026,1071.25,,1194.41,907.59,-0.10311367118493653,0.18032371445256112,,,0.3062880324543611,,1.2026986940338624,"Security And Commodity Brokers, Dealers, Exchanges & Services",financials,,,0.682146,0.279416,,,,0.03411770246355128,,,0.23589290709376143,-0.45275154353967767,0.3062880324543611,0.03411770246355128,-1.2026986940338624,-0.311697414070562,0.1953142459479877,1.1283440578864383,-0.49394907224857115,-0.7235116980907226,-0.1726164096596709,46
14,,Bank of New York Mellon Corp,BNY,USD,Q2 2026,148.44,98863772591.0,165.84,101.34,-0.1049204052098408,0.4647720544701006,4.6269,16.4116,0.13325377883850442,,,State Commercial Banks – Fed Reserve System,financials,0.141244,0.01256,,0.297094,0.07375859970983292,1.3522,6.2743,,0.0,2.4772,0.19174738995617469,-0.8914184857557382,0.13325377883850442,0.13385034154333975,-0.7224279358129095,-0.6772842931075289,-0.037711834062279875,-0.07596497112085068,-0.007011038206215048,-0.10737921612615313,-0.18075746833364006,48
15,,BERKSHIRE HATHAWAY INC,BRK.B,USD,Q2 2026,503.09,1078390877334.0,537.74,464.01,-0.06443634470190063,0.08422232279476738,2.8033,12.5733,0.10044857590660983,,0.012367784121554487,"Fire, Marine & Casualty Insurance",financials,0.121204,0.070936,0.318449,0.223772,0.11205923387793194,0.1714,1.9739,0.017657992565055736,7.4133,1.4419,0.3161695282469774,-0.1855542523031526,0.10044857590660983,0.017657992565055736,-0.012367784121554487,0.35310574806182604,0.33725322373296485,-0.3042874059204112,-0.5743125204921181,0.8035467899174243,0.19001623777652218,25
16,,"BROWN & BROWN, INC.",BRO,USD,Q2 2026,60.24,21743504000.2,95.63,53.69,-0.3700721530900345,0.12199664742037641,3.2023,18.0294,0.30350194552529186,,-0.31943460639233084,"Insurance Agents, Brokers & Service",financials,0.10031,0.043766,,0.17894,-0.06111929307805596,0.6794,4.1765,-0.22201250185261068,13.0685,1.728,0.25574102361788814,-0.5331556132968651,0.30350194552529186,-0.22201250185261068,0.31943460639233084,-0.14732713492755486,0.15260246762765745,1.1089530438290356,-1.7444879058675264,1.2292113278675896,-0.21600098702354925,50
17,,Blackstone Inc.,BX,USD,Q2 2026,114.56,81744702437.6,170.32,99.78,-0.3273837482386096,0.1481258769292444,5.074,23.2293,0.3588668875777903,,1.375766564311769,"Security And Commodity Brokers, Dealers, Exchanges & Services",financials,0.313737,0.143299,1.0,0.42368,0.4724664961875748,0.5882,1.6284,-0.14882269806138515,8.7946,9.0681,0.1160287678529351,0.01951178516965354,0.3588668875777903,-0.14882269806138515,-1.375766564311769,-1.3043408219375843,0.4461872013290936,1.4942900404696768,-1.3871435149151004,-0.9455379918789264,-0.5048619844742135,53
18,,CITIGROUP INC,C,USD,Q2 2026,131.31,237505002137.7,147.21,91.72,-0.108008966782148,0.4316397732228523,2.5997,13.3138,0.14297581687280791,,1.3425508025098793,National Commercial Banks,financials,0.085277,0.006624,,0.200022,-0.4003502626970228,2.4192,17.6476,0.32687165106915783,11.8707,1.234,0.3385959016372549,-2.7590447518138603,0.14297581687280791,0.32687165106915783,-1.3425508025098793,0.5388276149122326,-1.029821304416172,-0.008300113207474893,0.935402777932644,-0.9029259664557027,-0.23041671093673752,51
19,,Chubb Ltd,CB,USD,Q2 2026,331.37,140898142113.8,364.81,262.07,-0.09166415394314853,0.2644331667111841,2.2798,12.5971,0.06605554057697494,,-0.34194058892087953,"Fire, Marine & Casualty Insurance",financials,0.148224,0.042399,,0.186224,0.0267952493446814,0.271,1.5321,0.22691284142033186,11.5746,1.8694,0.2848363465449916,-0.07679196437933122,0.06605554057697494,0.22691284142033186,0.34194058892087953,0.0936229998356404,0.39502928837052537,-0.5436610681688108,0.44736048100041037,1.2580839307421259,0.4355742273218144,14
20,,"Cboe Global Markets, Inc.",CBOE,USD,Q2 2026,253.26,25396333763.3,369.38,226.52,-0.3143646109697331,0.11804697156983912,5.0177,18.8484,0.22948444823178527,,-0.3376655964558239,"Security And Commodity Brokers, Dealers, Exchanges & Services",financials,0.26297,0.137667,0.441843,0.267342,0.21935519473257856,0.2566,0.7639,0.29622968432688923,12.9147,4.5143,0.13782470734502947,0.044096742104654085,0.22948444823178527,0.29622968432688923,0.3376655964558239,-1.123839833133697,0.4592470779472015,0.5937952734318114,0.7857953958123877,1.2525996040934841,0.2681665601377413,20
21,,CITIZENS FINANCIAL GROUP INC/RI,CFG,USD,Q2 2026,64.8,29440195038.2,75.33,46.55,-0.13978494623655913,0.39205155746509135,3.3738,14.8388,0.1207658321060383,,0.9959574139797341,State Commercial Banks – Fed Reserve System,financials,0.082696,0.009404,,0.24364,-0.27469630987852395,0.6244,5.1836,0.3668215653203599,10.7905,1.223,0.31853204433370264,-0.6978631871255034,0.1207658321060383,0.3668215653203599,-0.9959574139797341,0.3726706991332706,0.06510747636299746,-0.1628804036979114,1.1304556000090566,-0.4582862688429984,0.31204402609929405,18
22,,CINCINNATI FINANCIAL CORP,CINF,USD,Q2 2026,161.92,28638703413.9,193.71,146.7,-0.16411130039750155,0.10374914792092715,2.0602,8.608,0.31725417439703163,,-0.010344767163393222,"Fire, Marine & Casualty Insurance",financials,0.214839,0.081074,,0.239335,0.0694194662254514,0.0525,0.2032,0.1358734013939673,6.4389,1.7179,0.33474321548960256,0.1729830666036359,0.31725417439703163,0.1358734013939673,0.010344767163393222,0.506921962969378,0.5277133152551776,1.2046678115881357,0.0028664181160477234,0.8326843968930804,0.44034604667607136,13
23,,CME GROUP INC.,CME,USD,Q2 2026,263.24,80019814598.0,318.35,217.29,-0.17311135542641753,0.2114685443416633,11.8152,18.8913,0.008392434988179653,,-0.3016141076809788,"Security And Commodity Brokers, Dealers, Exchanges & Services",financials,0.158019,0.022889,0.861914,0.632992,0.7043627527242123,0.1291,-8.008,0.08085105231604617,0.0,3.0173,0.1388103337506334,1.4655823932463161,0.008392434988179653,0.08085105231604617,0.3016141076809788,-1.115677462300026,1.2143603477163059,-0.9449931584921284,-0.2657765731414137,1.2063496651223007,0.3667647761227383,16
24,,CAPITAL ONE FINANCIAL CORP,COF,USD,Q2 2026,196.46,124844378125.5,256.63,173.62,-0.23446206600942987,0.13155166455477474,2.0129,12.2253,0.26881203970541145,,1.3271440006745174,National Commercial Banks,financials,0.093616,0.015786,,0.169614,0.23471937829514858,0.3926,2.2876,-0.010888579682198918,5.8188,1.0971,0.41548598260695324,-0.18636437452926446,0.26881203970541145,-0.010888579682198918,-1.3271440006745174,1.1755854683314657,0.33682287535584216,0.8675131790549662,-0.7136892771585652,-0.8831608008871784,0.15421367587577683,28
25,,"Coinbase Global, Inc.",COIN,USD,Q2 2026,191.79,38515329381.5,402.16,139.11,-0.5231002586035409,0.37869312055208093,6.1302,0.0,-0.1851045412527852,,2.920497980845263,Financial Services,financials,-0.078473,-0.039561,1.0,-0.157216,-0.3933708660625268,0.4957,76.3753,-0.378134272392318,413.4082,2.9447,0.1443893841336358,-10.934231552294646,-0.1851045412527852,-0.378134272392318,-2.920497980845263,-1.0694750900148626,-3.500657845018892,-2.2917216281622994,-2.5067421560232637,-2.9272518175613165,-2.6758130766347934,61
26,,"EVEREST GROUP, LTD.",EG,USD,Q2 2026,369.8,14136163382.5,398.9,295.27,-0.07295061418901971,0.2524130456869984,0.0,0.0,-0.11801380538855488,,-0.006770576502545456,"Fire, Marine & Casualty Insurance",financials,0.0,0.0,,0.0,-0.022181146025878003,0.2329,-24.2838,0.11451585528830077,0.0,0.9161,0.3924935821310253,3.5558046934248746,-0.11801380538855488,0.11451585528830077,0.006770576502545456,0.9851761022940319,2.324715977661975,-1.8247737419743388,-0.10141039245087366,0.8280991188490033,1.321610494353691,1
27,,ERIE INDEMNITY CO,ERIE,USD,Q2 2026,221.92,11011451618.1,325.07,203.47,-0.31731627034177257,0.09067675824445853,2.673,16.265,0.028015360858487437,,-0.4059416160674321,"Insurance Agents, Brokers & Service",financials,0.248084,0.17262,1.0,0.140067,0.13001012492144012,0.0,0.0,-0.1534278276339378,12.4552,4.4633,0.18498260395944416,0.24154016070306286,0.028015360858487437,-0.1534278276339378,0.4059416160674321,-0.7333062214992571,0.5641318126559138,-0.8084186577368238,-1.4096277563957167,1.34018993246948,-0.07657230807742357,40
28,,FIFTH THIRD BANCORP,FITB,USD,Q2 2026,51.57,51088781960.8,59.5,39.08,-0.13327731092436979,0.3196008188331627,4.7551,23.2433,0.4583518930957684,,0.8244408769549363,State Commercial Banks – Fed Reserve System,financials,0.084343,0.009193,,0.218261,-1.433078927773641,0.6458,6.0546,0.2524489544277555,19.349,1.5817,0.23430926784671283,-0.9942525611105202,0.4583518930957684,0.2524489544277555,-0.8244408769549363,-0.3248121710694331,-0.09233874839128939,2.1867002881084234,0.57203886893488,-0.23825015828213209,-0.012572417346266226,36
29,,GLOBE LIFE INC.,GL,USD,Q2 2026,166.69,13848199352.1,191.55,127.06,-0.12978334638475597,0.31189988981583494,2.2365,11.424,0.07995952168620946,,0.29269985364747325,Life Insurance,financials,0.209454,0.039503,0.521094,0.19577,0.21465781927138394,0.4781,1.3971,0.23893518391259083,0.0,2.2496,0.26635843412616167,-0.09924588296123085,0.07995952168620946,0.23893518391259083,-0.29269985364747325,-0.05940006502651788,0.383101449446587,-0.44689011305970366,0.5060587754783197,0.44391279010641277,0.3188484454218183,17
30,,GOLDMAN SACHS GROUP INC,GS,USD,Q2 2026,916.28,298361655376.8,1148.37,725.74,-0.20210385154610444,0.26254581530575694,4.5068,14.8838,0.394637591716382,,1.5964669512716503,"Security And Commodity Brokers, Dealers, Exchanges & Services",financials,0.169933,0.01072,,0.316798,-2.3309970847242574,8.9253,38.6313,0.3289160027199365,38.7335,2.7194,0.1706549224177188,-6.932604583532037,0.394637591716382,0.3289160027199365,-1.5964669512716503,-0.8519595461924487,-3.2468752778942576,1.7432522029770585,0.9453841900651858,-1.2286713595897572,-1.5588136870468123,59
31,,HUNTINGTON BANCSHARES INC /MD/,HBAN,USD,Q2 2026,15.3,35941025307.5,18.9,14.49,-0.19047619047619035,0.05590062111801242,3.6984,16.0022,0.4638802889576883,,0.8329953687326447,National Commercial Banks,financials,0.090016,0.009818,,0.248405,-1.346676270837621,0.6689,5.934,0.0009653030511971306,12.1315,1.2084,0.3107122972216351,-0.962774752976803,0.4638802889576883,0.0009653030511971306,-0.8329953687326447,0.30791221113891354,-0.07561729178993333,2.225177623741734,-0.6558134763452459,-0.24922459334969482,-0.13861069899134365,44
32,,"HARTFORD INSURANCE GROUP, INC.",HIG,USD,Q2 2026,126.04,41486326229.4,145.43,118.21,-0.133328749226432,0.06623805092631763,1.4144,9.5503,0.0814472900536034,,-0.09751371439919715,"Fire, Marine & Casualty Insurance",financials,0.234987,0.050868,1.0,0.148819,0.1459882850619408,0.2228,0.5252,0.06146849749174499,0.0,2.1497,0.3407878898268035,0.11895175500884866,0.0814472900536034,0.06146849749174499,0.09751371439919715,0.5569803555088689,0.49901111883449273,-0.4365353258399334,-0.3604106190059044,0.9445121917177774,0.3704106822290753,15
33,,"Robinhood Markets, Inc.",HOOD,USD,Q2 2026,116.46,90302647116.0,153.86,63.52,-0.24307812296893294,0.8334382871536523,18.3095,43.5824,0.3225480283114257,,3.154727706730424,"Security And Commodity Brokers, Dealers, Exchanges & Services",financials,0.235281,0.045105,0.968775,0.420114,-1.125889320437956,2.3798,9.0607,-0.10509580105992666,35.7736,9.5256,0.05262383409676166,-1.5567306172054225,0.3225480283114257,-0.10509580105992666,-3.154727706730424,-1.8294227181405616,-0.39113504209292965,1.2415127479757258,-1.1736498236108077,-3.0334325422532844,-1.1782353104586378,57
34,,"Interactive Brokers Group, Inc.",IBKR,USD,Q2 2026,87.08,38774993858.6,98.66,58.7,-0.11737279545915258,0.4834752981260646,5.6499,34.4361,0.2810810810810811,,2.0013562776501383,"Security And Commodity Brokers, Dealers, Exchanges & Services",financials,0.240188,0.022837,,0.713391,-8.818446743406673,10.0234,40.8838,0.49099958266998467,31.9401,6.5676,0.09740120112999809,-8.269616677629525,0.2810810810810811,0.49099958266998467,-2.0013562776501383,-1.4586032346094517,-3.500657845018892,0.9529050422104873,1.7367465815515066,-1.7480980815218297,-1.6882714186348098,60
35,,"Intercontinental Exchange, Inc.",ICE,USD,Q2 2026,152.91,69620243259.5,174.25,121.39,-0.12246771879483498,0.25965895049015564,6.5941,17.2413,0.04836806920959491,,0.24719163979168723,"Security And Commodity Brokers, Dealers, Exchanges & Services",financials,0.140944,0.025752,1.0,0.388331,2.9405754651070275,0.6693,2.6189,-0.02650692325119608,0.0,2.3559,0.18009131563692043,0.17248606644386108,0.04836806920959491,-0.02650692325119608,-0.24719163979168723,-0.7738129580434959,0.5274493017454936,-0.6667649104596741,-0.789944809777142,0.5022946263368838,-0.05726930025804638,39
36,,Invesco Ltd.,IVZ,USD,Q2 2026,30.43,11698598039.3,33.66,20.03,-0.09595959595959591,0.5192211682476284,31.2296,0.0,0.12491463338920972,,1.7297013649715753,"Security And Commodity Brokers, Dealers, Exchanges & Services",financials,-0.005734,-0.002912,,-0.217565,0.11261730508174467,0.7893,-22.9131,0.5370559218874735,0.0,1.1744,0.26054655561940077,3.2674457578688205,0.12491463338920972,0.5370559218874735,-1.7297013649715753,-0.10753058115585952,2.1715356353067845,-0.134004971576982,1.9616136208746122,-1.3995958820406178,1.2216347487360029,2
37,,JPMORGAN CHASE & CO,JPM,USD,Q2 2026,336.59,873150949692.3,366.5,276.43,-0.08160982264665761,0.21763195022247928,4.3787,13.4193,0.2768747773423583,,0.7903907464382816,National Commercial Banks,financials,0.177895,0.013602,,0.326301,-0.002331902431196341,1.4227,5.7208,0.15168776782869386,6.9789,2.3309,0.21880142800757246,-0.823731414633028,0.2768747773423583,0.15168776782869386,-0.7903907464382816,-0.45323886385743817,-0.0017555051640502964,0.92362939611479,0.08007901945100787,-0.19456773317643317,-0.105323271405055,42
38,,KEYCORP /NEW/,KEY,USD,Q2 2026,20.4,24991402108.4,23.84,15.82,-0.1442953020134229,0.2895069532237673,3.2106,12.311,0.06826870562534126,,0.8282690521129884,National Commercial Banks,financials,0.103355,0.010774,,0.260791,0.2421634121274409,0.7398,5.7327,0.2072475479885756,15.8229,1.4448,0.28700832281628563,-0.7133575125532227,0.06826870562534126,0.2072475479885756,-0.8282690521129884,0.11161001364476512,0.056876671692408745,-0.5282575593563413,0.35134598252850485,-0.24316126940258184,0.10113971219039924,31
39,,KKR & Co. Inc.,KKR,USD,Q2 2026,93.24,82406778525.0,144.02,82.35,-0.3525899180669352,0.13224043715847,3.1277,27.5584,0.08048030887243329,,1.496252639479008,"Security And Commodity Brokers, Dealers, Exchanges & Services",financials,0.072803,0.01386,,0.209198,-0.23671122002463307,0.6647,8.3053,-0.188320487185903,25.8783,2.8911,0.18513546454529775,-1.1498480314320907,0.08048030887243329,-0.188320487185903,-1.496252639479008,-0.7320403211738444,-0.17499326147864924,-0.4432654624633365,-1.5799888658731298,-1.1001078532836637,-0.7137932525880233,55
40,,LOEWS CORP,L,USD,Q2 2026,104.95,23295094112.3,120.94,97.16,-0.13221432115098397,0.08017702758336775,1.2762,13.8086,0.0411420863309353,,0.0023326716240837527,"Fire, Marine & Casualty Insurance",financials,0.093126,0.020815,,0.098011,0.01955842875143812,0.4548,2.1588,0.11160034212430858,7.7759,1.2187,0.45128596011773825,-0.21716793874979454,0.0411420863309353,0.11160034212430858,-0.0023326716240837527,1.4720595589389127,0.32045958665122126,-0.7170573597428164,-0.11564519322821189,0.8164206921153503,0.5345653077935153,9
41,,METLIFE INC,MET,USD,Q2 2026,95.82,54106277027.7,100.93,66.41,-0.05062914891508985,0.4428549917181148,0.6756,15.724,0.1025713799171255,,0.6594349717293941,Life Insurance,financials,0.13094,0.005006,,0.04569,0.007557906347137271,1.4489,8.3206,0.23312381972434415,15.5757,1.9717,0.5287854869438918,-1.2454845848075518,0.1025713799171255,0.23312381972434415,-0.6594349717293941,2.1138644799439454,-0.22579675039940722,-0.2895128050350138,0.4776851730244118,-0.026566444074714778,0.47259398447381895,11
42,,"MARSH & MCLENNAN COMPANIES, INC.",MRSH,USD,Q2 2026,169.03,80300689481.7,204.56,155.72,-0.17368987094251076,0.08547392756229133,2.9685,20.1761,0.06139700430075634,,-0.2853681135145427,"Insurance Agents, Brokers & Service",financials,0.259034,0.068811,,0.150383,0.13399191361502347,1.3323,3.3974,-0.02055847755609752,14.4099,5.2889,0.1612265082738431,-0.46508086948356814,0.06139700430075634,-0.02055847755609752,0.2853681135145427,-0.9300400563920385,0.18876473373865738,-0.57608422822048,-0.7609019159050393,1.185507911722975,-0.16014634421295013,45
43,,MORGAN STANLEY,MS,USD,Q2 2026,193.64,327910573401.1,230.98,148.47,-0.16165901809680494,0.30423654610358986,4.2017,16.7755,0.27131967603620777,,1.3930872751450527,"Security And Commodity Brokers, Dealers, Exchanges & Services",financials,0.179701,0.01345,,0.261013,-1.9959765254606494,7.0196,26.9856,0.3823888575057295,32.8331,3.0767,0.16327257012679477,-4.955014075065807,0.27131967603620777,0.3823888575057295,-1.3930872751450527,-0.91309579079864,-2.196351247691816,0.8849661920367147,1.206461877613346,-0.9677584839085328,-1.0184923667829318,56
44,,M&T BANK CORP,MTB,USD,Q2 2026,220.44,34855388730.6,254.31,169.89,-0.13318390940191105,0.2975454705986227,3.4992,11.4921,0.056761268781302165,,0.6191728146114864,State Commercial Banks – Fed Reserve System,financials,0.107418,0.014079,,0.304488,-0.011946591707659873,0.6506,4.174,0.22714893727118657,8.7313,1.3662,0.3048209102260375,-0.5069496559582372,0.056761268781302165,0.22714893727118657,-0.6191728146114864,0.2591232530617709,0.16652344257208124,-0.6083486962405672,0.4485132034242979,0.02508530104962887,0.2340502204788991,21
45,,"NASDAQ, INC.",NDAQ,USD,Q2 2026,92.62,44575925698.4,100.76,76.29,-0.08078602620087338,0.21405164503866825,5.1037,22.6619,0.2051404093288911,,0.6760697741791201,"Security And Commodity Brokers, Dealers, Exchanges & Services",financials,0.165134,0.068117,0.476643,0.225097,0.23525150690206834,0.7305,2.6325,0.15671809178015939,15.8047,3.7202,0.14303456962041067,-0.3132510704425617,0.2051404093288911,0.15671809178015939,-0.6760697741791201,-1.0806948568605035,0.26941886901618245,0.4243620817913471,0.10463924444979864,-0.047906994055949906,-0.10248252697918109,41
46,,NORTHERN TRUST CORP,NTRS,USD,Q2 2026,174.55,36230980594.3,194.86,118.61,-0.10422867699887095,0.47162971081696337,4.0025,16.4724,0.35041793883577754,,0.9222493283264297,State Commercial Banks – Fed Reserve System,financials,0.170648,0.012764,,0.2476,0.19865003700798708,1.0601,3.8072,0.4410193710660537,11.6877,2.8946,0.1853955913687626,-0.48224628042743045,0.35041793883577754,0.4410193710660537,-0.9222493283264297,-0.7298861057583149,0.17964622482206016,1.4354858150461085,1.4927214940375915,-0.36372722068721947,0.2089476061288416,23
47,,PROGRESSIVE CORP/OH/,PGR,USD,Q2 2026,209.47,127591619923.8,239.38,187.79,-0.12494778176957133,0.11544810692795138,1.4058,10.9099,0.0723045361294734,,-0.4915898982872308,"Fire, Marine & Casualty Insurance",financials,0.349433,0.097294,,0.128859,0.09336917957645607,0.2443,0.5609,-0.04296437004498255,8.9485,3.7149,0.29598385768888474,0.10366702565377943,0.0723045361294734,-0.04296437004498255,0.4915898982872308,0.1859400474630154,0.49089165456021566,-0.500168397736009,-0.8702972085611735,1.4500668879092882,0.22721324266153717,22
48,,"PNC FINANCIAL SERVICES GROUP, INC.",PNC,USD,Q2 2026,223.67,98091196570.2,258.96,172.82,-0.13627587272165587,0.29423677815067695,3.9196,13.4224,0.2144497438615085,,0.5904457712204305,National Commercial Banks,financials,0.126228,0.013074,,0.306961,-0.9599216814512906,1.3381,8.7732,0.24061805206000364,15.8758,1.5325,0.2612869746569161,-1.394720668778756,0.2144497438615085,0.24061805206000364,-0.5904457712204305,-0.10139887169459899,-0.3050730675711816,0.4891545456960378,0.5142752682415174,0.061938813867272194,-0.03695562925817972,38
49,,PRUDENTIAL FINANCIAL INC,PRU,USD,Q2 2026,116.09,37451710000.0,126.26,89.62,-0.08054807539996833,0.2953581789779067,0.5783,9.5589,0.14097333527611822,,0.664821202032581,Life Insurance,financials,0.120113,0.005272,,0.062781,-0.03518875936076585,1.0034,7.3107,0.2351037478939515,12.6403,1.186,0.689025802201485,-1.0427441084801095,0.14097333527611822,0.2351037478939515,-0.664821202032581,3.0663977650099814,-0.11809814375416586,-0.022237276612520722,0.4873520417581508,-0.033476361841576874,0.7335145196308916,5
50,,REGIONS FINANCIAL CORP,RF,USD,Q2 2026,27.26,25772062047.6,32.14,21.82,-0.1518357187305538,0.24931255728689283,3.3835,11.987,0.0010498687664042272,,0.7578764112834206,National Commercial Banks,financials,0.11867,0.013928,,0.293029,-0.04227386110017067,0.4034,2.5963,0.1771277032656271,8.4799,1.4751,0.2937054280543106,-0.2506332658714529,0.0010498687664042272,0.1771277032656271,-0.7578764112834206,0.16707145030482087,0.30268233187103233,-0.9960970215260875,0.2042878267394053,-0.1528555579596862,0.20006581373476617,24
51,,RAYMOND JAMES FINANCIAL INC,RJF,USD,Q3 2026,161.16,29522830820.7,182.73,138.33,-0.11804301428336883,0.1650401214487094,1.9361,12.8249,0.1559741024131842,,0.7490559381012196,"Security And Commodity Brokers, Dealers, Exchanges & Services",financials,0.184156,0.025758,,0.151223,-0.030887271296478457,0.905,3.682,0.0385424197784805,8.8866,2.3248,0.2842872672721214,-0.4849766101852112,0.1559741024131842,0.0385424197784805,-0.7490559381012196,0.08907585233962424,0.1781958350630852,0.08216724981905336,-0.472345681719608,-0.14153989915509327,-0.021699579740302215,37
52,,SCHWAB CHARLES CORP,SCHW,USD,Q2 2026,98.3,160470033230.9,114.53,83.72,-0.14170959573910769,0.17415193502150017,6.166,16.5059,0.2086822765339258,,0.4657710361416014,"Security And Commodity Brokers, Dealers, Exchanges & Services",financials,0.202735,0.020684,,0.387935,-1.148472622478386,4.0861,13.5989,0.1545789393261019,19.777,3.6525,0.1367782392815169,-2.4800292317826265,0.2086822765339258,0.1545789393261019,-0.4657710361416014,-1.132506058339737,-0.8816043164515742,0.44901328561621334,0.09419497364631269,0.22188224712342347,-0.5979063542299692,54
53,,STATE STREET CORP,STT,USD,Q2 2026,179.73,46707204489.1,195.93,102.75,-0.08268259072117601,0.7491970802919707,3.1024,13.5422,0.17401392111368907,,1.0735757934489718,State Commercial Banks – Fed Reserve System,financials,0.124372,0.008693,,0.229558,0.6745931584191298,1.0779,5.887,0.7362501593754993,0.0,1.8903,0.25285973656254523,-0.7236814059401243,0.17401392111368907,0.7362501593754993,-1.0735757934489718,-0.17118823817138945,0.05139247360298741,0.2077234104559184,2.9341663507526112,-0.5578617769701196,0.5748515936226971,8
54,,Synchrony Financial,SYF,USD,Q2 2026,71.52,25625149102.8,87.67,62.56,-0.1842135280027376,0.1432225063938617,1.6933,7.46,0.006397441023590522,,1.2311886106829126,Financial Services,financials,0.207864,0.029022,,0.232472,0.2490118577075099,0.9725,1.5809,0.09399037540307797,2.6535,1.688,0.4234722188228442,-0.13901659175607,0.006397441023590522,0.09399037540307797,-1.2311886106829126,1.2417227199196612,0.3619746867986585,-0.9588782083834845,-0.2016246945620448,-0.7600610044048649,0.3075593103894447,19
55,,TRUIST FINANCIAL CORP,TFC,USD,Q2 2026,47.09,62069705480.5,54.51,39.11,-0.1361218125114657,0.2040398874968039,2.977,11.2181,0.055744936835772974,,0.7192575071419347,National Commercial Banks,financials,0.090588,0.01062,,0.280096,-0.10637889688249401,1.09,9.1983,0.14680206378772986,11.6144,0.9684,0.38594536144678526,-1.3073515566974991,0.055744936835772974,0.14680206378772986,-0.7192575071419347,0.9309476388299951,-0.2586613603214357,-0.6154223115097534,0.056224891629156885,-0.10331191856014,0.09293196678582459,32
56,,PRICE T ROWE GROUP INC,TROW,USD,Q2 2026,103.81,24359970436.1,120.5,83.17,-0.13850622406639002,0.248166406156066,3.2086,10.9651,0.10682991934079955,,0.8989436545402508,"Security And Commodity Brokers, Dealers, Exchanges & Services",financials,0.193999,0.156677,0.610248,0.306454,0.2756791565858799,0.0,0.0,0.13182728169271218,5.5077,2.214,0.2590240053926813,0.22043673665512567,0.10682991934079955,0.13182728169271218,-0.8989436545402508,-0.12013943527412917,0.5529213755168803,-0.2598736014025362,-0.01688849452847782,-0.33382870534365394,0.17820010412429482,26
57,,"TRAVELERS COMPANIES, INC.",TRV,USD,Q2 2026,363.16,70198266053.2,397.34,248.46,-0.08602204660995605,0.4616437253481447,1.4467,8.4546,0.001913955230090636,,-0.1011352347565079,"Fire, Marine & Casualty Insurance",financials,0.265106,0.058792,,0.171115,0.07602580219689632,0.367,0.6657,0.3627634287576087,4.4756,2.1194,0.3761931248845032,0.05717897174241372,0.001913955230090636,0.3627634287576087,0.1011352347565079,0.8501854242358587,0.4661965432405761,-0.9900830265608435,1.1106420158306556,0.9491581883520521,0.7483999157163762,4
58,,US BANCORP \DE\,USB,USD,Q2 2026,58.78,93758904598.0,66.08,43.76,-0.11047215496368035,0.34323583180987205,3.1694,11.4788,0.10193548387096785,,0.7303628834829907,National Commercial Banks,financials,0.126234,0.011601,,0.276916,-0.49903660886319845,1.4141,8.6807,0.3234190020911718,11.188,1.3904,0.30280830609086834,-1.3310245155518854,0.10193548387096785,0.3234190020911718,-0.7303628834829907,0.24245606435900383,-0.2712367706685526,-0.29393860705914854,0.9185454469616483,-0.11755884692511356,0.12438856589355336,30
59,,WELLS FARGO & COMPANY/MN,WFC,USD,Q2 2026,80.81,252894059784.2,96.18,72.36,-0.15980453316697862,0.11677722498618026,2.9137,11.6999,0.08644702718278752,,0.7498447603336691,National Commercial Banks,financials,0.123906,0.010616,,0.260726,2.0798539103184477,1.137,5.8998,0.0296835331826637,1.9626,1.5342,0.3975026816904196,-0.5285405842402218,0.08644702718278752,0.0296835331826637,-0.7498447603336691,1.026658481331454,0.15505403629332953,-0.40173742634018006,-0.5155986113780734,-0.14255186790727853,0.1666426685747557,27
60,,BERKLEY W R CORP,WRB,USD,Q2 2026,67.66,26256677908.0,77.34,62.22,-0.1251616239979313,0.08743169398907091,1.7627,13.6185,0.012343603914996448,,-0.32702598650169806,"Fire, Marine & Casualty Insurance",financials,0.20207,0.043801,,0.129873,0.09388516539427563,0.1859,0.7787,-0.05922250728235989,10.8493,2.6702,0.2768541661098337,0.05242045219918223,0.012343603914996448,-0.05922250728235989,0.32702598650169806,0.027519335807776987,0.46366875040027283,-0.9174932368623774,-0.9496764915782989,1.2389502007601363,0.13881232120224266,29
61,,WILLIS TOWERS WATSON PLC,WTW,USD,Q2 2026,292.11,24685867487.1,351.51,239.74,-0.16898523512844577,0.2184449820639025,2.4437,15.7737,0.0906678460858028,,-0.10909238462609874,"Insurance Agents, Brokers & Service",financials,0.197618,0.05339,0.422194,0.156009,0.1759849534745595,0.8404,2.4052,0.017126227527405113,6.5653,3.211,0.23408940647204438,-0.32005772093220575,0.0906678460858028,0.017126227527405113,0.10909238462609874,-0.32663293202088606,0.2658030800679911,-0.372360755487536,-0.5769088282244232,0.959366302035,0.023943900201816193,35
1,,"AGILENT TECHNOLOGIES, INC.",A,USD,Q3 2026,175.21,39080108091.3,176.02,108.14,-0.004601749801159016,0.62021453671167,5.3012,27.139,0.08055235903337166,,0.8640442874229123,Lab Analytical Instruments,health_care,0.209714,0.109953,0.538253,0.195334,0.014988902685838294,0.5363,1.9995,0.3040885810996883,20.8309,5.3076,0.11547463935608338,-0.20965101390202312,0.08055235903337166,0.3040885810996883,-0.8640442874229123,-0.586972449738236,0.09921504420265931,-0.19145117830692465,0.08020087122235249,-1.158809032634378,-0.19727689031727866,41
2,,AbbVie Inc.,ABBV,USD,Q2 2026,266.28,441453504444.3,269.39,189.4,-0.01154460076469066,0.4059134107708551,6.8564,69.9609,0.10160150424690406,,-0.0998909558451417,Pharmaceutical Preparations,health_care,-2.09625,0.046391,0.633569,0.098096,0.27514739343335504,-12.0282,3.686,0.21789376795998172,26.3083,0.0,0.12476219562011051,1.042736199061908,0.10160150424690406,0.21789376795998172,0.0998909558451417,-0.5603262425221076,1.744304871312972,-0.028954815496313114,-0.14976666952819154,1.4931140877449771,0.783349749877363,6
3,,ABBOTT LABORATORIES,ABT,USD,Q2 2026,100.98,156932771140.6,132.39,81.39,-0.23725356900067973,0.24069295982307404,3.3687,28.9277,0.1302279662538144,,0.033329789274983354,Pharmaceutical Preparations,health_care,0.10576,0.056155,0.566126,0.116454,-0.3517693508575722,0.63,2.8578,-0.14358053788882896,16.0805,3.0705,0.17982158434838647,-0.4278677644082246,0.1302279662538144,-0.14358053788882896,-0.033329789274983354,-0.4023596214282987,-0.18742646143299438,0.19203733924774422,-1.114179191959515,1.1266048470407437,-0.2951309583852068,47
4,,AFLAC INC,AFL,USD,Q2 2026,113.55,59678479994.0,129.57,103.27,-0.12363973141930995,0.09954488234724512,3.2576,12.2745,0.0532105397799949,,-0.16168479435830843,Accident And Health Insurance,health_care,0.169078,0.040399,,0.265393,0.10665938864628821,0.288,1.3103,0.08711464219772846,9.3497,1.9688,0.2508307712567347,-0.05803080162195887,0.0532105397799949,0.08711464219772846,0.16168479435830843,-0.19863267164525594,0.29837778414786775,-0.40252607641929655,-0.4986850421952952,1.6631177370507892,0.16244371621790646,17
5,,ALIGN TECHNOLOGY INC,ALGN,USD,Q2 2026,145.0,12079113299.8,200.44,123.02,-0.2765914987028537,0.1786701349374087,2.918,29.2064,0.04320513922182756,,1.375234811930441,"Surgical, Medical, And Dental Instruments And Supplies",health_care,0.101551,0.065457,0.680465,0.099909,0.06760196389350294,0.0,0.0,0.2719410634208841,13.6036,2.8539,0.20021180132699817,0.1449977091276433,0.04320513922182756,0.2719410634208841,-1.375234811930441,-0.3438596316195349,0.5650685760931753,-0.47976632454681717,-0.00556862362934673,-2.5651669600240967,-0.11152768512768432,36
6,,"ALNYLAM PHARMACEUTICALS, INC.",ALNY,USD,Q2 2026,255.36,40191289850.2,495.55,197.81,-0.4846937745938855,0.29093574642333553,8.3659,51.8791,0.6685619157051477,,0.3667857631003324,Pharmaceutical Preparations,health_care,0.965547,0.153033,0.796542,0.161258,0.06804914959508196,0.7466,0.9743,-0.4738200097869122,36.4971,29.6808,0.04997492549489337,0.0605041642278689,0.6685619157051477,-0.4738200097869122,-0.3667857631003324,-0.7748925977864813,0.4540809600170357,4.106312741995232,-1.9952572573886747,0.2092199783041335,-0.39052843244200397,50
7,,AMGEN INC,AMGN,USD,Q2 2026,418.13,195439160180.9,447.03,263.36,-0.06464890499519038,0.5876746658566221,5.1303,22.3538,0.09532628826669565,,0.5215853753837285,"Biological Products, Except Diagnostic Substances",health_care,0.914731,0.095273,0.695157,0.229505,0.2706928681926762,4.9028,3.2518,0.6561402710902162,13.5486,16.7214,0.09331686682166201,-0.8498915902581891,0.09532628826669565,0.6561402710902162,-0.5215853753837285,-0.6505435960780829,-0.7417814528584343,-0.07739857709758391,1.0194738786708637,-0.21665579883657268,-0.2717690050094165,44
8,,BAXTER INTERNATIONAL INC,BAX,USD,Q2 2026,23.49,11011119250.6,29.99,15.72,-0.21673891297099035,0.4942748091603051,0.96,0.0,0.053380782918149405,,1.1343858273253034,"Surgical, Medical, And Dental Instruments And Supplies",health_care,-0.157809,-0.052061,0.300785,-0.092677,0.12442894507410636,1.5308,13.2109,0.19622303652356932,25.549,1.7743,0.42058755989313645,-2.088433293560842,0.053380782918149405,0.19622303652356932,-1.1343858273253034,0.2884033621357889,-2.3686843271963522,-0.4012118239656726,-0.2075841255115323,-1.9025571060376287,-1.2461839935082806,59
9,,BECTON DICKINSON & CO,BDX,USD,Q3 2026,183.83,41453073351.1,191.94,124.46,-0.04225278732937365,0.4770207295516633,1.8493,44.0522,0.05438002539145148,,0.3361008785077646,"Surgical, Medical, And Dental Instruments And Supplies",health_care,0.037725,0.017816,0.467276,0.041981,0.25200424010260986,0.6884,3.4937,0.35045417785864896,11.9304,1.6978,0.30906562531100834,-0.48075682284248433,0.05438002539145148,0.35045417785864896,-0.3361008785077646,-0.03155556931410634,-0.2568995853159267,-0.3934978163026404,0.2039041646537962,0.2936384654022072,-0.043251409464679993,31
10,,BIOGEN INC.,BIIB,USD,Q2 2026,228.69,31898475499.0,230.49,135.39,-0.007809449433815008,0.6891203190782187,3.181,38.2201,0.034209034209034206,,0.3240321705203337,"Biological Products, Except Diagnostic Substances",health_care,0.04503,0.027191,0.739946,0.081911,-0.36604798063403104,0.4292,3.5354,0.632638018721899,16.913,1.6924,0.24763344302203472,-0.49093856866200447,0.034209034209034206,0.632638018721899,-0.3240321705203337,-0.2078058780579891,-0.2702739525216369,-0.5492149567459729,0.956769929530903,0.3268411996818117,0.08263038806012135,21
11,,BRISTOL MYERS SQUIBB CO,BMY,USD,Q2 2026,63.88,116350685026.1,68.64,41.13,-0.0693473193473193,0.5531242402139558,2.3655,12.5351,0.057380389599804404,,0.24659985928735628,Pharmaceutical Preparations,health_care,0.465936,0.101739,0.6585,0.18855,0.16023577186801122,1.932,2.8581,0.616298663988528,9.8102,5.2133,0.19906784981497105,-0.4593056040188555,0.057380389599804404,0.616298663988528,-0.24659985928735628,-0.34714165416326276,-0.22872205244064867,-0.37033543768732985,0.9131765729400161,0.539868514387059,0.084116682464219,20
12,,BOSTON SCIENTIFIC CORP,BSX,USD,Q2 2026,44.11,63437639039.7,105.65,42.2,-0.5824893516327496,0.04526066350710889,3.0216,17.2619,0.07528156490812088,,0.2017462216664848,"Surgical, Medical, And Dental Instruments And Supplies",health_care,0.153434,0.084564,0.699309,0.174756,0.12567057720885924,0.5015,2.2324,-0.5244548604035052,13.0008,2.5446,0.21469723966518384,-0.21373806039873441,0.07528156490812088,-0.5244548604035052,-0.2017462216664848,-0.30230058415828354,0.09384645009289157,-0.2321409481663753,-2.1303509091806405,0.6632672587224487,-0.4251833252870926,52
13,,CARDINAL HEALTH INC,CAH,USD,Q4 2026,220.29,55517139533.8,258.3,149.71,-0.1471544715447155,0.47144479326698274,0.2184,32.3904,0.05839525258066125,,-0.061284349497192886,Wholesale – Drugs & Drug Proprietaries,health_care,-0.636432,0.030882,0.038443,0.006706,0.010899963532456498,-3.2621,2.4683,0.5948845399368909,16.585,0.0,1.2427046260613221,0.03489985193320809,0.05839525258066125,0.5948845399368909,0.061284349497192886,2.647075662822809,0.4204480761532533,-0.36250084196064203,0.8560437448021998,1.3869018160301234,1.1194369928770174,3
14,,Cigna Group,CI,USD,Q2 2026,271.83,72926293134.7,308.48,234.2,-0.11880835062240669,0.16067463706233998,0.2582,11.3663,0.06507511527591858,,0.2100793320228211,Accident And Health Insurance,health_care,0.167579,0.045236,,0.02472,-0.10210341664943855,1.7525,5.882,-0.005860715922505699,11.1161,1.7111,1.1588312644007235,-0.9840733452356341,0.06507511527591858,-0.005860715922505699,-0.2100793320228211,2.4064411071670975,-0.9180376760234666,-0.3109332661259819,-0.7467430595919573,0.6403416854819487,0.0319541196153736,25
15,,CENTENE CORP,CNC,USD,Q2 2026,62.53,31696829430.0,69.63,31.63,-0.10196754272583652,0.9769206449573191,0.1562,0.0,0.09923679783349071,,0.358734053716167,Accident And Health Insurance,health_care,-0.203589,-0.060281,0.98639,-0.02516,0.04793089515024293,0.7108,-3.6669,0.8996801395754579,0.0,1.4049,1.8052983447922406,0.5287701278786062,0.09923679783349071,0.8996801395754579,-0.358734053716167,3.255037817761904,1.0691779246057513,-0.04721000768566433,1.6692376241932962,0.231371377398176,1.595181551081287,2
16,,"COOPER COMPANIES, INC.",COO,USD,Q3 2026,56.57,14104615161.6,89.83,51.01,-0.37025492597127907,0.10899823564007072,3.329,25.0082,0.005564462887861943,,0.519888774855109,Ophthalmic Goods,health_care,0.068376,0.045533,0.659279,0.134603,0.15570059383039486,0.3055,2.7193,0.06084616534609055,17.6297,1.6936,0.24688951254602504,-0.2801869151670865,0.005564462887861943,0.06084616534609055,-0.519888774855109,-0.20994023127799874,0.00656167596633326,-0.7703469127822302,-0.5687692711736971,-0.21198820918330924,-0.19368450113570757,40
17,,"Cencora, Inc.",COR,USD,Q3 2026,303.81,55056888758.8,375.33,243.78,-0.19055231396371186,0.24624661580113227,0.1654,20.9757,0.05072062800324684,,-0.15793014655977455,Wholesale – Drugs & Drug Proprietaries,health_care,0.968713,0.033459,0.039731,0.007931,0.0037977382519226274,3.6193,2.2957,0.08318684812960364,12.5627,18.0458,1.557159676647869,-0.6944811802497254,0.05072062800324684,0.08318684812960364,0.15793014655977455,3.255037817761904,-0.5376400484385464,-0.4217478359414244,-0.5091643867117361,1.6527881662882804,0.554886092737159,7
18,,"CHARLES RIVER LABORATORIES INTERNATIONAL, INC.",CRL,USD,Q2 2026,294.59,10392187747.5,303.31,145.47,-0.02874946424450242,1.0250910840723173,2.5987,0.0,-0.027183459528065557,,1.2573581188932743,"Services – Research, Development, Testing Labs",health_care,-0.075156,-0.031313,0.326711,-0.059089,0.07155482125848371,0.907,12.1314,1.036202514254311,58.632,3.6597,0.1782625781366467,-1.8293845969630738,-0.027183459528065557,1.036202514254311,-1.2573581188932743,-0.4068324452140505,-2.028407477442659,-1.023156146991475,2.033478970264008,-2.240871391621279,-0.7890231390324443,58
19,,QUEST DIAGNOSTICS INC,DGX,USD,Q2 2026,237.62,23367097381.5,248.84,168.97,-0.04508921395274068,0.40628513937385335,2.0214,22.0029,0.10213690691778332,,-0.12978474882216134,Services – Health,health_care,0.146015,0.067643,0.331142,0.09628,0.09035380869377163,0.7143,2.5188,0.3425909409004213,12.7808,3.109,0.2350110971989609,-0.3573808844723184,0.10213690691778332,0.3425909409004213,0.12978474882216134,-0.24401967130928512,-0.09483748581348295,-0.02482158415725456,0.18292506858346208,1.575356169155779,0.11931300227224456,18
20,,DAVITA INC.,DVA,USD,Q2 2026,178.07,14283216000.0,247.49,101.0,-0.28049618166390566,0.7630693069306931,1.0195,16.8538,0.05165162215056185,,-0.031463864939927304,Services – Health,health_care,0.903746,0.067583,0.323571,0.084908,0.10464497341331823,9.9876,3.8669,0.3731480770706992,9.295,0.0,0.3621716581549244,-1.7671495752266686,0.05165162215056185,0.3731480770706992,0.031463864939927304,0.12080682993901269,-1.9466578395600995,-0.4145606955040352,0.26445142964266566,1.3048614165213188,-0.6345837136173025,56
21,,DEXCOM INC,DXCM,USD,Q2 2026,86.68,25988545000.9,92.59,54.11,-0.06382978723404253,0.601922010718906,5.2299,25.9963,0.1307579293060237,,0.6499956561098335,"Surgical, Medical, And Dental Instruments And Supplies",health_care,0.384907,0.14507,0.624728,0.201179,0.21356654962569427,0.4741,0.8049,0.30732064421669114,16.3748,9.914,0.09790304146166826,0.041492935660813454,0.1307579293060237,0.30732064421669114,-0.6499956561098335,-0.6373857581804774,0.4291085086914466,0.19612857751582646,0.08882400734265448,-0.5699307669738922,0.005486640679583182,27
22,,"Elevance Health, Inc.",ELV,USD,Q2 2026,394.59,83983207217.4,434.35,270.87,-0.0915390813859791,0.45675047070550434,0.4176,16.9219,0.01402282224365159,,0.31626527875946864,Accident And Health Insurance,health_care,0.111327,0.039835,0.151218,0.024598,0.038234934971881476,0.6895,3.5225,0.2797041914794678,7.4053,1.8712,0.7807964674772276,-0.5495410092897312,0.01402282224365159,0.2797041914794678,-0.31626527875946864,1.321850796500952,-0.34725196532995334,-0.7050495994368268,0.015143382153071244,0.3482090249356023,0.1814655023248706,16
23,,Edwards Lifesciences Corp,EW,USD,Q2 2026,86.83,52086868000.0,96.29,72.3,-0.09824488524249675,0.20096818810511752,7.9982,51.8329,0.13627463777574733,,0.5606720696739513,"Surgical, Medical, And Dental Instruments And Supplies",health_care,0.094096,0.073374,0.778389,0.154108,0.14704115297206824,0.0634,0.4708,0.19503122093795677,33.4768,4.9055,0.09451128718430768,0.10182973613886691,0.13627463777574733,0.19503122093795677,-0.5606720696739513,-0.6471167772700512,0.5083647128744329,0.2387167706192815,-0.21076388644224225,-0.32418886084602655,-0.0007212596414313543,28
24,,GE HealthCare Technologies Inc.,GEHC,USD,Q2 2026,66.78,29039425423.8,89.64,58.72,-0.2550200803212851,0.1372615803814714,1.3655,14.6368,0.05751947273816649,,0.7770955643968652,"Surgical, Medical, And Dental Instruments And Supplies",health_care,0.193661,0.05636,0.395354,0.096393,-0.029892994329242494,0.8997,2.7315,0.015635290523820178,10.0867,2.646,0.31943070626261044,-0.41704642776132034,0.05751947273816649,0.015635290523820178,-0.7770955643968652,-0.0018179196033763472,-0.17321195121659938,-0.36926173593446276,-0.6893917694347752,-0.9196007139318797,-0.3327630996527312,49
25,,"GILEAD SCIENCES, INC.",GILD,USD,Q2 2026,152.21,156859937881.2,154.51,105.84,-0.0148857679114619,0.438114134542706,5.1502,0.0,0.10180739903981917,,0.3378594600383784,"Biological Products, Except Diagnostic Substances",health_care,-0.206804,-0.061666,0.795876,-0.106379,0.027977148110450798,2.2348,14.5568,0.3666506021426752,99.7465,13.2617,0.07938457386612717,-2.3346565502699357,0.10180739903981917,0.3666506021426752,-0.3378594600383784,-0.690515657030962,-2.6921141503510277,-0.027365337413904362,0.24711618317181192,0.28880035718624897,-1.262939465770685,60
26,,"HCA Healthcare, Inc.",HCA,USD,Q2 2026,432.6,86493119622.0,553.56,353.34,-0.21851289833080412,0.22431652232976762,1.1087,12.6452,0.08734211233539368,,0.1698461881530375,Services – Health,health_care,-3.531819,0.127914,0.42748,0.100663,0.08389717232127977,-15.4933,3.124,0.01576619974111293,8.6344,0.0,0.3494373942358108,1.3682050246173254,0.08734211233539368,0.01576619974111293,-0.1698461881530375,0.08427194116015999,2.1718287620237424,-0.1390352628496734,-0.6890425039782379,0.7510287935412998,0.9143114128889016,5
27,,HENRY SCHEIN INC,HSIC,USD,Q2 2026,85.99,9677228507.2,92.18,61.95,-0.06715122586244315,0.3880548829701371,0.7115,24.013,0.06728395061728398,,0.49935516470640623,"Wholesale – Medical, Dental & Hospital Equipment",health_care,0.088547,0.038229,0.313189,0.031319,0.014702127584178798,0.7912,3.711,0.37538086532602066,14.1204,3.0653,0.46104433825329194,-0.5737448389165458,0.06728395061728398,0.37538086532602066,-0.49935516470640623,0.4044747665866134,-0.3790452266184896,-0.293881376114379,0.27040850299069574,-0.15549732364043217,-0.03576796566219694,30
28,,HUMANA INC,HUM,USD,Q2 2026,389.63,47690829030.0,428.88,161.9,-0.09151744077597468,1.4066090179122912,0.3274,37.2876,0.2617944917870816,,0.537731170369087,Accident And Health Insurance,health_care,0.068934,0.024081,0.136533,0.008889,0.013407100090610177,0.7391,4.5171,0.5654423312543433,11.6848,2.4822,0.8924090010129968,-0.7149079857013414,0.2617944917870816,0.5654423312543433,-0.537731170369087,1.6420696583807317,-0.5644719495478583,1.207711926025779,0.7774920074254321,-0.26107518003215213,0.25779559482097136,12
29,,IDEXX LABORATORIES INC /DE,IDXX,USD,Q2 2026,529.06,41527164940.7,769.98,500.61,-0.31289124392841383,0.056830666586763945,9.1204,36.4383,0.0965589473048527,,0.8657168557915461,"In Vitro, In Vivo Diagnostic Substances",health_care,0.742108,0.336523,0.624457,0.250297,0.2592754844205961,0.6008,0.6008,-0.11823608392513374,26.229,25.7521,0.05351137211182918,0.14443721206008517,0.0965589473048527,-0.11823608392513374,-0.8657168557915461,-0.7647464531296103,0.5643323277392953,-0.0678826272452652,-1.0465602536801366,-1.1634105063932971,-0.2809660676728456,46
30,,"ILLUMINA, INC.",ILMN,USD,Q2 2026,271.9,26712015000.0,277.95,88.0,-0.021766504767044448,2.089772727272727,5.9453,32.3782,0.09442870632672329,,0.7690317642759497,Lab Analytical Instruments,health_care,0.323783,0.129544,0.663922,0.183619,0.033543147028711334,0.7016,1.477,1.4697906497450917,20.4266,9.4123,0.08857119993041136,-0.12059840756732698,0.09442870632672329,1.4697906497450917,-0.7690317642759497,-0.6641590208214861,0.21619127586839032,-0.08432778011701256,3.02820692078201,-0.8974160514992944,0.521716094655035,8
31,,INCYTE CORP,INCY,USD,Q2 2026,124.82,22647305090.8,132.6,82.52,-0.05867269984917045,0.5126030053320407,3.8916,14.0459,0.37721025166820366,,0.4527754441717612,"Services – Research, Development, Testing Labs",health_care,0.306673,0.235487,0.92617,0.277064,0.33257683568948004,0.0106,0.0355,0.5642909625275532,9.5358,3.5696,0.17829256860483225,0.2902672622413543,0.37721025166820366,0.5642909625275532,-0.4527754441717612,-0.4067464018882215,0.7558893234965663,2.0987049331740195,0.7744201586104942,-0.02734987941187441,0.4146172142243263,9
32,,IQVIA HOLDINGS INC.,IQV,USD,Q2 2026,270.97,32248418000.0,277.4,154.5,-0.02317952415284774,0.7538511326860844,1.8989,23.4534,0.08737864077669899,,0.7756175835533348,"Services – Research, Development, Testing Labs",health_care,0.228179,0.047135,0.329683,0.081199,0.04586827652947065,2.5391,4.5503,0.48497368272114993,13.0334,5.2258,0.20933565688443626,-0.908190817638647,0.08737864077669899,0.48497368272114993,-0.7756175835533348,-0.3176830854019722,-0.8183611758859517,-0.13875326855531903,0.5628018591829302,-0.915534578164141,-0.41097130379400354,51
33,,INTUITIVE SURGICAL INC,ISRG,USD,Q2 2026,414.79,140843479006.6,603.88,328.57,-0.3131251241968602,0.2624098365645069,12.764,44.8718,0.18536885245901646,,0.9426124993560057,"Surgical, Medical, And Dental Instruments And Supplies",health_care,0.174225,0.153895,0.666788,0.286187,0.13354302550206626,0.0359,0.1441,-0.162170181685383,29.2238,7.7521,0.06596176168804646,0.17637686078600945,0.18536885245901646,-0.162170181685383,-0.9426124993560057,-0.7290260062070567,0.6062870767630768,0.6177170217052861,-1.1637763140089947,-1.3749613719199902,-0.3039353005888651,48
34,,JOHNSON & JOHNSON,JNJ,USD,Q2 2026,271.95,613021873834.9,281.07,175.84,-0.03244743302380193,0.546576433121019,6.2599,29.1402,0.06599839952839703,,-0.16731886467533447,Pharmaceutical Preparations,health_care,0.257422,0.106665,0.679074,0.214819,0.19148058190118894,0.5771,1.4838,0.5290570900910749,19.4057,7.2145,0.09605120264654964,-0.08734848829983013,0.06599839952839703,0.5290570900910749,0.16731886467533447,-0.6426987252727622,0.25986714813296413,-0.3038056449638832,0.6804162771680885,1.678617866794888,0.3103912847908219,10
35,,LABCORP HOLDINGS INC.,LH,USD,Q2 2026,309.57,24726988500.0,341.06,242.07,-0.09232979534392782,0.2788449622010163,1.7234,24.6702,0.05777790377909442,,0.28837875300406624,Services – Health,health_care,0.117282,0.054848,0.288828,0.06994,0.023762521208530802,0.6794,2.7186,0.2284233952800332,14.07,2.873,0.2599811268197283,-0.406191354113067,0.05777790377909442,0.2284233952800332,-0.28837875300406624,-0.17238009631743145,-0.1589531253148141,-0.3672666856004876,-0.1216736507999393,0.42492882838119633,-0.08877679634586685,33
36,,ELI LILLY & Co,LLY,USD,Q2 2026,1184.78,1071930591000.0,1292.65,711.59,-0.08344872935442704,0.664975617982265,13.4555,40.1307,0.4766679521789432,,0.30557751138723876,Pharmaceutical Preparations,health_care,1.022859,0.219658,0.834005,0.335292,0.04525045082205915,1.6207,1.5383,0.6562190101440422,31.2106,31.6914,0.04070808214085439,-0.1002765070254202,0.4766679521789432,0.6562190101440422,-0.30557751138723876,-0.8014793791993196,0.24288537774277705,2.8665040253724103,1.019683954264856,0.3776125949343089,0.1983959173373878,14
37,,MCKESSON CORP,MCK,USD,Q4 2026,856.29,90826180935.6,996.84,722.11,-0.14099554592512342,0.1858165653432302,0.221,19.7792,0.06024905585589546,,-0.22625553294221412,Wholesale – Drugs & Drug Proprietaries,health_care,-4.898336,0.062485,0.036391,0.012896,0.016266428967107057,-7.4781,1.2972,0.21254915784037132,13.1107,0.0,1.2381534376539698,0.20151463270958675,0.06024905585589546,0.21254915784037132,0.22625553294221412,2.634018201211334,0.6393071303372642,-0.3481897482541719,-0.16402607564216667,1.8407610338868743,1.0375526451526962,4
38,,Medtronic plc,MDT,USD,Q4 2026,89.5,109303058774.1,102.92,72.06,-0.13039253789350957,0.24202053844018878,2.9115,20.8953,0.09868936932900185,,0.15101013358215393,"Surgical, Medical, And Dental Instruments And Supplies",health_care,0.106463,0.057185,0.650099,0.140349,0.10590299026509735,0.5536,2.7424,-0.014896094935835547,12.5906,2.1759,0.23258187403647038,-0.3194287156764147,0.09868936932900185,-0.014896094935835547,-0.15101013358215393,-0.250989167043341,-0.0449849113408044,-0.05143607672437773,-0.7708494276639749,0.8028494619545645,-0.15786304142480945,39
39,,3M CO,MMM,USD,Q2 2026,169.48,84446955228.5,184.09,138.02,-0.07936335488076496,0.227937980002898,3.3537,28.1772,0.024590163934426146,,0.7368013133603188,"Surgical, Medical, And Dental Instruments And Supplies",health_care,0.818923,0.082619,0.394043,0.119619,0.18341133691421763,4.1767,2.0873,0.19016640234053406,15.5864,28.6067,0.108195790309532,-0.666483523297969,0.024590163934426146,0.19016640234053406,-0.7368013133603188,-0.6078556308975852,-0.500863354970673,-0.6234712468762748,-0.22374321000355119,-0.8087454913549914,-0.49726628811555074,54
40,,"Merck & Co., Inc.",MRK,USD,Q2 2026,148.69,317372437327.5,156.0,75.8,-0.04685897435897435,0.9616094986807389,4.7676,100.0228,0.050676958117170656,,0.20089187761158164,Pharmaceutical Preparations,health_care,0.069637,0.025634,0.729664,0.04762,-0.13728357841187339,1.284,4.257,0.9720068871838954,28.6635,7.5686,0.0966898167198314,-0.686532654058839,0.050676958117170656,0.9720068871838954,-0.20089187761158164,-0.6408665271741396,-0.5271991564829338,-0.4220849611586123,1.8622052016163,0.6656176808776497,0.11105537820335946,19
41,,"Moderna, Inc.",MRNA,USD,Q2 2026,197.28,27786941717.8,202.67,22.28,-0.0265949573197809,7.854578096947934,12.4717,0.0,0.021126760563380254,,,"Biological Products, Except Diagnostic Substances",health_care,-0.389975,-0.274346,0.233842,-1.414273,-0.3940754039497307,0.0883,-0.1878,,0.0,4.1099,0.10771168583050068,-0.3056182005642471,0.021126760563380254,0.2797041914794678,-0.41223880007095953,-0.6092445375050732,-0.02684392612233392,-0.650208220992409,0.015143382153071244,0.08417220100199771,-0.1346006460212602,37
42,,METTLER TOLEDO INTERNATIONAL INC/,MTD,USD,Q1 2026,1545.26,25650631168.8,1545.45,1023.05,-0.00012294153806335917,0.5104442598113486,6.2719,29.313,0.07172099612557492,,0.7887523474024849,Lab Analytical Instruments,health_care,-7.817747,0.253509,0.591861,0.213963,0.15064074762420102,-53.211,1.7769,0.1636076524959904,22.1801,0.0,0.13488411660028968,6.403760963946314,0.07172099612557492,0.1636076524959904,-0.7887523474024849,-0.531286224222807,4.305263280361376,-0.259628025234415,-0.2946018865837669,-0.9516701839276475,1.6241785239894122,1
43,,PFIZER INC,PFE,USD,Q2 2026,28.72,136059410980.0,29.21,22.09,-0.016775077028414964,0.3001358080579448,2.1361,31.4007,0.026001501399030902,,0.3275452945106211,Pharmaceutical Preparations,health_care,0.050085,0.021462,0.731788,0.068607,0.22550196549076865,0.7392,5.8545,0.27055814776019904,17.2593,1.5971,0.2960159869645542,-0.7851794335013187,0.026001501399030902,0.27055814776019904,-0.3275452945106211,-0.06899527439798994,-0.6567779414291292,-0.6125759253622598,-0.009258239071028709,0.3171760953092228,-0.27404918859392574,45
44,,PRINCIPAL FINANCIAL GROUP INC,PFG,USD,Q2 2026,114.64,23281814747.5,121.18,75.3,-0.05396930186499427,0.5224435590969456,1.4836,14.9357,0.06387383215754627,,0.6159203633909339,Accident And Health Insurance,health_care,0.129489,0.004742,,0.102102,0.011329747916294956,0.3368,2.331,0.41301629893265535,0.0,1.9173,0.3329915823226506,-0.25851175029767215,0.06387383215754627,0.41301629893265535,-0.6159203633909339,0.03708853794645744,0.03503337613901724,-0.32020699840636896,0.37081974348575947,-0.47618478431993616,0.053307253677840734,23
45,,INSULET CORP,PODD,USD,Q2 2026,133.11,10545546616.5,354.88,126.4,-0.6249154643823264,0.0530854430379748,3.4537,28.099,0.23509474657217688,,0.2851761921102269,"Surgical, Medical, And Dental Instruments And Supplies",health_care,0.260164,0.113139,0.710814,0.122912,0.09707418225584595,0.6669,1.4987,-0.5568020273193646,17.3183,7.415,0.12943428908311574,-0.1230709739634506,0.23509474657217688,-0.5568020273193646,-0.2851761921102269,-0.5469219015943924,0.21294340349871696,1.0015937468133151,-2.216653067685591,0.4337395294507013,-0.47129297723493313,53
46,,"REGENERON PHARMACEUTICALS, INC.",REGN,USD,Q2 2026,752.25,65371330013.3,859.34,538.24,-0.12461889356948364,0.39761073127229496,4.2081,15.1018,0.16734682772880616,,0.48727827858209904,Pharmaceutical Preparations,health_care,0.140427,0.108285,0.848591,0.278647,0.15843976902675946,0.0626,0.3455,0.4614530032062185,8.6148,2.0614,0.22626018111837573,0.1608985384323942,0.16734682772880616,0.4614530032062185,-0.48727827858209904,-0.26912624580373834,0.5859553212316508,0.47858959209074103,0.5000487464629867,-0.12227209014169942,0.2981549106781557,11
47,,RESMED INC,RMD,USD,Q4 2026,222.1,28268588113.9,281.89,179.75,-0.21210401220334174,0.2356050069541029,5.0002,18.5576,0.08579718143936943,,0.40831770211919527,"Surgical, Medical, And Dental Instruments And Supplies",health_care,0.242693,0.177744,0.610555,0.269445,0.2767778376645878,0.1001,0.313,-0.10869659731240422,13.034,4.2926,0.1408899357021072,0.16630211966636965,0.08579718143936943,-0.10869659731240422,-0.40831770211919527,-0.5140553945254996,0.5930532669995091,-0.15096190637134405,-1.0211089278237138,0.09495969983885075,-0.0670173196512822,32
48,,"REVVITY, INC.",RVTY,USD,Q2 2026,151.02,12683085564.7,152.26,81.17,-0.008143964271640436,0.8605396082296415,4.3557,53.3903,0.013055961259725413,,1.1782174092180375,Lab Analytical Instruments,health_care,0.032135,0.019465,0.549755,0.081583,0.23849457773873373,0.4434,4.1318,0.5663378053640216,19.1625,1.7545,0.2176156067675331,-0.5219667746087524,0.013055961259725413,0.5663378053640216,-1.1782174092180375,-0.2939277234906043,-0.31103146379938,-0.7125136266758277,0.7798811300571469,-2.0231440295223,-0.255040341287415,43
49,,Solventum Corp,SOLV,USD,Q2 2026,89.54,13360429030.8,94.16,62.38,-0.049065420560747586,0.4353959602436679,1.6078,9.3169,0.022211938917167995,,0.5834158307995546,"Surgical, Medical, And Dental Instruments And Supplies",health_care,0.339609,0.097827,0.546931,0.172563,0.13397922200962697,1.0581,1.9918,0.29051944365597526,7.0731,2.784,0.3074689676875015,-0.2512843968557676,0.022211938917167995,0.29051944365597526,-0.5834158307995546,-0.036136415844636775,0.04452696206925807,-0.6418308007360298,0.043998447266991154,-0.3867601864559151,-0.02143647503713045,29
50,,STERIS plc,STE,USD,Q4 2026,211.0,20552155266.5,267.14,193.97,-0.21015198023508264,0.08779708202299319,3.4041,25.5306,0.07281323877068568,,0.43581117780537904,"Surgical, Medical, And Dental Instruments And Supplies",health_care,0.113887,0.076448,0.44434,0.133847,0.13863272489428732,0.2782,1.2246,-0.03831800582736444,13.4682,2.8518,0.18945919616722415,-0.08509218215795895,0.07281323877068568,-0.03831800582736444,-0.43581117780537904,-0.37470909697462446,0.2628309489785942,-0.2511960696686833,-0.8333390259495826,0.019321233104728868,-0.14949457964770096,38
51,,STRYKER CORP,SYK,USD,Q2 2026,275.31,120697302308.1,389.48,267.0,-0.2931344356578002,0.03112359550561794,4.6715,32.3672,0.09415476585851867,,0.15009507976287537,"Surgical, Medical, And Dental Instruments And Supplies",health_care,0.165077,0.079121,0.649766,0.144328,0.14880220474900335,0.6229,2.1441,-0.11712944830457439,18.9645,5.0316,0.12410837971411659,-0.2257008278929995,0.09415476585851867,-0.11712944830457439,-0.15009507976287537,-0.5622020550197172,0.07813259825442809,-0.08644256099092984,-1.043607752678081,0.8053669053167442,-0.2326358130067933,42
52,,BIO-TECHNE Corp,TECH,USD,Q4 2026,72.51,11049338581.8,72.69,43.07,-0.0024762690879074345,0.6835384258184352,9.0938,60.7567,0.013335857271307594,,0.8213180698280902,"Biological Products, Except Diagnostic Substances",health_care,0.090321,0.0707,0.65765,0.149676,0.19514885629185563,0.0949,0.5823,0.44374916576519485,31.9836,5.2411,0.08712244659064383,0.06947083661312223,0.013335857271307594,0.44374916576519485,-0.8213180698280902,-0.6683155266448775,0.46585925140433043,-0.71035286986666,0.45281495350190976,-1.041263123739169,0.04346363728802419,24
53,,UNIVERSAL HEALTH SERVICES INC,UHS,USD,Q2 2026,177.48,9001150030.2,245.26,139.92,-0.2763597814564136,0.26843910806174964,0.4969,5.8984,0.0826823561049308,,0.1881368347059764,Services – Health,health_care,0.209483,0.100269,0.539205,0.085578,0.044669451533460476,0.6781,1.8374,-0.12393431491981988,5.0241,1.1979,0.803962427185113,-0.21947079263807703,0.0826823561049308,-0.12393431491981988,-0.1881368347059764,1.3883144544523642,0.08631614365821426,-0.1750079083586943,-1.0617631193833497,0.7007086202525045,0.1887862072248212,15
54,,UNITEDHEALTH GROUP INC,UNH,USD,Q2 2026,377.83,377452058634.5,458.79,252.95,-0.17646417751040788,0.49369440600909265,0.8385,26.7279,0.003727064220183429,,0.41223880007095953,Accident And Health Insurance,health_care,0.141525,0.048235,0.195142,0.033128,0.062053265423689656,0.6921,2.8623,0.16647489448073394,14.4072,3.8341,0.3900617682452484,-0.43918810493947286,0.003727064220183429,0.16647489448073394,-0.41223880007095953,0.20082418128748963,-0.20229644481721262,-0.7845313652862147,-0.28695209231018975,0.08417220100199771,-0.09969660003469479,34
55,,VERTEX PHARMACEUTICALS INC / MA,VRTX,USD,Q2 2026,527.67,126072764786.4,560.25,384.39,-0.058152610441767116,0.3727464294076328,10.0159,28.6191,0.12453199311903407,,0.5123059323773507,Pharmaceutical Preparations,health_care,0.235426,0.171209,0.859953,0.349975,0.20100398853597304,0.0,0.0,0.43386492785502906,22.3958,6.2265,0.08500951299605475,0.25965242693371043,0.12453199311903407,0.43386492785502906,-0.5123059323773507,-0.6743775805151091,0.715674800702079,0.1480652488051494,0.4264438320666802,-0.19112672971630115,0.24174499735501748,13
56,,Viatris Inc,VTRS,USD,Q2 2026,18.27,18493096145.5,18.37,9.14,-0.00544365813826897,0.9989059080962799,1.2548,0.0,0.0487702744200329,,0.7106183492366278,Pharmaceutical Preparations,health_care,-0.027535,-0.011182,0.348307,-0.027868,0.18253614976963214,0.9363,5.093,0.84286041614385,11.8092,1.2968,0.4226722438970153,-0.7950059786043383,0.0487702744200329,0.84286041614385,-0.7106183492366278,0.2943843672967113,-0.669685730024607,-0.4368042840894071,1.5176427475675516,-0.7367124285485402,0.023177653453506433,26
57,,WATERS CORP /DE/,WAT,USD,Q2 2026,442.94,37240912943.0,445.48,282.77,-0.005701715004040597,0.5664320826113096,8.0187,223.496,1.1335927367055771,,0.8467191323598722,Lab Analytical Instruments,health_care,0.019203,0.011309,0.508897,0.035878,-3.4934346346201504,0.3347,4.2387,0.46377566975919926,34.8266,2.4509,0.14147747852768183,-1.0702210906600214,1.1335927367055771,0.46377566975919926,-0.8467191323598722,-0.5123697209819379,-1.0311981891292725,4.106312741995232,0.5062456148790337,-1.1111450639220557,-0.5831317814049949,55
58,,WEST PHARMACEUTICAL SERVICES INC,WST,USD,Q2 2026,375.65,25362486605.0,385.75,223.52,-0.02618276085547644,0.6806102362204722,7.6237,44.8973,0.13803000652315722,,0.594095665868356,"Surgical, Medical, And Dental Instruments And Supplies",health_care,0.190867,0.140711,0.367861,0.169803,0.11622108052783459,0.0679,0.2357,0.3642315815531323,28.952,8.4819,0.07647024981674234,0.09740901150397638,0.13803000652315722,0.3642315815531323,-0.594095665868356,-0.6988769180890116,0.5025578114225223,0.2522679639790074,0.2406622424329364,-0.41614193355831547,0.07529555120218039,22
59,,"ZIMMER BIOMET HOLDINGS, INC.",ZBH,USD,Q2 2026,91.62,16655185075.4,106.03,78.91,-0.1359049325662548,0.1610695729311875,1.9574,20.6512,0.04799499350117942,,0.19141636055957492,"Surgical, Medical, And Dental Instruments And Supplies",health_care,0.064108,0.035333,0.698735,0.094808,0.10459906970430613,0.592,3.2084,0.03667654920514174,10.181,1.3193,0.35387625303822773,-0.40040241861367054,0.04799499350117942,0.03667654920514174,-0.19141636055957492,0.09700712661582796,-0.15134899234277843,-0.442789340878752,-0.6332537451502199,0.6916861776187506,-0.1095781143134608,35
60,,Zoetis Inc.,ZTS,USD,Q2 2026,71.43,29917166570.8,145.99,69.52,-0.5107199123227618,0.02747410817031093,3.1409,11.3452,-0.0024252223120452276,,0.5689058809734562,Pharmaceutical Preparations,health_care,0.649108,0.178441,0.716745,0.27685,0.2514314694651676,2.8742,2.2513,-0.4582243450956376,9.2782,9.5035,0.15488175064137658,-0.43613207579069035,-0.0024252223120452276,-0.4582243450956376,-0.5689058809734562,-0.4739125636663698,-0.19828215721352765,-0.832026129292743,-1.9536480639258453,-0.3468412482408151,-0.6661212369199285,57
1,,Accenture plc,ACN,USD,Q3 2026,174.47,124484368320.9,285.21,116.75,-0.38827530591493986,0.4943897216274089,1.7029,15.9805,0.055859668653951644,,0.27836586964399207,Services – Misc. Business Services,industrials,0.244062,0.120134,0.320131,0.108604,0.09320000970033145,0.1535,0.3937,-0.16748638468366883,9.1989,3.9035,0.25367470212926835,0.04841871567147594,0.055859668653951644,-0.16748638468366883,-0.27836586964399207,0.7783450628444782,0.5976452209389418,-0.6673992808108069,-0.9766621158464278,0.9340509144534863,0.32533307691170604,15
2,,AUTOMATIC DATA PROCESSING INC,ADP,USD,Q4 2026,261.8,89520492453.9,286.17,185.56,-0.08515917112206028,0.41086441043328303,4.0789,20.2833,0.06766403994694548,,-0.017142303863887053,"Services – Computer Processing, Data Preparation And Processing",industrials,0.722388,0.075728,0.51104,0.201094,0.210467250562709,0.8231,0.6293,0.007578485734772267,11.4423,14.8429,0.11230826884147826,0.03833103579467272,0.06766403994694548,0.007578485734772267,0.017142303863887053,-0.5090727969202944,0.577708707056298,-0.5857043875852407,-0.4565365455450532,1.360901274451959,0.19339082419405063,25
3,,AKAMAI TECHNOLOGIES INC,AKAM,USD,Q2 2026,108.99,17186014162.7,165.45,70.82,-0.34125113327289214,0.5389720417961028,3.9756,41.8187,0.05384602115584758,,1.2746775410742173,Services – Misc. Business Services,industrials,0.089185,0.032095,0.574524,0.095068,-0.07153269542619493,1.5927,6.3914,0.47572300344919083,17.0141,3.6192,0.15263151082328952,-1.0378229564894563,0.05384602115584758,0.47572300344919083,-1.2746775410742173,-0.14185081441955724,-1.549119192822918,-0.6813351960127607,0.9343417824580083,-0.5050835452548929,-0.5685087089410737,99
4,,Allegion plc,ALLE,USD,Q2 2026,155.38,12073129111.9,181.03,124.05,-0.14168922278075458,0.252559451833938,2.8152,18.3315,0.12671232876712324,,0.5229756400600853,Services – Security,industrials,0.337303,0.128187,0.448012,0.153574,0.025774326384516738,0.9587,1.9615,-0.06636612150080956,13.3111,5.6986,0.165093106968347,-0.26104995337364045,0.12671232876712324,-0.06636612150080956,-0.5229756400600853,-0.028363609110625423,-0.013964831323787466,-0.17704699020398929,-0.6762292852545659,0.5807213692100645,-0.09825819386838533,61
5,,AMETEK INC/,AME,USD,Q2 2026,251.67,55453374303.9,260.78,178.15,-0.034933660556791146,0.4126859388156048,7.0516,35.1801,0.14979336983762037,,0.9384902756661888,Industrial Measurement Instruments & Related Products,industrials,0.145618,0.098946,0.363578,0.200443,0.09068487791653097,0.1808,0.8401,0.327640790313692,23.2461,4.9245,0.1040803044909817,-0.017375731726209844,0.14979336983762037,0.327640790313692,-0.9384902756661888,-0.5840045045964195,0.4676141404561888,-0.017309284655171057,0.494382895363789,-0.019473778313902214,0.18574884056062133,26
6,,SMITH A O CORP,AOS,USD,Q2 2026,58.38,8644611297.3,80.91,53.83,-0.2784575454208379,0.08452535760728219,2.272,17.2789,-0.00692178384257891,,0.7660319047488331,Household Appliances,industrials,0.271327,0.1452,0.385923,0.131488,0.05043567841467582,0.3461,0.8403,-0.11300806955047615,11.9953,4.6933,0.1986126449152799,-0.028860903083617773,-0.00692178384257891,-0.11300806955047615,-0.7660319047488331,0.2768973414581236,0.44491573200073836,-1.1018929044817394,-0.8148046017718907,0.22963580412836024,0.10372046794486442,37
7,,"AXON ENTERPRISE, INC.",AXON,USD,Q2 2026,424.75,40847293078.5,764.02,339.01,-0.4440590560456532,0.2529128934249727,12.689,204.9559,0.35278622905504253,,1.55774858296064,Ordnance & Accessories,industrials,0.062213,0.029102,0.594072,0.061911,-0.5368198944797907,0.4713,4.9877,-0.14175384399354063,118.1747,11.1163,0.045526888219153655,-0.7497888420685416,0.35278622905504253,-0.14175384399354063,-1.55774858296064,-1.1172478786096163,-0.9798707441253788,1.3875499448374131,-0.9002095850230515,-0.9139689398618903,-0.9853740937365268,102
8,,BOEING CO,BA,USD,Q2 2026,184.39,170643805591.6,254.35,176.77,-0.275054059367014,0.04310686202409908,1.8155,70.0796,0.07960789485252096,,1.2415177868344793,Aircraft,industrials,1.735367,0.01524,0.046779,0.026023,-0.018651175317836055,7.5061,6.0827,-0.01704678499508272,25.8979,28.0019,0.15985174200444255,-1.6834345964739765,0.07960789485252096,-0.01704678499508272,-1.2415177868344793,-0.07609648817632901,-2.825056334022802,-0.5030441656222315,-0.5296993277273223,-0.45718553665948725,-1.441000278284222,103
9,,Bloom Energy Corp,BE,USD,Q2 2026,262.87,86101158843.6,351.28,70.89,-0.25167957185151435,2.708139370856256,27.6572,351.5165,1.655168202730522,,4.258666066490068,Electrical Industrial Apparatus,industrials,0.222125,0.061532,0.312444,0.08063,0.03185990463035833,1.5103,5.8994,2.1712039598194792,204.5339,53.4127,0.0156532677377415,-0.9573012993385203,1.655168202730522,2.1712039598194792,-4.258666066490068,-1.3893056199640237,-1.3899823887958003,4.1799319152850325,3.3633761223376633,-3.266805998190366,-0.5420660609584764,98
10,,"BROADRIDGE FINANCIAL SOLUTIONS, INC.",BR,USD,Q4 2026,162.92,15839403774.2,233.4,133.01,-0.30197086546700946,0.22487031050296968,2.1185,14.0882,0.07485595313029592,,0.10845303326063999,Services – Misc. Business Services,industrials,0.409164,0.128563,0.317796,0.150372,0.08892813920393752,1.1458,1.5844,-0.20760443126586503,9.099,5.5761,0.20806312159589552,-0.2336252658280089,0.07485595313029592,-0.20760443126586503,-0.10845303326063999,0.3629624148914071,0.040235209781593125,-0.535931082000548,-1.095854628930674,1.1794835687102108,-0.013928891137994531,50
11,,CARRIER GLOBAL Corp,CARR,USD,Q2 2026,55.87,60704797491.9,76.49,49.67,-0.26957772257811474,0.12482383732635394,2.7458,49.758,0.03893342057909366,,1.2792352978592074,"Air Conditioning, Warm Air Heating And Refrigeration Equipment",industrials,0.092888,0.034878,0.243441,0.059843,0.11881861708431338,0.8872,3.9867,0.016935677608576505,23.4479,4.6174,0.1608774237805977,-0.6177187689879552,0.03893342057909366,0.016935677608576505,-1.2792352978592074,-0.06675564957450066,-0.7188576194417168,-0.784541311916325,-0.428735909425717,-0.5116670522400445,-0.48645340533414966,94
12,,CATERPILLAR INC,CAT,USD,Q2 2026,819.95,489624038835.8,1071.47,463.29,-0.23474292327363344,0.7698417837639491,6.552,45.1516,0.23984549459834636,,1.7205407750928643,Construction Machinery & Equipment,industrials,0.569724,0.11238,0.343401,0.145071,0.08181735727495348,2.3278,2.6825,0.7776984788384251,31.3759,25.2449,0.06156407973879761,-0.5368438061035781,0.23984549459834636,0.7776984788384251,-1.7205407750928643,-0.9711978842603493,-0.559022569163173,0.6059173603275487,1.8315244438248268,-1.1491160932949502,-0.1849503612020764,72
13,,"C. H. ROBINSON WORLDWIDE, INC.",CHRW,USD,Q2 2026,148.24,22200208730.3,209.43,121.78,-0.2921739960846106,0.21727705698801114,1.3062,33.8837,0.19280713387966708,,0.6321709749359977,Arrangement Of Transportation Of Freight And Cargo,industrials,0.371227,0.113444,0.081433,0.037262,0.02968848013639504,1.0352,1.8053,0.1415527573389972,25.4253,13.6391,0.2269354456704356,-0.315349359980515,0.19280713387966708,0.1415527573389972,-0.6321709749359977,0.5348318361094504,-0.12127799816273538,0.28037745980790324,-0.058492984565052,0.42299284532984693,0.0989509506408558,40
14,,CUMMINS INC,CMI,USD,Q2 2026,517.84,98415182475.1,735.02,394.95,-0.2954749530625016,0.3111533105456388,2.8355,36.2487,0.09418026148328118,,1.5670495282432315,Engines & Turbines,industrials,0.211136,0.0809,0.253198,0.081451,0.0931004166762706,0.5534,1.4968,0.4062918123513135,19.6421,7.6606,0.14042695349923073,-0.19005922618910423,0.09418026148328118,0.4062918123513135,-1.5670495282432315,-0.25299717854638937,0.12633577648078967,-0.40219271776491594,0.7280586042271627,-0.9274038029151604,0.058673572707727245,44
15,,"CORPAY, INC.",CPAY,USD,Q2 2026,396.23,21783166745.1,427.46,252.84,-0.07305946755251946,0.5671175446922956,4.3388,19.0947,0.21485712730143458,,0.8453241288383971,Services – Misc. Business Services,industrials,0.292153,0.047247,0.789654,0.228961,0.841564355058518,2.7226,4.1151,0.3815798480388801,8.5305,6.1502,0.140667946890543,-0.6625886635630689,0.21485712730143458,0.3815798480388801,-0.8453241288383971,-0.2508024623832599,-0.8075350246562254,0.43297956063176407,0.6546382515284771,0.11510119076746264,-0.2563741477296672,78
16,,"COSTAR GROUP, INC.",CSGP,USD,Q2 2026,27.02,11564633848.8,85.24,25.89,-0.6830126701079305,0.043646195442255564,3.2521,156.2788,0.18437900128040963,,0.2739602288839709,Services – Misc. Business Services,industrials,0.018628,0.007168,0.786839,0.02081,-0.578760837688089,0.1251,1.9683,-0.6228186304007703,22.3874,0.0,0.13337928029430204,-0.2626736910982984,0.18437900128040963,-0.6228186304007703,-0.2739602288839709,-0.31718002692694974,-0.017173861555194316,0.2220486106301488,-2.329474609947276,0.9404146956041585,-0.4912877804850079,95
17,,CSX CORP,CSX,USD,Q2 2026,46.76,88317339825.7,53.45,33.2,-0.1251637043966325,0.4084337349397589,6.0858,27.4022,0.1010072747621713,,0.4319446046398837,"Railroads, Line-Haul Operating",industrials,0.243567,0.073538,0.885888,0.222092,0.2287234499724366,1.339,2.8147,0.5411483210549513,15.3868,6.2716,0.10631251762451574,-0.35712736428965197,0.1010072747621713,0.5411483210549513,-0.4319446046398837,-0.5636758382498419,-0.2038448294926581,-0.35494478672097474,1.128723331140548,0.7122122507613009,0.1141031020635645,34
18,,"DELTA AIR LINES, INC.",DAL,USD,Q2 2026,84.03,61382499988.3,95.44,54.6,-0.11955155071248946,0.5390109890109891,0.8989,15.5399,0.18674915905814515,,1.6895051615965953,Air Transportation,industrials,0.201248,0.047961,0.305754,0.057844,0.04147137753159459,0.69,1.8256,0.445644892316025,8.2145,2.8138,0.4134871291518165,-0.26590308892405784,0.18674915905814515,0.445644892316025,-1.6895051615965953,2.2337497722660693,-0.023556194794563112,0.23845183802564532,0.8449783672317971,-1.104286325521022,0.5509939082551621,5
19,,"DoorDash, Inc.",DASH,USD,Q2 2026,178.39,80403175770.7,285.5,143.3,-0.37516637478108583,0.24487090020935076,5.0597,95.6043,0.35627283800243603,,1.425526553269758,Services – Misc. Business Services,industrials,0.088865,0.045904,0.514127,0.052734,-0.14301228965452142,0.2746,1.5398,-0.11519383394383398,43.2621,8.1043,0.08865154085678417,-0.17939746995064593,0.35627283800243603,-0.11519383394383398,-1.425526553269758,-0.724513573084538,0.1474068506878698,1.4116798318603394,-0.8212986056741146,-0.7229792277895886,-0.35833068695060166,90
20,,DEERE & CO,DE,USD,Q3 2026,689.59,159983813674.8,721.22,429.14,-0.04385624358725493,0.6069114974134315,3.3342,32.8307,0.04909302712597774,,0.4688958033752796,Farm And Garden Machinery And Equipment,industrials,0.182384,0.04513,0.365859,0.101307,0.15310452750349082,2.2765,5.4617,0.3508887106005256,18.2745,5.7157,0.14001476840294855,-0.9843450674995013,0.04909302712597774,0.3508887106005256,-0.4688958033752796,-0.25675093000026,-1.4434296101554123,-0.7142293951305428,0.5634535076951395,0.658837644247555,-0.5001639601093706,96
21,,DANAHER CORP /DE/,DHR,USD,Q2 2026,227.33,138857519311.1,241.78,160.6,-0.05976507568864253,0.41550435865504376,5.5306,34.6797,0.05542452830188682,,0.41780919744950623,Industrial Measurement Instruments & Related Products,industrials,0.076315,0.046026,0.585136,0.159477,-0.15000488375751783,0.505,3.5284,0.1973501521947072,21.4001,2.6408,0.1587623510691431,-0.4737786976796454,0.05542452830188682,0.1973501521947072,-0.41780919744950623,-0.08601752327463398,-0.4343855441029949,-0.6704107706833061,0.10728357444012951,0.7326303108654042,-0.1069310848017316,63
22,,DOVER Corp,DOV,USD,Q2 2026,191.48,30201861931.9,235.79,157.36,-0.1879214555324653,0.21682765632943557,3.5867,26.6154,0.06851558749253517,,0.8945265557940723,"Construction, Mining & Material Handling Machinery & Equipment",industrials,0.294587,0.084508,0.395834,0.134759,0.13921883858373382,0.4232,1.7565,0.22801611351449935,17.0837,3.9203,0.1574994746452983,-0.16154188020232377,0.06851558749253517,0.22801611351449935,-0.8945265557940723,-0.09751848304931983,0.18269526360814858,-0.5798110550148959,0.19839351889770485,0.044030149281469706,0.10850680837898159,36
23,,EBAY INC,EBAY,USD,Q2 2026,107.32,49617000000.0,118.62,77.32,-0.09526218175687073,0.38799793067770305,4.132,22.2498,0.1479853479853479,,0.709383446812923,Services – Misc. Business Services,industrials,0.473762,0.124255,0.72052,0.18571,0.13589089127248502,1.4437,2.2877,0.10900462592847582,17.231,10.636,0.1097532555988513,-0.2987517298182164,0.1479853479853479,0.10900462592847582,-0.709383446812923,-0.5323411895930942,-0.08847571972103317,-0.02982211981637585,-0.155194940655257,0.31146235523949845,-0.15750142046014853,70
24,,EQUIFAX INC,EFX,USD,Q2 2026,145.78,18899172756.5,255.48,143.74,-0.4293878190073587,0.0141922916376791,3.0371,27.3386,0.10539793786643314,,0.5578000921010836,"Services – Consumer Credit Reporting Agencies, Collection Services",industrials,0.142747,0.058269,,0.111897,0.14134886128208013,1.2376,3.3373,-0.23747453046060496,14.5949,4.3147,0.16653067322839765,-0.5324950198168457,0.10539793786643314,-0.23747453046060496,-0.5578000921010836,-0.015271756718645287,-0.5504279627485247,-0.3245581829291237,-1.1846000313719978,0.5304187677151744,-0.4523374066066901,93
25,,"EMCOR Group, Inc.",EME,USD,Q2 2026,765.52,36861055247.5,951.47,564.01,-0.19543443303519825,0.35728089927483553,1.982,25.6129,0.19758665551528676,,1.860613010942105,Construction – Special Contractors,industrials,0.403492,0.155102,0.194261,0.077383,0.05782048251470942,0.0259,0.0495,0.2425241979118653,16.8733,9.037,0.17837627869562783,0.11609406893067277,0.19758665551528676,0.2425241979118653,-1.860613010942105,0.09260564871318958,0.7313935789600305,0.31345524938259933,0.24149768738749885,-1.3514451307232338,0.2491484285909184,21
26,,EMERSON ELECTRIC CO,EMR,USD,Q3 2026,159.39,80178315000.0,165.79,121.73,-0.03860305205380299,0.3093732029902241,4.3021,31.101,0.0702833296727432,,1.530791214994391,Electronic & Other Electrical Equipment,industrials,0.128054,0.060879,0.531631,0.138381,0.15651729381874765,0.643,2.9336,0.23116580183468782,20.3862,3.9344,0.14195476969313892,-0.36587681516875037,0.0702833296727432,0.23116580183468782,-1.530791214994391,-0.2390834239956822,-0.2211365706112248,-0.5675769846796008,0.2077513839559195,-0.8750300432337135,-0.20247115619534872,74
27,,Eaton Corp plc,ETN,USD,Q2 2026,431.41,165462396000.0,478.0,309.33,-0.0974686192468619,0.3946594252093236,5.5108,43.2242,0.21385885031303364,,1.7588718809275363,Misc. Industrial And Commercial Equipment And Machinery,industrials,0.196888,0.079307,0.359034,0.127694,-0.23079323247293923,1.0154,3.197,0.15330175734091922,28.7612,8.169,0.09044502822900088,-0.525752890353277,0.21385885031303364,0.15330175734091922,-1.7588718809275363,-0.708180362855248,-0.5371033371368309,0.42607075287295026,-0.02358617937984206,-1.2044839233297193,-0.5351589284830248,97
28,,EXPEDITORS INTERNATIONAL OF WASHINGTON INC,EXPD,USD,Q2 2026,188.58,21316338856.3,194.59,111.78,-0.030885451462048352,0.6870638754696727,1.771,23.2002,0.32069641028928486,,0.5213688725598845,Arrangement Of Transportation Of Freight And Cargo,industrials,0.426705,0.185726,0.155869,0.076548,0.06990881007663508,0.0,0.0,0.5896472886728463,16.2657,10.061,0.1921571442519768,0.13067954429666215,0.32069641028928486,0.5896472886728463,-0.5213688725598845,0.2181073822409975,0.7602191895731973,1.1654649008628724,1.2728159359617854,0.5830422839846139,0.7339739642981078,4
29,,FEDEX CORP,FDX,USD,Q4 2026,289.65,78386304078.8,342.73,176.88,-0.15487409914509975,0.6375508819538669,0.8276,17.6825,0.10577982915403683,,0.897082253437447,Air Transportation,industrials,0.148457,0.047523,0.263841,0.046801,0.03464392749155405,0.8125,2.4043,0.7731072847909772,8.4889,2.4769,0.44659941161547234,-0.3822191532154923,0.10577982915403683,0.7731072847909772,-0.897082253437447,2.5353018651487034,-0.2534343093700582,-0.32191521557489666,1.8178838006930247,0.04033854086951945,0.8592191816747493,2
30,,"FedEx Freight Holding Company, Inc.",FDXF,USD,,112.3,0.0,200.0,110.5,-0.4385,0.016289592760180938,0.0,0.0,,,0.3501313619086757,Air Transportation,industrials,0.0,0.0,0.365556,0.16702,,0.0,0.0,,0.0,0.0,0.1310670899802025,0.09020871780994565,0.10577982915403683,0.13353504790721127,-0.3501313619086757,-0.3382370419220644,0.6802357638550742,-0.32191521557489666,-0.08231395836036966,0.8303883800301161,0.3011366038761717,17
31,,Ferrovial N.V.,FER,USD,,55.77,,74.07,53.91,-0.2470635884973672,0.03450194769059567,,,,,0.9588615137359283,Heavy Construction – Not Building Contractors,industrials,,,0.841478,0.040392,,,,0.07480079517336358,,,0.1310670899802025,-0.19091571076148295,0.10577982915403683,0.07480079517336358,-0.9588615137359283,-0.3382370419220644,0.12464308631059864,-0.32191521557489666,-0.25681605364881194,-0.04889925985122102,-0.08227034508339769,59
32,,Ferguson Enterprises Inc. /DE/,FERG,USD,Q2 2026,227.3,46042020000.0,268.59,212.13,-0.1537287315238839,0.07151275161457615,1.4659,23.5268,0.046394834389573036,,1.1693172869915338,"Wholesale – Hardware, Plumbing & Heating Equipment",industrials,0.334816,0.109229,0.306791,0.062307,0.01577576114220339,0.7908,1.5608,0.05484173077975352,16.0754,7.4249,0.23039207249934163,-0.2175258912653995,0.046394834389573036,0.05484173077975352,-1.1693172869915338,0.5663111838625073,0.07205277421555299,-0.7329028646471625,-0.3161153278298343,-0.35289465027150296,0.048412017628450564,45
33,,FAIR ISAAC CORP,FICO,USD,Q3 2026,840.89,27708030670.7,1998.01,832.0,-0.5791362405593565,0.010685096153846052,11.576,33.9969,0.256840319528723,,0.3808067433596304,Services – Misc. Business Services,industrials,-0.296662,0.418022,0.850996,0.340502,0.37920418156940977,-1.3625,4.404,-0.2527190059159369,26.023,0.0,0.08229607878114667,-0.19277683120437,0.256840319528723,-0.2527190059159369,-0.3808067433596304,-0.782392485305351,0.12096491115040031,0.7235339934893972,-1.2298920506743158,0.7860789537966607,-0.3060700526178969,84
34,,"Fidelity National Information Services, Inc.",FIS,USD,Q2 2026,34.31,20096261390.9,66.59,34.22,-0.4847574710917555,0.0026300409117476775,1.6471,5.9597,0.29090214067278297,,0.37257550255231403,Services – Misc. Business Services,industrials,0.223414,0.08712,0.359561,0.276617,-1.016463520867142,1.32,5.0306,-0.347572120275054,9.6261,1.253,0.4192225470551634,-0.9171930744095916,0.29090214067278297,-0.347572120275054,-0.37257550255231403,2.285981969614866,-1.3107155808806794,0.9592667379417761,-1.5117049014362944,0.7979686692658791,-0.32181550198885495,87
35,,FISERV INC,FISV,USD,Q2 2026,46.02,26156108013.3,130.64,44.82,-0.6477342314758113,0.02677376171352086,1.2535,9.3381,-0.040609137055837574,,0.6315806491186765,Services – Misc. Business Services,industrials,0.106853,0.034664,0.562206,0.134908,0.20022261923703633,1.0357,3.4989,-0.591325975439142,6.5754,0.9722,0.5213828405257386,-0.49939234010899486,-0.040609137055837574,-0.591325975439142,-0.6315806491186765,3.019867667537401,-0.4850063750685019,-1.3350340566447967,-2.235908521656293,0.4238455486058639,0.0057487044548968635,48
36,,COMFORT SYSTEMS USA INC,FIX,USD,Q2 2026,1658.3,69769444246.8,2072.1,768.9,-0.19970078664157132,1.1567173884770452,6.2139,48.6401,0.502612363854547,,2.4139221924676715,Construction – Special Contractors,industrials,0.552918,0.211696,0.25661,0.127752,0.15494400006626277,0.0168,0.0275,1.069738358763022,34.5148,21.6859,0.06414367187744754,0.17994571429518041,0.502612363854547,1.069738358763022,-2.4139221924676715,-0.947705652667819,0.8575850550760004,2.4244565094512818,2.699188006100113,-2.150679278872273,0.5314028498107017,6
37,,Fortive Corp,FTV,USD,Q2 2026,55.76,19099542965.6,64.48,47.5,-0.13523573200992567,0.17389473684210532,4.4255,35.7402,0.07910271546635173,,0.6226185337051687,Industrial Measurement Instruments & Related Products,industrials,0.064939,0.035795,0.632305,0.123824,1.462679296641959,0.5782,2.8235,0.2610088137935975,17.8964,3.1514,0.15678482806331517,-0.15459395762257727,0.07910271546635173,0.2610088137935975,-0.6226185337051687,-0.10402673788511878,0.19642660289114608,-0.5065403768975705,0.2964163090064885,0.43679098475130995,0.17858628206207044,28
38,,GENERAL DYNAMICS CORP,GD,USD,Q2 2026,334.16,101016492052.0,400.0,305.43,-0.16459999999999997,0.09406410634187878,1.8413,22.5131,0.08074534161490687,,0.4116883020743631,Ship Building And Repairing,industrials,0.178034,0.076667,0.153752,0.081789,0.09888502466961958,0.2802,1.1314,0.1921367779810712,15.6856,3.7656,0.22920695153243342,-0.11749613933291148,0.08074534161490687,0.1921367779810712,-0.4116883020743631,0.5555183395974671,0.26974387488829266,-0.4951722011188754,0.09179440617021564,0.7414717123176152,0.3461191892673502,11
39,,GENERAL ELECTRIC CO,GE,USD,Q2 2026,318.24,389440960021.1,388.84,268.58,-0.18156568254294814,0.1848983543078413,7.6907,43.4063,0.21101333575251746,,1.2385921952113956,Electronic & Other Electrical Equipment,industrials,0.482748,0.071024,0.353805,0.177377,0.14190428063707097,1.0722,1.5304,0.15913100179113515,28.884,22.0772,0.05824553719100535,-0.19653453133756127,0.21101333575251746,0.15913100179113515,-1.2385921952113956,-1.001419704568424,0.11353848190332937,0.4063777084554864,-0.006267233055272625,-0.4529596304089161,-0.2237977308936658,76
40,,GE Vernova Inc.,GEV,USD,Q2 2026,949.77,315708373325.7,1195.94,529.18,-0.20583808552268512,0.7947957216826034,7.6317,33.1313,0.218746570080123,,1.9701256877849342,Electronic & Other Electrical Equipment,industrials,0.825774,0.142249,0.202089,0.230178,0.01578310154225488,0.213,0.3143,0.5736040106667795,34.3219,26.4059,0.05705539591896339,0.12696758593460783,0.218746570080123,0.5736040106667795,-1.9701256877849342,-1.0122582685304273,0.7528831608410541,0.4598973527466639,1.2251506385068254,-1.509632043050759,0.21418726002958374,24
41,,CORNING INC /NY,GLW,USD,Q2 2026,151.59,219832719639.8,271.27,76.98,-0.4411840601614627,0.9692127825409196,12.9588,115.7014,0.1664940445365095,,2.8301849817198526,"Rolling, Drawing & Extruding Of Nonferrous Metals",industrials,0.168126,0.067227,0.36377,0.122259,0.04400531917000708,0.6417,2.0265,0.9441780896133516,54.443,17.5026,0.040328194901198385,-0.27183038297571327,0.1664940445365095,0.9441780896133516,-2.8301849817198526,-1.1645921488816842,-0.03527044243034248,0.09827161351010798,2.326142823234076,-2.75195510599089,-0.06332616966749732,56
42,,GENERAC HOLDINGS INC.,GNRC,USD,Q2 2026,205.21,17237338483.6,296.44,134.8,-0.3077519902847119,0.5223293768545993,3.8834,66.7609,0.10586532399646043,,2.068809035094,Electrical Industrial Apparatus,industrials,0.094905,0.04637,0.395394,0.058298,0.03501295509618512,0.4619,2.1493,0.20108364787531974,29.5919,5.9901,0.1183050721749242,-0.2830314349862593,0.10586532399646043,0.20108364787531974,-2.068809035094,-0.45446017401243444,-0.05740733928231066,-0.321323528660806,0.11837595731200327,-1.6521763991837914,-0.28377490996821075,83
43,,GLOBAL PAYMENTS INC,GPN,USD,Q2 2026,84.7,19848316867.9,95.61,60.75,-0.11410940278213577,0.39423868312757215,1.9446,0.0,0.6862910281741563,,1.089979194539505,Services – Misc. Business Services,industrials,-0.035996,-0.015219,0.639069,-0.083567,-1.9761417207322438,0.9827,6.1802,0.10350053219162714,10.194,0.8588,0.45302019728413634,-1.2335363886760349,0.6862910281741563,0.10350053219162714,-1.089979194539505,2.5937756764440025,-1.935912152696671,3.695647367223714,-0.17154784964852285,-0.2382937817989507,-0.34860963766607506,89
44,,GARMIN LTD,GRMN,USD,Q2 2026,294.05,44840996457.1,313.07,183.64,-0.060753186188392316,0.6012306686996298,5.8452,23.886,0.11436796938548333,,0.9863499720964846,"Search, Detection, Navigation, Guidance",industrials,0.218874,0.172641,0.600808,0.244712,0.1639424047280842,0.0,0.0,0.24006366264638035,17.4344,4.9663,0.11791527175544156,0.20013962924686918,0.11436796938548333,0.24006366264638035,-0.9863499720964846,-0.4580100692040612,0.8974947539062587,-0.2624789964150816,0.23418732691855926,-0.08860529643126712,0.33930313718030713,12
45,,"W.W. GRAINGER, INC.",GWW,USD,Q2 2026,1255.69,64228727087.6,1417.14,901.22,-0.11392664098113103,0.39332238521115825,3.4083,34.3469,0.10254721124286337,,0.5211233241284128,Wholesale – Durable Goods,industrials,0.460912,0.213527,0.393951,0.105121,0.08077835799416291,0.5336,0.7758,0.39958229077299934,21.4013,15.548,0.10838979972727558,-0.00787294885797672,0.10254721124286337,0.39958229077299934,-0.5211233241284128,-0.5447581219528026,0.48639470892088893,-0.3442872986395078,0.7081243151317621,0.5833969693901869,0.3173009101590735,16
46,,"HUNTINGTON INGALLS INDUSTRIES, INC.",HII,USD,Q2 2026,257.05,11028793676.8,455.9,256.81,-0.43617021276595735,0.000934543047389047,0.8365,16.685,0.10902011680726797,,0.8192452862944893,Ship Building And Repairing,industrials,0.129684,0.053349,0.124005,0.050133,-0.01618078133485021,0.5087,2.5419,0.10904268377010817,12.9057,2.0762,0.45363141097350423,-0.38708711161926435,0.10902011680726797,0.10904268377010817,-0.8192452862944893,2.5993419724983355,-0.2630549675870286,-0.29949005227899517,-0.1550818691033451,0.1527710907098875,0.4432301585724171,8
47,,HONEYWELL INTERNATIONAL INC,HON,USD,Q2 2026,211.52,70725256242.5,251.25,186.02,-0.15812935323383082,0.13708203418987197,1.8584,8.6114,0.04258742759064571,,0.7467387785558768,Aircraft Engines & Engine Parts,industrials,0.462786,0.105506,0.36511,0.215913,0.23531551333000497,1.8024,4.8354,0.1365505775063134,12.4073,3.8154,0.24922896360739943,-0.7504527838099992,0.04258742759064571,0.1365505775063134,-0.7467387785558768,0.737857918620881,-0.9811829074679405,-0.7592529077103857,-0.07335468487080697,0.25750399390870077,-0.25980235205143487,79
48,,Honeywell Aerospace Inc.,HONA,USD,Q2 2026,152.32,0.0,266.62,149.19,-0.42870002250393824,0.020979958442254754,0.0,0.0,0.054325017486593685,,1.85627842187444,Aircraft Engines & Engine Parts,industrials,0.0,0.0,0.364654,0.198648,,0.0,0.0,,0.0,0.0,0.1310670899802025,0.09459814638137422,0.054325017486593685,0.13353504790721127,-1.85627842187444,-0.3382370419220644,0.6889106925522456,-0.6780201906537742,-0.08231395836036966,-1.3451839810500623,0.06326186539933909,43
49,,Howmet Aerospace Inc.,HWM,USD,Q2 2026,228.32,107520923917.3,309.85,183.45,-0.2631273196708085,0.24458980648678108,11.7935,57.4978,0.2406234778373113,,1.0663228225909942,"Rolling, Drawing & Extruding Of Nonferrous Metals",industrials,0.347318,0.154011,0.360316,0.205221,0.013999955972359318,0.7852,1.6261,0.4127320596488042,40.267,18.758,0.04508231479892985,-0.19006200628966294,0.2406234778373113,0.4127320596488042,-1.0663228225909942,-1.1212965890981073,0.12633028210407862,0.6113015740277942,0.7471928673747757,-0.2041230488455681,-0.04966770709732407,54
50,,IDEX CORP /DE/,IEX,USD,Q2 2026,231.15,16742930109.9,243.8,157.61,-0.05188679245283023,0.46659475921578575,4.6699,32.2289,0.06378553270164078,,0.6500867793416324,General Industrial Machinery & Equipment,industrials,0.12955,0.075228,0.446992,0.144841,0.17034503246590244,0.464,1.9408,0.4908226922608856,18.7713,4.1774,0.1344553910165858,-0.20540628107629968,0.06378553270164078,0.4908226922608856,-0.6500867793416324,-0.3073799341416129,0.09600503873406104,-0.6125464978014631,0.9792036341578038,0.3971141446853672,0.23608685551711037,22
51,,Ingersoll Rand Inc.,IR,USD,Q2 2026,76.38,32085707019.7,100.89,68.05,-0.24293785310734473,0.12240999265246133,4.0399,33.454,0.08522697176757243,,1.1787377372956687,General Industrial Machinery & Equipment,industrials,0.094704,0.053292,0.428206,0.121629,0.11802093883306893,0.4655,2.3804,-0.01803278280829934,17.8447,3.1527,0.16266254021326218,-0.2900068658809901,0.08522697176757243,-0.01803278280829934,-1.1787377372956687,-0.05049867312172952,-0.07119304388124503,-0.4641560387404694,-0.5326287713883457,-0.3665021338004162,-0.2019476887050608,73
52,,ILLINOIS TOOL WORKS INC,ITW,USD,Q2 2026,273.83,77814219000.0,301.92,234.38,-0.09303789083200853,0.16831640924993585,4.7249,24.3626,0.061189242536392685,,0.48315653761906113,General Industrial Machinery & Equipment,industrials,1.046184,0.1963,0.441618,0.19394,0.18053064686987674,3.3485,2.0104,0.11981419520635095,17.9739,26.8881,0.08637965372450643,-0.4714753361614462,0.061189242536392685,0.11981419520635095,-0.48315653761906113,-0.7452035487841425,-0.42983335772861136,-0.6305147269064235,-0.1230792262236381,0.6382385539633791,-0.31307338077406976,85
53,,JACOBS SOLUTIONS INC.,J,USD,Q3 2026,138.37,14841585681.5,166.66,105.09,-0.16974678987159486,0.31668094014654113,1.0438,43.8546,0.34456528335941283,,0.8724287434640382,Heavy Construction – Not Building Contractors,industrials,0.075243,0.025963,0.22067,0.021141,0.05022076200966354,1.1011,4.933,0.04063894761569187,23.7516,4.5464,0.3107243099101329,-0.8058374625700481,0.34456528335941283,0.04063894761569187,-0.8724287434640382,1.29789331939658,-1.0906409226379659,1.3306549807476051,-0.35831243268255164,0.07594960191888457,-0.2674947016894358,81
54,,HUNT J B TRANSPORT SERVICES INC,JBHT,USD,Q2 2026,226.07,27293018324.3,299.26,130.64,-0.24456993918331882,0.7304807103490509,2.1488,40.4638,0.19367484455366668,,0.7813886269080561,"Trucking & Courier Services, Except Air",industrials,0.184481,0.083345,0.336963,0.053105,0.09840212276528958,0.3132,0.6842,1.0056318208538801,16.9861,7.463,0.17073887732375465,-0.03444341103353006,0.19367484455366668,1.0056318208538801,-0.7813886269080561,0.023052171981377895,0.4338828930722031,0.28638265306246946,2.5087246109578354,0.207453600826677,0.7785043043326574,3
55,,Johnson Controls International plc,JCI,USD,Q3 2026,148.89,89143990754.3,156.62,103.24,-0.04935512705912415,0.4421735761332817,3.5665,24.9075,0.09286186384666228,,1.0605495128888247,"Air Conditioning, Warm Air Heating And Refrigeration Equipment",industrials,0.23894,0.088884,0.366513,0.146069,0.149939745125025,0.7011,2.5186,0.3569388428803122,26.0529,6.6121,0.127539202146321,-0.3184791792678536,0.09286186384666228,0.3569388428803122,-1.0605495128888247,-0.37036536049780217,-0.12746353204507802,-0.41131699482119133,0.5814287216538347,-0.19578372172814737,-0.031501236399599356,51
56,,"Keysight Technologies, Inc.",KEYS,USD,Q3 2026,359.74,54529294021.4,374.96,158.79,-0.040590996372946386,1.2655079035203731,8.2846,43.2772,0.3653846153846154,,1.8363862477257733,Industrial Measurement Instruments & Related Products,industrials,0.205866,0.111643,0.646916,0.191431,0.04859940323609844,0.383,1.3747,0.890674867985841,29.6304,8.2985,0.07451639284670482,-0.0790349423948431,0.3653846153846154,0.890674867985841,-1.8363862477257733,-0.8532417412597084,0.3457556234829452,1.474740003542171,2.167182355634527,-1.3164504891952786,0.2993836926095711,18
57,,"L3HARRIS TECHNOLOGIES, INC. /DE/",LHX,USD,Q2 2026,237.7,56274115848.6,374.59,234.59,-0.36543954723831384,0.01325717208747168,2.454,30.2549,0.08385551050497608,,0.27275902400173635,"Search, Detection, Navigation, Guidance",industrials,0.093401,0.044525,0.25484,0.08172,0.14830897227891157,0.5275,2.7511,-0.08360944231199785,16.6884,2.8304,0.21344481869113724,-0.3794007182458698,0.08385551050497608,-0.08360944231199785,-0.27275902400173635,0.4119732924747267,-0.2478641714805304,-0.47364755494492056,-0.7274599636275133,0.9421497905435885,-0.07558669307601183,58
58,,LENNOX INTERNATIONAL INC,LII,USD,Q2 2026,368.41,19938641665.6,587.27,350.22,-0.3726735573075416,0.051938781337445006,3.7604,25.2868,0.029582250649610176,,1.3975744766266804,"Air Conditioning, Warm Air Heating And Refrigeration Equipment",industrials,0.717568,0.192371,0.333296,0.148712,0.007007269435328731,1.219,1.3614,-0.23425284984601857,18.4829,15.3705,0.10615980926529872,-0.1687779615092388,0.029582250649610176,-0.23425284984601857,-1.3975744766266804,-0.5650665465277478,0.16839442960141282,-0.8492582553232726,-1.1750282739829487,-0.6826035121666687,-0.3876906038647123,92
59,,LOCKHEED MARTIN CORP,LMT,USD,Q2 2026,518.1,116987974699.2,683.27,429.47,-0.24173459979217582,0.20637064288541684,1.519,18.6079,0.10509501514734243,,0.02901600347872056,Guided Missiles And Space Vehicles And Parts,industrials,0.891647,0.103643,0.117979,0.081635,0.10281680970343055,2.3424,1.8511,0.19119575075369544,12.0536,13.3426,0.21749478508128614,-0.41368274147093853,0.10509501514734243,0.19119575075369544,-0.02901600347872056,0.4488561573872922,-0.31561652289320163,-0.3266546299636559,0.08899857213373505,1.2942273484071118,0.12305230176403999,33
60,,SOUTHWEST AIRLINES CO,LUV,USD,Q2 2026,42.28,25132744322.5,54.38,28.75,-0.22250827510114013,0.470608695652174,0.8358,30.0272,0.16399779127553837,,1.559141412314496,Air Transportation,industrials,0.110993,0.028453,0.308726,0.027833,-0.00517522798284118,0.8396,2.2404,0.26153885387678066,10.2817,3.5488,0.40220179858327415,-0.37273860399754877,0.16399779127553837,0.26153885387678066,-1.559141412314496,2.130974765573263,-0.23469768178007586,0.08099571303584499,0.29799108183149486,-0.9159808290900374,0.3336844598443528,13
61,,Mastercard Inc,MA,USD,Q2 2026,568.26,453049227604.6,601.23,463.74,-0.054837582954942454,0.22538491396040872,12.9136,27.8679,0.14066150252059506,,0.2891020107395343,Services – Misc. Business Services,industrials,2.412018,0.29796,1.0,0.463387,0.4354050882336174,4.3958,1.0185,0.04956360268874738,19.2432,80.743,0.044418175708604866,-0.11507570168091183,0.14066150252059506,0.04956360268874738,-0.2891020107395343,-1.1273448744397319,0.2745274415201133,-0.08050849339720756,-0.3317968827694202,0.9185429654271478,-0.10018119810118924,62
62,,MASCO CORP /DE/,MAS,USD,Q2 2026,68.36,16415131138.7,83.27,57.51,-0.17905608262279327,0.18866284124500088,2.1542,18.5482,-0.028766455387615797,,1.144831556658591,Heating Equipment & Plumbing Fixtures,industrials,58.625,0.175508,0.369685,0.123097,0.15597548888451443,-27.5169,2.4286,0.051985027387163596,14.481,0.0,0.190533935310869,12.076795069840644,-0.028766455387615797,0.051985027387163596,-1.144831556658591,0.2033248901577617,7.6458920424514,-1.253074027569468,-0.32460272154681036,-0.31752594055571737,3.3359429518301984,1
63,,MOODYS CORP /DE/,MCO,USD,Q2 2026,460.08,79125124000.0,543.25,399.61,-0.15309710078232863,0.15132253947598895,9.6967,28.3095,0.15121180189673344,,0.5267718823347303,"Services – Consumer Credit Reporting Agencies, Collection Services",industrials,0.769315,0.185531,0.749755,0.342892,0.3693257588112745,2.1939,1.6221,0.08619829104403887,19.7842,26.1571,0.056806905489117,-0.19988303445553227,0.15121180189673344,0.08619829104403887,-0.5267718823347303,-1.0145212598921292,0.10692075813405957,-0.007492696143952408,-0.22295358297966456,0.5752378410817625,-0.163558756902843,71
64,,MERCADOLIBRE INC,MELI,USD,Q2 2026,1712.41,86052889755.0,2548.5,1495.0,-0.3280714145575828,0.1454247491638796,2.4459,46.1905,0.4976435935198822,,1.0809924813336944,Services – Misc. Business Services,industrials,0.275042,0.044197,0.304019,0.052953,0.10172756723892899,1.6164,3.0765,-0.22529842511786535,18.9886,10.9845,0.14354937002095325,-0.5592802046801529,0.4976435935198822,-0.22529842511786535,-1.0809924813336944,-0.22456146928925158,-0.6033641399863113,2.390068980299795,-1.1484242770912867,-0.22531281507451933,-0.598304540864538,101
65,,MSCI Inc.,MSCI,USD,Q2 2026,542.72,40770912000.0,642.47,495.54,-0.15526016778993568,0.09520926665859464,12.2297,30.0227,0.12203960139769632,,0.344107986174799,Services – Misc. Business Services,industrials,-0.759573,0.247446,0.829752,0.407349,0.45836103845694676,-2.3723,3.0936,0.022420680436546547,22.6887,0.0,0.08352694668253574,0.06600500549384954,0.12203960139769632,0.022420680436546547,-0.344107986174799,-0.7711830257299402,0.6324014102183204,-0.20938568525537957,-0.4124397203777168,0.8390889180554807,0.11127211852371646,35
66,,NORDSON CORP,NDSN,USD,Q3 2026,331.32,16591690555.4,338.1,220.54,-0.020053238686779107,0.5023125056679061,5.5681,29.8854,0.10270677766554415,,0.8395870020787187,General Industrial Machinery & Equipment,industrials,0.177633,0.092858,0.552856,0.186314,0.24514800172495085,0.5322,2.093,0.507565262817756,21.9174,5.0754,0.11392757150299623,-0.1957701426107213,0.10270677766554415,0.507565262817756,-0.8395870020787187,-0.4943258791526313,0.11504916093463216,-0.3431829821503248,1.02894656109905,0.12338825299540575,0.18364736229186354,27
67,,NORTHROP GRUMMAN CORP /DE/,NOC,USD,Q2 2026,505.8,72011568872.6,767.12,476.85,-0.3406507456460528,0.06071091538219564,1.6789,16.0168,0.050719737223456685,,0.07573666760049355,"Search, Detection, Navigation, Guidance",industrials,0.269585,0.089728,0.200597,0.104821,0.06193244839830271,0.8068,1.9382,-0.05848865657031643,11.3021,4.0266,0.24872253711053327,-0.28833379308595675,0.050719737223456685,-0.05848865657031643,-0.07573666760049355,0.7332459148972226,-0.06788651161493496,-0.702971370079995,-0.6528249841534455,1.2267411193021331,0.1240041038144386,32
68,,NORFOLK SOUTHERN CORP,NSC,USD,Q2 2026,313.05,70655026774.6,357.18,273.59,-0.12355115068032918,0.1442304177784277,5.6344,26.8039,0.11414790996784574,,0.2479186288762958,"Railroads, Line-Haul Operating",industrials,0.169845,0.059052,0.501276,0.210207,0.1859261187878788,1.0223,2.9885,0.20196401742645742,14.7567,4.3472,0.1281470359633864,-0.4120705544588744,0.11414790996784574,0.20196401742645742,-0.2479186288762958,-0.3648298447911428,-0.3124303206009041,-0.264001968726013,0.12099157467582373,0.9780308001140934,-0.08437411361335122,60
69,,"OLD DOMINION FREIGHT LINE, INC.",ODFL,USD,Q2 2026,176.85,45045930097.8,251.64,125.23,-0.2972103004291845,0.41220154914956475,8.0403,41.354,0.10391241464946255,,0.9987069650632486,"Trucking & Courier Services, Except Air",industrials,0.248184,0.193021,0.502251,0.194427,0.2106711565911475,0.0044,0.011,0.43125593819547636,24.6917,9.906,0.0725008213098153,0.19045059379873536,0.10391241464946255,0.43125593819547636,-0.9987069650632486,-0.8715974621608823,0.8783460901817747,-0.33483909138093954,0.8022281401296822,-0.10645450457244633,0.3631323568991391,10
70,,Otis Worldwide Corp,OTIS,USD,Q2 2026,66.33,27474071041.6,93.43,65.13,-0.29005672696136153,0.018424689083371693,1.8425,18.1227,0.07343532684283738,,0.26887047413293663,Electronic & Other Electrical Equipment,industrials,-0.296116,0.145767,0.301656,0.105828,0.09587435110991886,-1.5468,3.4349,-0.1835839613310276,14.41,0.0,0.21056830198463958,-0.21929866412715443,0.07343532684283738,-0.1835839613310276,-0.26887047413293663,0.38577698196643373,0.06854920241303941,-0.5457628561786646,-1.0244887369964333,0.9477666534941658,-0.006162227434852868,49
71,,PAYCHEX INC,PAYX,USD,Q4 2026,99.3,45292655392.4,127.98,83.5,-0.2240975152367558,0.18922155688622744,6.8599,25.886,0.12485111749457012,,0.057662048312336706,"Services – Engineering, Accounting, Research, Management",industrials,0.470551,0.111745,0.743915,0.273533,0.20419295775491403,1.2301,1.3667,0.04231392372516796,13.3472,12.2231,0.08528500679486067,-0.11326614889215514,0.12485111749457012,0.04231392372516796,-0.057662048312336706,-0.7551724499906523,0.27810370233875636,-0.1899279351020622,-0.3533360036474169,1.2528492220270122,0.01647190267843325,47
72,,PDD Holdings Inc.,PDD,USD,,78.49,157855487326.2,139.41,71.94,-0.4369844344021233,0.09104809563525151,2.5562,11.2824,,,0.9670462086391097,Services – Misc. Business Services,industrials,0.27424,0.175677,0.562803,0.226568,,0.0,0.0,-0.35356079688573394,6.2744,2.6704,0.25342321077257535,0.19116757495280282,0.10577982915403683,-0.35356079688573394,-0.9670462086391097,0.7760547421746208,0.8797630765360434,-0.32191521557489666,-1.5294975278497793,-0.06072174152551386,0.21682722147426026,23
73,,Parker-Hannifin Corp,PH,USD,Q4 2026,969.55,123327618808.7,1097.73,709.46,-0.11676823991327567,0.3666027683026525,5.7364,33.8069,0.09765401487697889,,0.8288998684582051,Misc. Fabricated Metal Products,industrials,0.250756,0.120886,0.376855,0.169729,0.1294375652867575,0.5528,1.4438,0.36571941979685696,22.2599,8.0062,0.09343303821542794,-0.13556234781617751,0.09765401487697889,0.36571941979685696,-0.8288998684582051,-0.680968687974476,0.23403921131529346,-0.3781518005871822,0.6075162089114259,0.1388254125809304,0.1031196999684449,38
74,,"QUANTA SERVICES, INC.",PWR,USD,Q2 2026,644.36,108032803069.6,788.63,404.26,-0.18293749920748636,0.5939247019245042,3.2832,81.4189,0.41104194931438864,,1.6254722101293853,Construction – Special Contractors,industrials,0.153365,0.056054,0.154565,0.04104,-0.05088799185476798,0.6267,1.9911,0.5543057165346106,37.0938,11.2091,0.10825874221905721,-0.3233805702649669,0.41104194931438864,0.5543057165346106,-1.6254722101293853,-0.5459516568875994,-0.1371502638656344,1.7907221874108425,1.167814542365171,-1.011793153298107,-0.03518538197838908,52
75,,"PayPal Holdings, Inc.",PYPL,USD,Q2 2026,54.28,38089315187.7,78.34,38.12,-0.30712279805973963,0.4239244491080798,1.1161,7.7702,0.04753861003860993,,1.134918626119238,Services – Misc. Business Services,industrials,0.244971,0.060327,1.0,0.143636,0.14241665293307548,0.6761,1.9761,-0.07098671442142057,5.342,1.9218,0.4330537988150349,-0.15154990672384633,0.04753861003860993,-0.07098671442142057,-1.134918626119238,2.4119425680711584,0.20244263073334362,-0.7249870996137862,-0.6899572737551654,-0.3032070879868229,0.4389482248420598,9
76,,"Reddit, Inc.",RDDT,USD,Q2 2026,143.08,33415719163.2,263.5,119.27,-0.45700189753320675,0.19963108912551375,12.0251,38.3606,0.611011814813851,,1.994475386474415,"Services – Computer Processing, Data Preparation And Processing",industrials,0.307119,0.277914,0.914424,0.313475,0.21827776275948835,0.0,0.0,-0.33856068743286793,35.0153,10.17,0.05902879167422176,0.2901728232513555,0.611011814813851,-0.33856068743286793,-1.994475386474415,-0.9942866406084612,1.0754294271007092,3.174660086755428,-1.48493153088473,-1.5448042602117238,-0.24461365497725213,77
77,,Rocket Lab Corp,RKLB,USD,Q2 2026,72.19,58830038133.5,151.0,37.57,-0.5219205298013245,0.9214799041788659,76.4875,0.0,0.6198563301914213,,3.655781017618359,Guided Missiles And Space Vehicles And Parts,industrials,-0.079155,-0.057645,0.372641,-0.21512,-1.1961042506884259,0.0043,-0.0937,0.44820930731288855,0.0,16.8464,0.04094919354269721,-0.15514046438406082,0.6198563301914213,0.44820930731288855,-3.655781017618359,-1.1589367417007752,0.19534652900197264,3.2358706096598824,0.8525973590349211,-3.266805998190366,-0.3442331830571316,88
78,,"ROCKWELL AUTOMATION, INC",ROK,USD,Q3 2026,431.22,55089508651.2,495.83,328.32,-0.13030675836476202,0.3134137426900585,6.1395,45.8697,0.0788246268656716,,1.3672458302063932,Misc. Measuring And Controlling Devices,industrials,0.306289,0.097918,0.490917,0.121587,0.17885002705895464,0.9319,1.745,0.29045140466976527,30.9965,15.7669,0.07009157815765912,-0.2116198532772922,0.0788246268656716,0.29045140466976527,-1.3672458302063932,-0.8935383330625869,0.0837250130037883,-0.5084649536476507,0.3838915650873547,-0.638794931547423,-0.14702093505363714,69
79,,ROPER TECHNOLOGIES INC,ROP,USD,Q2 2026,354.0,34063998567.6,517.59,305.19,-0.3160609749029155,0.15993315639437733,4.1139,13.6022,0.08504836386087677,,0.04887820667548848,Industrial Measurement Instruments & Related Products,industrials,0.130656,0.073236,0.695253,0.302441,0.1928559652428052,0.6053,3.4843,-0.13862284808550474,13.3057,1.8216,0.23517989099017206,-0.38502257639388493,0.08504836386087677,-0.13862284808550474,-0.04887820667548848,0.6099136352440087,-0.2589747791111203,-0.4653921362423672,-0.8909072559584826,1.2655371484567637,-0.03692768993518508,53
80,,"REPUBLIC SERVICES, INC.",RSG,USD,Q2 2026,212.93,65366219624.8,232.08,195.84,-0.08251465012064807,0.08726511437908502,3.8701,29.9065,0.046044864226682414,,-0.3833791469846307,Services – Sanitary Services,industrials,0.181441,0.063744,0.420012,0.129366,0.10829816496151569,1.1692,2.6107,-0.02231766048245165,14.6677,5.4327,0.13601908842300145,-0.4110055478626406,0.046044864226682414,-0.02231766048245165,0.3833791469846307,-0.29313941097449664,-0.3103255235563679,-0.7353249144437877,-0.5453593348566939,1.8899165178378596,-0.11426478533888809,65
81,,RTX Corp,RTX,USD,Q2 2026,187.66,255506246794.4,226.41,153.36,-0.1711496842012279,0.223656755346896,2.7327,33.0197,0.14489597330985582,,0.357775638664419,Aircraft Engines & Engine Parts,industrials,0.122742,0.047638,0.203465,0.086898,0.1362846950342246,0.5486,2.5115,0.3409002392477607,19.2376,3.8493,0.17699810756155063,-0.3518674721379679,0.14489597330985582,0.3409002392477607,-0.357775638664419,0.08005470510827294,-0.19344958359033756,-0.051202854798669324,0.5337773119719309,0.8193465118936666,0.1414680235214138,30
82,,Snap-on Inc,SNA,USD,Q2 2026,369.21,21347051564.4,420.41,312.34,-0.12178587569277621,0.1820772235384518,4.0469,20.6511,0.04191710249004754,,0.5558164545146485,"Cutlery, Hand Tools And General Hardware",industrials,0.179319,0.125692,0.5431,0.200667,0.17230380253654098,0.1985,0.8005,0.20649453962467712,13.9162,3.5335,0.1625976267309812,0.03172597179093443,0.04191710249004754,0.20649453962467712,-0.5558164545146485,-0.05108983733578268,0.5646549670670776,-0.7638920482593013,0.13445195902637722,0.5332840570499,0.32873646318882216,14
83,,S&P Global Inc.,SPGI,USD,Q2 2026,395.92,114540160000.0,521.12,360.09,-0.24025176542830828,0.09950290205226486,7.105,23.2758,0.10412782956058586,,0.33734315526500674,"Services – Consumer Credit Reporting Agencies, Collection Services",industrials,0.142518,0.086228,0.709013,0.329756,0.2628839543700763,0.414,1.8088,-0.04667439591948008,15.5115,3.6361,0.13079931693629437,-0.0989144350899891,0.10412782956058586,-0.04667439591948008,-0.33734315526500674,-0.34067563919776345,0.30646732459391535,-0.33334826245607685,-0.61772428665761,0.8488604599891476,0.0175477674060069,46
84,,"STANLEY BLACK & DECKER, INC.",SWK,USD,Q2 2026,88.73,14286366331.6,103.78,59.35,-0.14501830795914428,0.4950294860994102,0.937,23.024,0.0039288249011457665,,1.5113447954776316,"Cutlery, Hand Tools And General Hardware",industrials,0.068861,0.029141,0.318264,0.040695,0.20600636860641278,0.5311,2.9022,0.3969316398901013,11.2553,1.5947,0.456648255983398,-0.3957618044847982,0.0039288249011457665,0.3969316398901013,-1.5113447954776316,2.626816246663353,-0.28019896272302347,-1.0267987465000175,0.7002491126491517,-0.8469404270553348,0.5207104934086201,7
85,,TransDigm Group INC,TDG,USD,Q3 2026,1109.22,74087386698.5,1463.03,1071.25,-0.2418337286316753,0.03544457409568258,7.4028,34.7991,0.2253017434063478,,0.7255057317966288,Misc. Aircraft Parts & Auxiliary Equipment,industrials,-0.289501,0.086141,0.595624,0.21283,-0.01841047250199842,-3.4453,6.5452,-0.08024806201550383,20.5022,0.0,0.09688808730812726,-0.35903092464314273,0.2253017434063478,-0.08024806201550383,-0.7255057317966288,-0.6495037085953198,-0.20760687962482838,0.5052639522604271,-0.7174731522270601,0.2881743254445821,-0.3640229905221657,91
86,,TELEDYNE TECHNOLOGIES INC,TDY,USD,Q2 2026,610.83,28922817562.0,697.67,483.02,-0.12447145498588141,0.26460602045463966,4.5373,29.6705,0.09830217348219605,,1.0565281697350668,"Search, Detection, Navigation, Guidance",industrials,0.091542,0.064112,0.43339,0.152956,0.17191746851468373,0.1856,1.2889,0.10689045936395769,19.4644,2.649,0.17074392210851413,-0.0800832187836166,0.09830217348219605,0.10689045936395769,-1.0565281697350668,0.023098114613210544,0.3436838907324157,-0.373666068417958,-0.16147622420148613,-0.18997504390890868,0.10088936664935587,39
87,,THERMO FISHER SCIENTIFIC INC.,TMO,USD,Q2 2026,678.6,190652960188.9,682.98,434.5,-0.006413072125098784,0.561795166858458,4.1146,27.3651,0.10492860432980189,,0.5731281943398218,Misc. Measuring And Controlling Devices,industrials,0.135172,0.065195,0.40802,0.150833,-0.09363755130136396,0.8057,3.8457,0.37718643243324745,20.7218,3.6191,0.15103750806666466,-0.5694025073287662,0.10492860432980189,0.37718643243324745,-0.5731281943398218,-0.15636732707157708,-0.6233690796496378,-0.3278063146771503,0.6415852170048246,0.5082779048042393,-0.11275140376975748,64
88,,THOMSON REUTERS CORP /CAN/,TRI,USD,,97.33,,160.13,75.78,-0.3921813526509711,0.2843758247558723,,,,,0.23723372709011423,Misc. Publishing,industrials,,,,,,,,-0.3193443151153892,,,0.1310670899802025,-0.24224871076148294,0.10577982915403683,-0.3193443151153892,-0.23723372709011423,-0.3382370419220644,0.023192497113067985,-0.32191521557489666,-1.4278388281233922,0.9934647358994881,-0.27176855730435034,82
89,,TRIMBLE INC.,TRMB,USD,Q2 2026,57.51,12364234967.8,84.42,47.92,-0.3187633262260128,0.20012520868113515,3.2685,0.0,0.10996916752312447,,1.1080326586047844,Misc. Measuring And Controlling Devices,industrials,-0.019391,-0.011871,0.697983,-0.027677,0.2684422004282429,0.2855,5.2455,-0.23055763940985252,46.6993,2.4192,0.19401198967975644,-0.6605019713673939,0.10996916752312447,-0.23055763940985252,-1.1080326586047844,0.23499937757036388,-0.803411046850036,-0.29292192637265735,-1.1640496382869319,-0.2643713266059424,-0.5929017817154691,100
90,,Trane Technologies plc,TT,USD,Q2 2026,452.06,108573608083.3,504.68,345.62,-0.10426408813505583,0.30796828887217176,4.8885,36.8171,0.10564875400250595,,1.0937455333312678,Automatic Controls For Regulating Residential & Commercial Environments & Appliances ,industrials,0.360296,0.132358,0.353892,0.133837,0.1341872624460263,0.534,1.0633,0.12573870327010228,25.7702,12.5913,0.08748686149093571,-0.0689613910791391,0.10564875400250595,0.12573870327010228,-1.0937455333312678,-0.7351202565922157,0.3656642147651561,-0.32282235160468215,-0.10547724743686972,-0.24373411547925516,-0.051363584941866845,55
91,,TEXTRON INC,TXT,USD,Q2 2026,77.37,,101.5,75.51,-0.23773399014778318,0.024632499006754127,,,0.029870828848223896,,0.7116641852020402,Aircraft & Parts,industrials,0.0,,,,,0.0143,0.157,0.000662415055904253,,,0.1310670899802025,0.07544443209565994,0.029870828848223896,0.000662415055904253,-0.7116641852020402,-0.3382370419220644,0.6510567662357071,-0.8472610828743709,-0.47708450126851004,0.3081679150522761,0.14241687706821732,29
92,,"United Airlines Holdings, Inc.",UAL,USD,Q2 2026,111.51,44138237310.7,138.77,84.64,-0.19644015277077176,0.31746219281663524,0.7017,12.6217,0.15988448411656608,,2.1492434909777263,Air Transportation,industrials,0.232591,0.043244,0.380185,0.055595,-0.002371032317451236,2.6604,5.5428,0.13353504790721127,8.7731,2.6435,0.49915255833059313,-1.0705651474739215,0.15988448411656608,0.13353504790721127,-2.1492434909777263,3.0139010495120013,-1.6138283383431888,0.05252861548227654,-0.08231395836036966,-1.7683609230928548,-0.26227778824026066,80
93,,"Uber Technologies, Inc",UBER,USD,Q2 2026,68.16,146888824778.1,101.3,65.41,-0.32714708785784796,0.042042501146613676,2.6597,15.3345,0.12172950754881029,,0.8737844433215906,Services – Misc. Business Services,industrials,0.3716,0.158758,0.423054,0.175041,0.04500164421207019,0.448,1.772,-0.211577868852459,19.7926,5.3774,0.1694205232717504,-0.1495064793982757,0.12172950754881029,-0.211577868852459,-0.8737844433215906,0.011045979899073098,0.20648110318111554,-0.2115317617592324,-1.107659889951028,0.07399134484133314,-0.14370134028201273,68
94,,UNION PACIFIC CORP,UNP,USD,Q2 2026,274.1,161489993936.0,314.53,211.08,-0.12854099767907656,0.298559787758196,6.3554,22.0314,0.11537211569710748,,0.23403626733894778,"Railroads, Line-Haul Operating",industrials,0.396956,0.104874,0.748091,0.288469,0.2816401964659583,1.467,2.2789,0.34785901933574626,14.0311,7.8116,0.10050531683121483,-0.27512425764772025,0.11537211569710748,0.34785901933574626,-0.23403626733894778,-0.6165617592047528,-0.0417802027447198,-0.255529568641688,0.5544521592626188,0.9980833453601488,0.07852703716633352,41
95,,UNITED PARCEL SERVICE INC,UPS,USD,Q2 2026,94.25,91375674992.5,116.86,76.95,-0.1934793770323464,0.22482131254061066,1.0161,19.9947,0.07600961311908017,,0.7634344645071311,"Trucking & Courier Services, Except Air",industrials,0.296023,0.06428,0.244223,0.050817,0.04921476746580673,1.6216,2.3454,0.363788875983998,10.6561,6.0646,0.32322566403774233,-0.4660631760763133,0.07600961311908017,0.363788875983998,-0.7634344645071311,1.4117425988953685,-0.4191371812053595,-0.5279469100982057,0.6017804767839294,0.2333877081419913,0.28709834829768327,19
96,,"UNITED RENTALS, INC.",URI,USD,Q2 2026,1043.92,70971657959.7,1177.15,698.94,-0.11318013847003361,0.4935759864938336,4.2165,26.9036,0.1184377377631245,,0.9829683416338982,Services – Equipment Rental And Leasing,industrials,0.288953,0.087178,0.383555,0.156725,0.09851875532913497,1.5427,1.907,0.12320273056342113,11.4031,7.6942,0.12299918753793616,-0.3478243206672665,0.1184377377631245,0.12320273056342113,-0.9829683416338982,-0.4117110728744363,-0.18545901029601386,-0.23431321911006622,-0.11301173592207248,-0.08372065935608217,-0.20833359090368392,75
97,,VISA INC.,V,USD,Q3 2026,367.74,614281500150.9,385.57,292.74,-0.04624322431724459,0.25620004099200666,13.8078,27.1902,0.14362957137239474,,0.293101894185089,Services – Misc. Business Services,industrials,0.611901,0.232172,0.824559,0.507822,0.4289139602094947,0.6782,0.5129,0.14261603273938328,13.4109,17.721,0.06004930633246929,0.20203828002992782,0.14362957137239474,0.14261603273938328,-0.293101894185089,-0.9849928587210384,0.9012471011414027,-0.059967283542361784,-0.05533394573166776,0.9127652853433129,0.27078889788927907,20
98,,"Verisk Analytics, Inc.",VRSK,USD,Q2 2026,167.77,23522350935.2,250.83,155.1,-0.33114061316429455,0.08168923275306272,7.5007,26.5639,0.04361894900336516,,-0.360396382964753,"Services – Computer Processing, Data Preparation And Processing",industrials,-2.020767,0.190619,0.701786,0.282366,0.39921070031887756,-3.7624,2.5932,-0.21156831478781457,15.9089,0.0,0.10219514003150318,0.10320210004555395,0.04361894900336516,-0.21156831478781457,0.360396382964753,-0.6011726140074113,0.7059148841767229,-0.7521140241916999,-1.1076315043970901,1.8567187860147727,0.14030778732362906,31
99,,WESTINGHOUSE AIR BRAKE TECHNOLOGIES CORP,WAB,USD,Q2 2026,292.37,45745012481.6,306.32,185.19,-0.045540611125620245,0.5787569523192397,3.8184,36.0481,0.17479674796747968,,0.9706946193422753,Railroad Equipment,industrials,0.115533,0.058641,0.34975,0.106511,-0.1288348559015025,0.5844,2.6379,0.5354158478178119,20.7451,4.0793,0.14574369041901486,-0.3886714079859289,0.17479674796747968,0.5354158478178119,-0.9706946193422753,-0.20457789040981852,-0.26618604895499126,0.1557324009964547,1.1116918964239324,-0.06599173255006663,0.0759435648509107,42
100,,"Workday, Inc.",WDAY,USD,Q3 2026,188.6,39603980000.0,249.85,110.36,-0.24514708825295173,0.7089525190286334,3.8999,31.6579,0.125925925925926,,0.36189837241811534,"Services – Computer Processing, Data Preparation And Processing",industrials,0.160056,0.073984,0.757952,0.123191,-0.11705215202391904,0.4627,1.5527,-0.20259526261585992,20.3584,6.1306,0.1250601170914329,-0.14532416457484557,0.125925925925926,-0.20259526261585992,-0.36189837241811534,-0.3929422785207778,0.2147467082119252,-0.18248947371702667,-1.0809721645356631,0.8133913791944483,-0.14171674156341477,67
101,,WASTE MANAGEMENT INC,WM,USD,Q1 2026,206.44,92682529116.0,246.06,190.92,-0.16101763797447777,0.08129059291849994,3.6471,33.172,0.03472914589564646,,-0.3874100733693857,Services – Sanitary Services,industrials,0.299363,0.061983,0.406052,0.109983,0.11963073901152953,2.2841,3.1225,0.01502248902235137,15.5513,9.2488,0.11919044986768976,-0.6299411801412101,0.03472914589564646,0.01502248902235137,0.3874100733693857,-0.44639707849680216,-0.7430130518713854,-0.8136379713512096,-0.43442007839762975,1.8957390382711705,-0.31532749811147054,86
102,,Xylem Inc.,XYL,USD,Q2 2026,100.91,28097747807.5,152.14,100.9,-0.3367293282502958,9.910802775014993e-05,3.0789,27.6009,0.015210777922642249,,0.7824380735079682,General Industrial Machinery & Equipment,industrials,0.091832,0.058437,0.392395,0.110563,0.09489870279421433,0.2743,1.5723,-0.19244185796439428,16.1165,2.6963,0.1984872117721717,-0.15692489960082653,0.015210777922642249,-0.19244185796439428,-0.7824380735079682,0.2757550273677965,0.191819908618872,-0.9487193702596202,-1.0508059445954694,0.2059377149760282,-0.06409827611153665,57
103,,ZEBRA TECHNOLOGIES CORP,ZBRA,USD,Q2 2026,371.87,12726689674.6,386.23,199.05,-0.037179918701292,0.8682240643054508,2.1766,23.6117,0.20417633410672864,,1.7329020263088288,General Industrial Machinery & Equipment,industrials,0.152864,0.065038,0.49581,0.092184,-0.08153350011971953,0.8058,2.6237,0.19584726959631737,14.5381,3.705,0.21011858477768625,-0.38644821430281706,0.20417633410672864,0.19584726959631737,-1.7329020263088288,0.38168142723954473,-0.2617923001179483,0.35906065059851694,0.10281844293364781,-1.1669714523157568,-0.13834899027124054,66
1,,ALBEMARLE CORP,ALB,USD,Q2 2026,107.39,15924715924.5,219.7,78.4,-0.5111970869367319,0.3697704081632651,2.6955,277.3036,0.3107695384633893,,1.4916902232692617,Plastic Material & Synthetic Resin/Rubber,materials,0.026481,0.016778,0.238124,0.047138,0.27950688780657235,0.1782,2.1057,0.6134098182390508,19.6959,1.9807,0.23255971093008676,-0.23941030174191827,0.3107695384633893,0.6134098182390508,-1.4916902232692617,-0.4342756823226602,-0.07946581797155887,1.7716455677709964,0.9045827269558262,-1.1151536642619777,-0.054711427431320125,15
2,,Amcor plc,AMCR,USD,Q4 2026,42.79,20042685661.5,48.76,35.15,-0.12243642329778504,0.21735419630156483,0.8527,18.1218,0.2589531680440771,,0.8042540378213798,Misc. Manufacturing Industries,materials,0.093964,0.029827,0.199524,0.047052,0.08269754341444738,1.1874,4.0983,0.22081078419106603,9.6375,1.7,0.4799810490718598,-0.6903764937979362,0.2589531680440771,0.22081078419106603,-0.8042540378213798,0.75173597345366,-0.29358758297053,1.3172337903000852,-0.19026717508960406,-0.13307560724179918,-0.020498704710645268,12
3,,"Air Products & Chemicals, Inc.",APD,USD,Q3 2026,278.75,64882471479.8,314.87,224.64,-0.11471400895607708,0.24087428774928776,5.1485,0.0,0.04575379627485354,,0.14377380519050867,Industrial Inorganic Chemicals,materials,0.000233,9.7e-05,0.320563,0.000317,0.016912126454111186,1.0645,18.7513,0.17996390616839864,83.5329,4.6733,0.11715124309248222,-2.7825254105065556,0.04575379627485354,0.17996390616839864,-0.14377380519050867,-0.987484993446244,-1.2869538853178435,-0.5524514982940913,-0.30417779769320696,0.8104929119797403,-0.7689609123967261,25
4,,Avery Dennison Corp,AVY,USD,Q2 2026,171.89,12418214004.8,196.15,150.83,-0.12368085648738225,0.139627395080554,1.3428,17.617,0.10916460256698945,,0.4510288628367632,Paper And Allied Products,materials,0.311599,0.079289,0.289778,0.076221,0.06796661233118154,1.5835,2.536,0.14272686553216452,10.9412,5.3462,0.26998057308732853,-0.4706637696669741,0.10916460256698945,0.14272686553216452,-0.4510288628367632,-0.25489916200711243,-0.189266511652151,0.0036395008418454557,-0.40802158424735246,0.3715453319563525,-0.1901513563512424,17
5,,BALL Corp,BALL,USD,Q2 2026,57.13,19557773596.2,67.62,44.21,-0.1551316178645371,0.29224157430445596,1.3652,20.6523,0.19742360695026973,,0.18558955492836499,Metal Cans And Shipping Containers,materials,0.171874,0.049021,0.186305,0.066243,0.04137544634929499,1.2522,3.4234,0.32146286460218265,12.4736,3.4037,0.2887203519887149,-0.5943973648072436,0.19742360695026973,0.32146286460218265,-0.18558955492836499,-0.1650702233608424,-0.24801605041538405,0.7776406656295602,0.09042358271116759,0.7507545229849274,-0.0434003288862176,13
6,,"CF Industries Holdings, Inc.",CF,USD,Q2 2026,115.51,16631905203.2,141.66,74.33,-0.18459692220810386,0.5540158751513522,2.1491,7.9237,0.17566137566137563,,-0.9328521289112965,Agriculture Chemicals,materials,0.298668,0.173316,0.424861,0.323039,0.26043902709060357,0.3605,0.7794,0.4302943418552523,4.9694,2.8935,0.28458711919577984,0.04863186101294337,0.17566137566137563,0.4302943418552523,0.9328521289112965,-0.18488283251280233,0.05729852793650558,0.5867933692694554,0.3939244114865622,2.3485712498422697,0.3328720577262013,5
7,,CRH PUBLIC LTD CO,CRH,USD,Q2 2026,83.75,71497423112.0,130.09,82.17,-0.35621492812668154,0.01922842886698306,1.8507,18.6288,0.05594748187340781,,1.2861997668032115,"Cement, Hydraulic",materials,0.158121,0.06908,0.362497,0.100616,0.0023495703432387656,0.702,2.2025,-0.13241988408664906,10.7355,2.9747,0.2558334159034309,-0.3159766328081087,0.05594748187340781,-0.13241988408664906,-1.2861997668032115,-0.3227134153864554,-0.11582002419851205,-0.4630563755880004,-1.1753296154521808,-0.8215879886481963,-0.4756615719021686,23
8,,"Corteva, Inc.",CTVA,USD,Q2 2026,77.74,56642365800.0,90.87,59.97,-0.14449213161659524,0.2963148240787059,3.18,56.1371,-0.011926889714993782,,0.10375386181400034,Agricultural Production – Crops,materials,0.039609,0.024484,0.495396,0.057321,0.08942408809791152,0.1919,1.1492,0.2372877530260804,13.9678,2.2514,0.21201006234745354,-0.09069513027172693,-0.011926889714993782,0.2372877530260804,-0.10375386181400034,-0.5327802127894101,-0.00885485963753254,-1.058291309810861,-0.14431747539468273,0.8676657944454081,-0.057994335608100855,16
9,,"DuPont de Nemours, Inc.",DD,USD,Q2 2026,130.98,18533908648.6,156.04,86.86,-0.16059984619328382,0.5079438176375777,2.6522,336.9802,0.04002287021154949,,1.1524160303453033,Plastic Material & Synthetic Resin/Rubber,materials,0.004492,0.002916,0.351317,0.012021,1.6761728544646075,0.2251,2.3638,0.5723916642487756,14.3781,1.3461,0.29811252053870974,-0.07742587793362753,0.04002287021154949,0.5723916642487756,-1.1524160303453033,-0.12004895940289353,-0.002554529854723373,-0.6027097521607067,0.7901944631455584,-0.6304632344633685,0.07773440595589641,9
10,,DOW INC.,DOW,USD,Q2 2026,27.89,19719485743.7,41.82,19.68,-0.33309421329507416,0.41717479674796754,0.4772,0.0,0.19675376088677754,,-0.07467333093608697,Plastic Material & Synthetic Resin/Rubber,materials,-0.055396,-0.016521,0.098889,-0.024105,0.04374742854376921,1.099,6.4856,0.41720473818054615,10.8496,1.2433,0.760114644845925,-1.0768550816366045,0.19675376088677754,0.41720473818054615,0.07467333093608697,2.094553501876362,-0.4770902020583176,0.7717663456438066,0.3574211344578319,1.1225686268609063,0.45757301014400276,2
11,,FREEPORT-MCMORAN INC,FCX,USD,Q2 2026,71.96,90189343298.4,80.24,35.67,-0.10319042871385842,1.0173815531258756,3.4865,30.6246,-0.07293590081772616,,2.1649306609507457,Metal Mining,materials,0.147546,0.078989,0.270605,0.177439,0.041572497100664914,0.3215,1.1227,1.2428527302055805,11.7377,4.485,0.15690877205428008,-0.10400692898561929,-0.07293590081772616,1.2428527302055805,-2.1649306609507457,-0.7969076846834154,-0.015175390724207885,-1.5933193897900526,2.659924566196102,-2.0769515372018126,0.17648674032519218,6
12,,INTERNATIONAL FLAVORS & FRAGRANCES INC,IFF,USD,Q2 2026,85.72,20225141131.1,88.89,57.85,-0.035662054224322226,0.481763180639585,1.8687,73.0149,0.0182386659718603,,0.7074232963818412,Industrial Organic Chemicals,materials,0.019687,0.010922,0.364964,0.025871,0.49469840843856483,0.4068,3.672,0.47514599424555715,16.3583,1.4471,0.32524887574263905,-0.45180822736591936,0.0182386659718603,0.47514599424555715,-0.7074232963818412,0.01002888193795736,-0.18031377402206922,-0.7937497437548905,0.5190032399283537,0.005257736893712664,0.03800743161533978,10
13,,INTERNATIONAL PAPER CO /NEW/,IP,USD,Q2 2026,34.0,19947698686.0,48.47,28.51,-0.29853517639777183,0.1925640126271484,0.8242,0.0,-0.022468251383914062,,1.2371423975163758,Paper And Allied Products,materials,-0.20791,-0.087152,0.295583,-0.142049,0.09923150022724456,0.8176,-106.4775,-0.07648843294815078,0.0,1.38,0.5158178917050679,15.088229071461035,-0.022468251383914062,-0.07648843294815078,-1.2371423975163758,0.9235195123691767,4.614073227418283,-1.1507354322797807,-1.0193522989293922,-0.7515041511493779,1.9459025761559252,1
14,,KIMBERLY CLARK CORP,KMB,USD,Q2 2026,98.77,36005039419.2,119.22,90.09,-0.17153162221103846,0.09634809634809627,2.1713,18.4169,0.006245496036512144,,0.028095281551293073,Paper And Allied Products,materials,1.192446,0.112611,0.367567,0.119949,0.09799607822940538,3.4372,2.05,-0.06145831804014601,13.0013,20.5743,0.1600928130368548,-0.5138044173957992,0.006245496036512144,-0.06145831804014601,-0.028095281551293073,-0.78164501677383,-0.20974997980922172,-0.8989257262432562,-0.9774374738594218,0.9757523820795677,-0.3757125020470914,21
15,,LINDE PLC,LIN,USD,Q2 2026,472.04,255401928665.6,546.4,384.0,-0.1360907759882869,0.2292708333333333,7.2048,35.257,0.09346674514420239,,0.07463601729559165,Industrial Inorganic Chemicals,materials,0.184008,0.085044,0.483483,0.20923,0.13146507715027222,0.6895,2.0868,0.03490937532156613,20.8631,6.5352,0.09202713514054428,-0.240438560407104,0.09346674514420239,0.03490937532156613,-0.07463601729559165,-1.1079171481495174,-0.07995404206494658,-0.13402531891007985,-0.7086946841751277,0.9092638318699634,-0.3381973334487904,20
16,,LyondellBasell Industries N.V.,LYB,USD,Q2 2026,58.27,16994618298.5,82.22,39.12,-0.29129165653125755,0.48951942740286314,0.5448,0.0,0.19835466179159056,,-0.3889991112159142,Industrial Organic Chemicals,materials,-0.030312,-0.009909,0.127597,-0.011093,0.0415523211079764,1.196,7.2204,0.3685935346651763,13.1502,1.5926,0.6469763151454966,-1.1855092398417177,0.19835466179159056,0.3685935346651763,0.3889991112159142,1.552226074712886,-0.5286799232817355,0.7858056969110606,0.2218579598408302,1.571617510383736,0.3338962095960252,4
17,,MARTIN MARIETTA MATERIALS INC,MLM,USD,Q2 2026,490.77,34628470530.0,707.94,476.82,-0.3067632850241546,0.02925632314080784,5.1777,14.0938,0.21006836544437535,,0.8348609019125641,Mining And Quarrying Nonmetallic Minerals,materials,0.234962,0.1248,0.281549,0.367374,-0.26835491153296265,0.5153,2.8542,-0.12722046641164686,19.406,2.9992,0.16226045847835263,-0.3755957016475661,0.21006836544437535,-0.12722046641164686,-0.8348609019125641,-0.7712544305029979,-0.14412755694126375,0.8885308560558547,-1.1608298805102102,-0.17680087258925423,-0.5130533024867473,24
18,,MOSAIC CO,MOS,USD,Q2 2026,22.25,6735170386.4,34.72,19.63,-0.3591589861751152,0.13346917982679574,0.5499,0.0,-0.06041853811092257,,0.7725467751037913,Agriculture Chemicals,materials,-0.050728,-0.025101,0.109831,-0.050156,-0.02951199797516309,0.5336,5.3756,-0.2979035983014229,9.5372,0.5875,0.9184783626678155,-0.8506951425678805,-0.06041853811092257,-0.2979035983014229,-0.7725467751037913,2.853668364803877,-0.3697079499549501,-1.4835464166771624,-1.636817832654505,-0.08777830165578349,0.0963434403136845,8
19,,NEWMONT Corp /DE/,NEM,USD,Q2 2026,116.05,99709428157.6,135.01,75.34,-0.1404340419228205,0.5403504114680115,3.8697,11.5982,0.1506488621403046,,1.6272355899776023,Gold & Silver Ores,materials,0.259051,0.15547,0.689409,0.340319,0.3442942318197694,0.1543,0.3408,0.5926072925777361,5.7498,2.8292,0.21800353529826705,0.1847776045456814,0.1506488621403046,0.5926072925777361,-1.6272355899776023,-0.5040505614520149,0.12194143779504762,0.36744221371478275,0.8465702480463538,-1.3087951006496858,-0.01510999736453525,11
20,,NUCOR CORP,NUE,USD,Q2 2026,244.49,50273814712.5,280.11,130.11,-0.12716432829959656,0.8791022980554914,1.3926,17.432,0.2295411542100283,,0.9199554200507347,Blast Furnaces & Steel Works,materials,0.145494,0.091498,0.154705,0.090191,0.041263587158250466,0.3051,1.2589,0.8978327242100197,9.9021,2.2739,0.3290522017937324,-0.1486926304059642,0.2295411542100283,0.8978327242100197,-0.9199554200507347,0.028260086494492985,-0.03639246071058226,1.0593005275652665,1.697759387456044,-0.2983677333470354,0.3342334857457455,3
21,,PACKAGING CORP OF AMERICA,PKG,USD,Q2 2026,234.52,21429041041.8,258.31,186.77,-0.09209864116758926,0.25566204422551797,2.2475,30.9221,0.14673237231151837,,0.7478211474929732,"Paperboard Containers, Boxes, Drums, Tubs",materials,0.14887,0.068984,0.201087,0.072556,-0.11284700223394549,0.8513,2.1817,0.16475741807180388,13.5945,4.5966,0.1920973536796192,-0.3791928574619922,0.14673237231151837,0.16475741807180388,-0.7478211474929732,-0.6282315782839952,-0.14583551058730015,0.33309594263975983,-0.3465844787065303,-0.05245502825722641,-0.28726990939860875,19
22,,PPG INDUSTRIES INC,PPG,USD,Q2 2026,107.01,27035541000.0,130.99,91.35,-0.18306740972593327,0.17142857142857149,0.0,0.0,0.07151370679380209,,1.0323659852286298,Paints,materials,0.0,0.0,0.0,0.0,-0.023649862291941087,0.8016,0.0,0.1204722434526384,0.0,3.2021,0.23446310409052884,-0.1178928374702773,0.07151370679380209,0.1204722434526384,-1.0323659852286298,-0.4251517866604529,-0.021768512970896898,-0.32654592768615276,-0.47008355763684684,-0.45895856603141266,-0.25961147850106664,18
23,,STEEL DYNAMICS INC,STLD,USD,Q2 2026,230.39,33091064728.3,288.09,136.19,-0.200284633274324,0.6916807401424481,1.6112,20.5887,0.3343686468031639,,1.0987188215357349,Blast Furnaces & Steel Works,materials,0.175682,0.097932,0.146522,0.077869,0.03784256911277347,0.4467,1.5197,0.75369846410101,13.3173,3.513,0.2572432571987344,-0.2043646329838895,0.3343686468031639,0.75369846410101,-1.0987188215357349,-0.3159553555457692,-0.0628258999860743,1.9786016451771595,1.2958088810203805,-0.55375087684904,0.1282947304617651,7
24,,Smurfit Westrock plc,SW,USD,Q2 2026,45.07,24261708248.3,51.52,31.79,-0.12519409937888204,0.41774142812205106,0.7745,48.8163,0.011460957178841324,,1.5001890846710912,"Paperboard Containers, Boxes, Drums, Tubs",materials,0.027155,0.010863,0.17934,0.01577,0.0437713461501628,0.7843,3.4081,0.1990206641829868,9.0887,1.3452,0.5412627912870461,-0.5593572362642625,0.011460957178841324,0.1990206641829868,-1.5001890846710912,1.0454893784726096,-0.2313787629610687,-0.8531879227491509,-0.25103378093277545,-1.127295220771626,-0.051544341948470296,14
25,,Vulcan Materials CO,VMC,USD,Q2 2026,246.15,38278988623.9,329.2,240.69,-0.2522782503037667,0.02268478125389506,4.7166,34.3063,0.025399543378995526,,0.8094873835864044,Mining And Quarrying Nonmetallic Minerals,materials,0.132188,0.066925,0.275056,0.137781,0.22823985477710146,0.5141,1.8004,-0.06399908399399123,17.4104,4.5222,0.12993363450577583,-0.21061573503184267,0.025399543378995526,-0.06399908399399123,-0.8094873835864044,-0.9262127308406047,-0.06579396505896595,-0.7309513075754466,-0.9845229659631742,-0.1405520161789888,-0.4694665855580456,22
1,,AMERICAN TOWER CORP /MA/,AMT,USD,Q2 2026,168.0,76206129296.3,194.23,160.06,-0.13504607939041335,0.04960639760089958,0.0,0.0,0.0465187102668545,,-0.07307566587001635,REIT,real_estate,0.0,0.0,0.0,0.0,0.017017776356075494,3.6274,17.9538,-0.06619275698867544,56.9836,20.4872,0.056981472372882765,-3.080597460520561,0.0465187102668545,-0.06619275698867544,0.07307566587001635,-1.3308205685986756,-2.063186734429669,-0.26156122105654256,-0.921466956494424,1.1668069385470718,-1.2878350054842005,28
2,,"ALEXANDRIA REAL ESTATE EQUITIES, INC.",ARE,USD,Q2 2026,48.66,9210142018.0,81.75,38.9,-0.4047706422018349,0.25089974293059125,3.2428,0.0,-0.13025038055745108,,0.7206047447485888,REIT,real_estate,-0.040758,-0.023079,0.681971,-0.293571,0.7257133742981039,0.6682,29.7298,-0.34096077531653546,54.4328,0.5921,0.5117136330654948,-4.192531946528843,-0.13025038055745108,-0.34096077531653546,-0.7206047447485888,3.216230969365353,-3.013068295382547,-1.8563049984972388,-2.4305054278207354,-1.3198455057030294,-1.3111852893493314,29
3,,"BXP, Inc.",BXP,USD,Q2 2026,62.43,10574945797.2,74.94,48.54,-0.16693354683746997,0.2861557478368355,3.0073,40.1691,0.03136827730100622,,0.735456059515992,REIT,real_estate,0.053029,0.016278,0.585888,0.117567,0.20527525740419184,1.7951,7.0624,-0.030166439351097196,13.3117,2.0513,0.23000914205477446,-1.125637534656544,0.03136827730100622,-0.030166439351097196,-0.735456059515992,0.6073945565970782,-0.329062716628766,-0.39824268830373855,-0.7236087791629653,-1.366375642610285,-0.3238949949174582,27
4,,"CBRE GROUP, INC.",CBRE,USD,Q2 2026,130.35,39439465025.5,174.27,121.69,-0.25202272336030307,0.07116443421809504,0.9023,30.3147,0.15529484408768135,,0.8640311900469886,Real Estate,real_estate,0.157979,0.049343,0.185743,0.032829,-0.0029051261577946355,0.8047,2.4452,-0.05809341010876523,14.9405,4.6963,0.35528297245375584,-0.4038444465939706,0.15529484408768135,-0.05809341010876523,-0.8640311900469886,2.01068244296179,0.311195282183561,0.7197758539711019,-0.8769849745345826,-1.7692099047731662,0.19366290675727693,6
5,,CROWN CASTLE INC.,CCI,USD,Q2 2026,67.1,33052508672.6,95.58,66.17,-0.2979702866708517,0.01405470757140681,7.9434,38.344,-0.049056603773584895,,0.15446310093314455,REIT,real_estate,-0.370593,0.032438,0.737323,0.207162,0.6392369655851959,-7.0783,8.5981,-0.17257181728269078,20.4122,0.0,0.15097319894467365,-0.03917614777354344,-0.049056603773584895,-0.17257181728269078,-0.15446310093314455,-0.27794742744364287,0.6346699719450977,-1.123805500484458,-1.5057056008029546,0.45391315527763965,-0.0638570014927961,16
6,,CAMDEN PROPERTY TRUST,CPT,USD,Q2 2026,98.4,11666531000.0,119.81,94.3,-0.17869960771221094,0.04347826086956541,6.717,35.764,-0.12420436828629866,,0.1000406482507664,REIT,real_estate,0.078849,0.036243,,0.193806,0.05523301003294417,1.2501,4.7757,0.03818588816954849,16.2878,3.0684,0.14103386523064937,-0.7034779985667222,-0.12420436828629866,0.03818588816954849,-0.1000406482507664,-0.3892854982522454,0.045408893347329636,-1.8017601660110343,-0.3482146832231904,0.6244222458059585,-0.07432694930617718,18
7,,"DIGITAL REALTY TRUST, INC.",DLR,USD,Q2 2026,177.18,63105502050.6,206.06,143.3,-0.1401533533922158,0.23642707606420088,9.3198,83.2199,0.2885778387971738,,0.7903999138600233,REIT,real_estate,0.029122,0.015348,1.0,0.117002,0.07208046643109749,0.6307,7.9663,0.1452845897895958,19.7985,2.3636,0.14822677638332457,-1.051921076224129,0.2885778387971738,0.1452845897895958,-0.7903999138600233,-0.3087122048828361,-0.26367340640115333,1.922204544758929,0.2399762640249157,-1.5385183185201248,-0.30340931398228654,26
8,,"HEALTHPEAK PROPERTIES, INC.",DOC,USD,Q2 2026,20.1,14541929774.3,22.72,14.97,-0.11531690140845063,0.342685370741483,5.5656,59.9067,0.09690853161307,,0.45239363050587317,REIT,real_estate,0.030394,0.013248,,0.10519,-0.6714176306599939,1.0562,8.7638,0.21662642687979372,21.4105,1.8537,0.195633860944038,-1.3721803758085704,0.09690853161307,0.21662642687979372,-0.45239363050587317,0.22233076937635637,-0.5477556200496111,0.19303665950899046,0.6317888826818051,-0.47952260761503956,-0.10692286485524011,23
9,,EQUINIX INC,EQIX,USD,Q2 2026,1011.07,102804929872.7,1118.65,709.79,-0.0961694900102803,0.4244635737330762,10.4849,67.0613,0.16356382978723394,,0.48411681801113887,REIT,real_estate,0.10735,0.038286,0.514941,0.156043,-0.22666423408465067,1.5991,5.3707,0.40441082457683075,28.8362,7.1482,0.07121524383245116,-0.9114063191549501,0.16356382978723394,0.40441082457683075,-0.48411681801113887,-1.171377219553778,-0.13903145754819696,0.7943755106679524,1.6631093477205716,-0.5789134212145457,-0.016841666119305154,15
10,,"ESSEX PROPERTY TRUST, INC.",ESS,USD,Q2 2026,273.01,18738409096.9,303.35,233.85,-0.10001648261084561,0.16745777207611723,9.7255,45.2791,0.04089963880783176,,0.15661328247636894,REIT,real_estate,0.077099,0.033559,0.813325,0.227123,-0.056262566602343654,1.1615,5.1253,0.10730999710512346,20.1491,3.5202,0.1146531245969895,-0.741708080943192,0.04089963880783176,0.10730999710512346,-0.15661328247636894,-0.6847963295778375,0.011497352156917221,-0.31225435526051737,0.03141807139917282,0.44717649639264456,-0.09039895681522397,19
11,,Extra Space Storage Inc.,EXR,USD,Q2 2026,131.68,30696214000.8,157.03,120.04,-0.16143412086862374,0.096967677440853,8.9075,32.0473,0.03865649261303816,,0.3705926516151503,REIT,real_estate,0.069535,0.03399,0.728109,0.29111,0.4272588649913845,0.941,6.0608,0.07324303113631103,18.8286,2.3153,0.15712224678054887,-0.778828162144088,0.03865649261303816,0.07324303113631103,-0.3705926516151503,-0.20906724462110976,-0.02142957565452843,-0.33249117052813876,-0.15567925732618285,-0.22323481043717305,-0.11538290188331911,24
12,,FEDERAL REALTY INVESTMENT TRUST,FRT,USD,Q2 2026,109.83,8429177291.9,128.21,87.27,-0.14335855237500983,0.2585080783774494,6.5906,20.9137,0.07762829710807861,,0.1789059340734015,REIT,real_estate,0.122352,0.047991,1.0,0.33124,0.026889613268938076,1.4121,5.0958,0.2310219208658848,14.0661,2.7289,0.15927193275618842,-0.7113467695330088,0.07762829710807861,0.2310219208658848,-0.1789059340734015,-0.1849869695988205,0.038428993379722255,0.01909768714083746,0.7108495913150682,0.3773321663059654,0.17586370925081668,8
13,,"HOST HOTELS & RESORTS, INC.",HST,USD,Q2 2026,22.66,16238487752.5,25.71,14.6,-0.11863088292493196,0.5520547945205481,2.6111,15.8116,0.034047919293821005,,0.7075557796225163,REIT,real_estate,0.15558,0.079503,0.288149,0.167551,0.41144431365171247,0.853,2.7323,0.3955260708507462,9.6135,2.542,0.2359091195516265,-0.35472466947832676,0.034047919293821005,0.3955260708507462,-0.7075557796225163,0.6734847122567886,0.3547663979483095,-0.3740679732905945,1.6143138755891562,-1.2789622476667222,0.5239667244242673,3
14,,Invitation Homes Inc.,INVH,USD,Q2 2026,26.54,17946007490.8,30.55,23.45,-0.13126022913256963,0.13176972281449895,6.2856,27.2424,0.09707793208404447,,0.09266482128935453,Real Estate Operators And Lessors,real_estate,0.070537,0.03573,,0.232209,0.21461129958621095,0.9378,7.415,0.045699897254822375,22.77,1.982,0.1860648975319955,-1.008912814344827,0.09707793208404447,0.045699897254822375,-0.09266482128935453,0.11514149929161599,-0.2255234377485702,0.19456492638937264,-0.3069474030914691,0.6475311922995041,-0.07090826292160923,17
15,,IRON MOUNTAIN INC,IRM,USD,Q2 2026,111.05,37580342457.1,133.64,76.03,-0.1690362167015863,0.4606076548730764,4.9693,89.7645,0.18523576650692664,,1.095881191121838,REIT,real_estate,-0.627933,0.020624,0.542101,0.05745,-0.019146527768503178,-19.4553,6.9142,0.24841569010283138,21.9641,0.0,0.16520919954262642,1.787742210318785,0.18523576650692664,0.24841569010283138,-1.095881191121838,-0.11847910811658931,2.2552162355362135,0.9898915144424445,0.8063769641864075,-2.4956110659443325,0.8778943987044621,2
16,,KIMCO REALTY CORP,KIM,USD,Q2 2026,22.49,17095781227.2,26.33,18.96,-0.14584124572730728,0.18618143459915593,7.8165,29.6295,0.048795163516923035,,0.10022043624783361,REIT,real_estate,0.058055,0.030817,1.0,0.280584,0.19255608417225467,0.8499,7.9138,0.1477955056508613,23.3267,1.6653,0.20126159474012267,-1.0288125594039637,0.048795163516923035,0.1477955056508613,-0.10022043624783361,0.2853713153433704,-0.2431752706064291,-0.24102392215291393,0.2537663282979414,0.6238589582958063,0.08104812923919039,13
17,,MID AMERICA APARTMENT COMMUNITIES INC.,MAA,USD,Q2 2026,118.34,16014824744.6,142.76,116.67,-0.17105631829644152,0.014313876746378629,7.2178,40.0842,0.009501693028939773,,0.06582200434153088,REIT,real_estate,0.070256,0.03447,1.0,0.185108,0.23957041835133797,1.0161,4.4962,-0.02765142220796135,17.147,2.9472,0.14027954991983282,-0.5689850830926659,0.009501693028939773,-0.02765142220796135,-0.06582200434153088,-0.39773516036281575,0.16470923902809861,-0.5955147285634249,-0.7097961904631095,0.7316314869279665,-0.09162158429016548,21
18,,REALTY INCOME CORP,O,USD,Q2 2026,55.35,57282643120.9,66.58,53.54,-0.16866927005106636,0.0338064998132237,9.6581,45.1907,0.034611997634676595,,-0.007757998396140979,REIT,real_estate,0.032246,0.017729,1.006657,0.221,-0.44703428826406694,0.6651,7.1341,0.0852333356262116,21.9108,1.4484,0.21543127141784013,-0.9955146126091525,0.034611997634676595,0.0852333356262116,0.007757998396140979,0.4440966897668794,-0.21363872179210058,-0.36897907217177495,-0.08982795895350776,0.9621624301232928,0.0906827782868482,12
19,,"Prologis, Inc.",PLD,USD,Q2 2026,132.44,126303828860.0,152.14,107.65,-0.1294859997370842,0.23028332559219677,13.744,30.0549,0.1106215620076112,,0.45616939991507116,REIT,real_estate,0.077491,0.045008,0.778123,0.486655,0.4271190578804601,0.627,4.8426,0.28214012075008266,20.4603,2.3541,0.14492434902425838,-0.5221719917313629,0.1106215620076112,0.28214012075008266,-0.45616939991507116,-0.34570521686161465,0.2062342365501145,0.31675042524468416,0.991593073324529,-0.4913523392106437,0.18059559110173812,7
20,,Public Storage,PSA,USD,Q2 2026,284.79,55877967045.9,332.14,249.06,-0.14256036611067613,0.1434594073717177,11.4259,30.2791,0.026465039372438826,,0.4129023543316499,REIT,real_estate,0.219286,0.10119,0.725144,0.420644,0.36888535165527475,1.0963,2.9529,0.14460828575271734,20.2692,11.5444,0.06412614051016738,-0.31629294976353217,0.026465039372438826,0.14460828575271734,-0.4129023543316499,-1.2507876821034212,0.3888567991484073,-0.4424778435530572,0.23626197145122496,-0.3557938660317002,-0.09215756563805151,22
21,,REGENCY CENTERS CORP,REG,USD,Q2 2026,73.33,13660094099.0,82.82,64.44,-0.11458584882878531,0.13795779019242715,8.444,24.5612,0.08576124858211154,,0.055826479033036246,REIT,real_estate,0.055562,0.029346,1.0,0.354377,20.415547864380084,0.7583,5.0069,0.09444773268011408,17.9316,2.0542,0.17542922424191154,2.2985189806257265,0.08576124858211154,0.09444773268011408,-0.055826479033036246,-0.003996803127760733,2.7082947121871226,0.09247009458469461,-0.03922207065167847,0.7629481190476372,1.278854357804139,1
22,,SBA COMMUNICATIONS CORP,SBAC,USD,Q2 2026,163.43,18715879979.8,221.58,160.33,-0.26243343262027263,0.019335121312293424,6.5198,18.8913,0.02330964647107714,,0.09662718070845416,REIT,real_estate,-0.2107,0.088164,0.751779,0.345649,0.2308416758110263,-2.8009,6.3994,-0.018915370430814593,15.6722,0.0,0.16826317964286638,-0.3418237605984249,0.02330964647107714,-0.018915370430814593,-0.09662718070845416,-0.08426914370329967,0.3662099961746063,-0.47094460304908553,-0.6618173962080856,0.635116862044305,0.0675315296577733,14
23,,SIMON PROPERTY GROUP INC.,SPG,USD,Q2 2026,204.53,71757250277.8,235.97,164.57,-0.13323727592490575,0.24281460776569253,10.3386,15.5415,0.1949596218515155,,0.24951613507002676,REIT,real_estate,1.216243,0.148898,0.887193,0.78308,-0.6749244583671015,4.9088,5.7788,0.218212915665136,19.2293,16.3303,0.06857714597018619,-1.1895872083381573,0.1949596218515155,0.218212915665136,-0.24951613507002676,-1.2009285692759875,-0.38578851627031313,1.0776164539734698,0.6405019513496171,0.156105805483481,-0.27865572171672365,25
24,,"UDR, Inc.",UDR,USD,Q2 2026,33.83,12924267404.1,41.52,31.78,-0.1852119460500964,0.06450597860289475,7.5307,24.9836,0.0,,0.15436297331979776,REIT,real_estate,0.137391,0.053363,0.628314,0.325118,0.5569682177322461,1.5614,4.3347,0.05504351254521245,13.809,4.4636,0.11731674733664724,-0.5992779688953933,0.0,0.05504351254521245,-0.15436297331979776,-0.6549590562023626,0.13783829392890812,-0.6812354038375541,-0.255631842349436,0.45422686161476805,-0.09062241775257741,20
25,,VICI PROPERTIES INC.,VICI,USD,Q2 2026,23.19,28382751464.9,30.84,23.14,-0.2480544747081712,0.002160760587726962,8.6722,10.2623,0.07720142309104494,,0.02555879818006546,REIT,real_estate,0.098487,0.059564,,0.858329,0.19605947030838436,0.5719,5.7062,-0.15544340832576287,15.3203,0.973,0.3264442847358189,-0.618333932813088,0.07720142309104494,-0.15544340832576287,-0.02555879818006546,1.6876382684175366,0.12093492712592008,0.015246591458661998,-1.4116355986756597,0.8577787354618172,0.2103915314943613,5
26,,EQUITY RESIDENTIAL,VMRK,USD,Q2 2026,61.37,25451450958.6,71.5,56.3,-0.14167832167832173,0.09005328596802853,8.1335,29.1229,0.021099675219522718,,0.1453547021051374,REIT,real_estate,0.08024,0.043542,0.815651,0.287358,0.6960025913191703,0.7589,3.402,0.06251652578184186,13.8503,2.4244,0.16048983285052865,-0.31972948695440423,0.021099675219522718,0.06251652578184186,-0.1453547021051374,-0.17134434013864577,0.38580845958813553,-0.4908821265454424,-0.21458971328567983,0.4824503623270306,0.13931289931454685,9
27,,"Ventas, Inc.",VTR,USD,Q2 2026,87.04,43171871402.4,101.6,65.71,-0.14330708661417313,0.3246081266169536,6.7021,164.3197,0.2172725180573063,,-0.1950429760384793,REIT,real_estate,0.020121,0.009726,,0.042376,-0.41333907520385943,0.8341,7.3509,0.39732959468566476,32.5594,2.947,0.13133347238448514,-1.112684725029123,0.2172725180573063,0.39732959468566476,0.1950429760384793,-0.4979470098436707,-0.3175730804598884,1.2789149514366491,1.624218910634387,1.5489384689355188,0.281243327630822,4
28,,WELLTOWER INC.,WELL,USD,Q2 2026,232.96,160221402716.5,254.24,161.37,-0.08370044052863435,0.4436388424118485,12.7873,103.3237,0.3969881437604872,,-0.0023730005316262097,REIT,real_estate,0.038363,0.025698,,0.128913,-1.0566430099447992,0.3719,8.057,0.41600200462387305,80.4959,3.452,0.09749776103036362,-1.2221780014206856,0.3969881437604872,0.41600200462387305,0.0023730005316262097,-0.8769666639769393,-0.41469779277050206,2.900241250409737,1.726768636474423,0.945290880916679,0.10956707275884867,10
29,,WEYERHAEUSER CO,WY,USD,Q2 2026,19.72,17261769420.0,27.03,19.6,-0.2704402515723271,0.006122448979591688,2.5192,36.5715,-0.009023354564755892,,0.29307004617918747,REIT,real_estate,0.049737,0.028614,0.145067,0.068885,0.11592773527437245,0.5737,4.7421,0.007032590051458065,19.3704,1.8255,0.2559288486006901,-0.7010813235322325,-0.009023354564755892,0.007032590051458065,-0.29307004617918747,0.8977409928652813,0.04753483551380937,-0.7626406906820059,-0.5193100154055579,0.019648563919672,0.10740554009937293,11
1,,Apple Inc.,AAPL,USD,Q3 2026,338.4,4175730755280.0,345.34,242.76,-0.020096137140209636,0.39396935244686104,8.945,32.3876,0.16356501765281384,,0.6795161043088156,Computer & Office Equipment,technology,1.487511,0.360764,0.486529,0.276186,0.25118548062499063,0.7844,0.4991,0.22919015991428715,24.3397,38.8368,0.05237605696583403,0.22552506866071292,0.16356501765281384,0.22919015991428715,-0.6795161043088156,-0.5928170343670042,0.1311480625762206,-0.4172471747888176,-0.3195004433068194,1.0063316067738377,-0.032634566474325236,41
2,,ADOBE INC.,ADBE,USD,Q3 2026,231.01,115879200000.0,363.7,190.12,-0.3648336541105307,0.21507468966968224,4.462,15.9087,0.12892451569806274,,0.3769735934830706,Services – Computer Programming And Data Processing,technology,0.619019,0.248029,0.89253,0.280477,0.2625395343781286,0.5409,0.634,-0.18356110232663214,11.6173,9.8503,0.11864292640735417,0.16109921919687556,0.12892451569806274,-0.18356110232663214,-0.3769735934830706,-0.004382577316053993,0.11561918767376524,-0.5061388269508622,-0.6600623936457533,1.290058439578489,0.04707169426110397,25
3,,ANALOG DEVICES INC,ADI,USD,Q3 2026,395.43,178960649366.4,444.56,220.71,-0.11051376642073063,0.7916270218839201,12.8918,43.2794,0.3963239858517096,,1.6718264513627399,Electronic Components & Accessories,technology,0.122271,0.085596,0.657996,0.297874,0.23741893680649925,0.2719,1.3207,0.5272987871023478,26.8962,5.334,0.08133272666088383,-0.027349151884785834,0.3963239858517096,0.5272987871023478,-1.6718264513627399,-0.3356885121716533,0.07019656299046627,0.18004004887090924,-0.07353037664529306,0.07573487456434111,-0.0513240723452985,47
4,,"Autodesk, Inc.",ADSK,USD,Q4 2026,207.19,49416200000.0,326.2,185.5,-0.36483752299202943,0.11692722371967657,6.3435,30.0951,0.1940207443563149,,0.49233255403521387,Services – Computer Programming And Data Processing,technology,0.538537,0.137757,0.912452,0.210783,0.2450842297529836,1.0281,1.1968,-0.15488646656463767,16.7024,14.6072,0.0798001765339634,-0.025755252892430906,0.1940207443563149,-0.15488646656463767,-0.49233255403521387,-0.3492972024483778,0.07058074819353947,-0.3390941541424585,-0.6364028902747779,1.1818738660328956,-0.05635592518213975,49
5,,"Astera Labs, Inc.",ALAB,USD,Q2 2026,351.31,82793462695.8,499.48,97.89,-0.29664851445503326,2.588824190417816,68.8844,224.0725,1.044548651817116,,3.657741429688944,Electronic Components & Accessories,technology,0.258259,0.230724,0.751294,0.30742,-0.07351269295185447,0.0,0.0,0.5156000797448166,291.4524,47.9766,0.010813625698799952,0.2105977581497351,1.044548651817116,0.5156000797448166,-3.657741429688944,-0.9618818005533333,0.12755006054001625,1.8434617165223315,-0.0831830051375586,-1.7866723801448852,-0.3740668610407338,81
6,,APPLIED MATERIALS INC /DE,AMAT,USD,Q3 2026,486.76,425305964376.0,738.88,201.75,-0.34121914248592466,1.4126889714993802,13.7921,45.8947,0.2482881402355519,,2.6929389242734088,Electronic Components & Accessories,technology,0.41068,0.238432,0.493984,0.300516,0.1571768581963226,0.2554,0.5675,1.4299994811138017,36.1936,16.5967,0.04554410475928879,0.11112697974233178,0.2482881402355519,1.4299994811138017,-2.6929389242734088,-0.6534831880745403,0.103574136478581,-0.19983755547831925,0.6712898990233209,-0.8818727260519489,-0.04799586202667373,46
7,,ADVANCED MICRO DEVICES INC,AMD,USD,Q2 2026,607.87,850488681289.6,639.0,159.33,-0.04871674491392797,2.8151634971442916,20.5905,132.1866,0.5011060507482108,,3.179440272849805,Electronic Components & Accessories,technology,0.101411,0.080787,0.532042,0.155768,0.06930629978452972,0.048,0.301,1.9557264215291124,78.4292,12.6516,0.03698072222090246,0.08433061425493281,0.5011060507482108,1.9557264215291124,-3.179440272849805,-0.7295240422292972,0.09711527856739646,0.44892330228817307,1.1050683233496241,-1.3381176564256365,-0.022063108879488563,40
8,,"Arista Networks, Inc.",ANET,USD,Q2 2026,204.92,213913336498.8,214.89,114.52,-0.0463958304248685,0.7893817673768773,20.2938,52.8886,0.3768595791001452,,2.0344859841915857,Computer & Office Equipment,technology,0.314763,0.200952,0.630038,0.383709,0.40680987581587735,0.0,0.0,0.40563399972039704,39.4598,14.4559,0.04067548859028974,0.27661026797369676,0.3768595791001452,0.40563399972039704,-2.0344859841915857,-0.6967153723641972,0.14346137588291755,0.130092063799541,-0.17391625324664423,-0.26437019151415114,-0.15908754880046266,65
9,,AMPHENOL CORP /DE/,APH,USD,Q2 2026,84.62,216914937342.4,89.12,58.82,-0.05049371633752242,0.4386263175790548,7.4768,42.1735,0.5500238925366794,,1.7430677229069362,Electronic Components & Accessories,technology,0.381143,0.147221,0.38497,0.178815,-0.24580051006149264,1.2041,2.0315,0.3263715223185695,24.8861,14.0021,0.06726489070823803,-0.3413216442944989,0.5500238925366794,0.3263715223185695,-1.7430677229069362,-0.4606076381307001,-0.005481749333211716,0.5744523082609654,-0.2393158930832537,0.008924229392386854,-0.1569833144853742,64
10,,AppLovin Corp,APP,USD,Q2 2026,308.24,173086366200.0,745.61,297.5,-0.5865935274473251,0.036100840336134477,25.3453,39.249,0.5282461863080474,,2.160783114940919,Services – Computer Programming And Data Processing,technology,2.036862,0.61987,0.884639,0.645757,0.6773866883658871,1.1113,0.6333,-0.5114469222234377,31.2158,54.7219,0.028810670369301607,0.4457020983379839,0.5282461863080474,-0.5114469222234377,-2.160783114940919,-0.8020722109581289,0.18421839969566678,0.5185681213201572,-0.9306016857760301,-0.38281267023233195,-0.34569854054644256,80
11,,ARM HOLDINGS PLC /UK,ARM,USD,,283.33,161567040000.0,452.7,100.02,-0.37413297989838745,1.8327334533093382,32.8388,178.7246,,,3.437552333082322,Electronic Components & Accessories,technology,0.119537,0.09208,0.975407,0.18374,,0.0,0.0,0.8145040881621044,123.0125,19.4988,0.0238653614399604,0.21277227155661396,0.22477998370534347,0.8145040881621044,-3.437552333082322,-0.8459854092019985,0.1280741940508687,-0.26016228391279206,0.16344333227942937,-1.5801772504925198,-0.2703294031260204,77
12,,ASML HOLDING NV,ASML,USD,,1771.41,420204344589.3,1997.36,929.27,-0.11312432410782225,0.9062382300085015,10.9604,37.2601,,,2.2000754474764372,Special Industry Machinery,technology,0.535216,0.20572,0.528296,0.29416,,0.2239,0.3562,0.8392603820084692,28.1467,18.2564,0.05209484049275818,0.15741912869947108,0.22477998370534347,0.8392603820084692,-2.2000754474764372,-0.5953141715343817,0.11473215761611755,-0.26016228391279206,0.18386980334509653,-0.4196613399726014,-0.08706904954296685,52
13,,Broadcom Inc.,AVGO,USD,Q3 2026,349.57,1852030819477.4,493.32,288.98,-0.2913930106219087,0.20966848916880054,20.785,48.4001,0.8550025075225678,,2.148617217291907,Electronic Components & Accessories,technology,0.442454,0.216328,0.687702,0.429442,0.36066044087919735,0.596,1.1291,0.11164009047435508,35.8672,18.5779,0.037620189167866976,0.05878377726845677,0.8550025075225678,0.11164009047435508,-2.148617217291907,-0.7238457238039616,0.09095760056985476,1.3570637437303474,-0.41649125732296993,-0.3714033922476991,-0.2542496613580159,76
14,,CADENCE DESIGN SYSTEMS INC,CDNS,USD,Q2 2026,326.7,103519261120.0,416.69,262.75,-0.2159639060212628,0.24338725023786867,17.7331,75.1232,0.24227698498009698,,1.599651939445853,Services – Computer Programming And Data Processing,technology,0.232289,0.127657,0.858707,0.236054,-0.3255402918448142,0.3619,1.0903,-0.009998290890446015,45.9284,15.0948,0.03943104663034975,-0.04614761312068776,0.24227698498009698,-0.009998290890446015,-1.599651939445853,-0.7077657288273909,0.06566547872350859,-0.21526289552558314,-0.5168553462630252,0.14342072016504243,-0.22701772390241726,72
15,,CIENA CORP,CIEN,USD,Q3 2026,344.19,53372529240.1,637.51,143.0,-0.46010258662609216,1.4069230769230767,8.8646,81.5582,0.3704687198874843,,2.4870166535589617,Telephone And Telegraph Apparatus,technology,0.223958,0.095214,0.440718,0.10869,0.026237186238455626,1.0566,3.5336,1.9149959903769052,58.8143,17.4606,0.04983597489508655,-0.5279118305373635,0.3704687198874843,1.9149959903769052,-2.4870166535589617,-0.6153723750185522,-0.050456486714326,0.11369235819219961,1.0714615573859507,-0.6887571420162116,0.002399475095697906,36
16,,COHERENT CORP.,COHR,USD,Q4 2026,282.45,77173842954.9,440.0,105.02,-0.3580681818181819,1.6894877166254045,10.8418,100.2393,0.33744269129273796,,3.246769225464243,Optical Instruments And Lenses,technology,0.079808,0.047387,0.374961,0.110546,-0.07255813246389772,0.2867,2.3228,1.771793187576241,56.7397,7.0779,0.06528023057255128,-0.2956223046376997,0.33744269129273796,1.771793187576241,-3.246769225464243,-0.47823096060263476,0.005533384104083328,0.028943636884040877,0.9533046181411964,-1.4012592970142932,-0.04766427172453741,45
17,,"Salesforce, Inc.",CRM,USD,Q4 2026,227.27,150712380000.0,267.8,146.06,-0.15134428678117995,0.5560043817609202,3.4301,15.5985,0.12088461923346339,,0.46417395820263674,Services – Computer Programming And Data Processing,technology,0.19381,0.093266,0.772816,0.219901,0.028106623181216144,1.0237,2.6147,0.05308728526076356,11.1323,3.9271,0.17502873602044366,-0.3329286252598263,0.12088461923346339,0.05308728526076356,-0.46417395820263674,0.4963103563427031,-0.0034587392568523083,-0.5267701584738165,-0.46480330228945416,1.2082812267373388,0.13971781975738085,19
18,,"CrowdStrike Holdings, Inc.",CRWD,USD,Q4 2026,259.25,194344966180.8,263.87,85.68,-0.017508621669761637,2.0257936507936507,36.0155,4319.2569,0.23318671601775276,,1.4957534479168975,Services – Computer Programming And Data Processing,technology,0.014613,0.006126,0.7519,0.012098,-0.29998434714843397,0.1452,1.0866,0.9274133885729989,276.7306,38.094,0.014465455071799686,-0.10672104959263343,0.23318671601775276,0.9274133885729989,-1.4957534479168975,-0.9294544012744197,0.05106516960515298,-0.2385896079304911,0.25660503783199623,0.24085757244154893,-0.10006449733585404,54
19,,"CoreWeave, Inc.",CRWV,USD,Q2 2026,85.07,54846540000.0,153.2,60.55,-0.44471279373368144,0.4049545829892651,7.2262,0.0,1.1245874587458746,,3.226133465954872,Services – Computer Programming And Data Processing,technology,-0.435962,-0.037324,0.674177,-0.254018,-2.7031767238766835,6.9801,8.6162,-0.3147007737249329,20.5166,10.9169,0.07728593577730317,-2.6218005319823834,1.1245874587458746,-0.3147007737249329,-3.226133465954872,-0.3716230782141909,-0.5551566338603202,2.0488508241706525,-0.7682660173384747,-1.3819069135355808,-0.6535901822313548,83
20,,"CISCO SYSTEMS, INC.",CSCO,USD,Q4 2026,106.74,449993595703.1,129.88,65.85,-0.17816445950107795,0.6209567198177677,7.1061,33.9183,0.17576501056362015,,1.0475747580548653,Computer & Office Equipment,technology,0.273186,0.105324,0.645243,0.209507,0.12099154549230161,0.5873,1.542,0.6871359456987436,24.2055,8.9489,0.08081631966526838,-0.11072120778681406,0.17576501056362015,0.6871359456987436,-1.0475747580548653,-0.34027408672260523,0.05010099207851703,-0.3859405405020687,0.05835160518726431,0.661163201088668,0.03308024514800603,31
21,,COGNIZANT TECHNOLOGY SOLUTIONS CORP,CTSH,USD,Q2 2026,56.75,18352964534.4,85.48,36.86,-0.33610201216658875,0.5396093326098752,0.848,8.2671,0.04499523355576729,,0.2492052410676935,Services – Computer Programming And Data Processing,technology,0.149244,0.108322,0.334396,0.102578,0.0606716386239719,0.1348,0.486,-0.02206789082007654,4.7743,1.269,0.5744208845093259,0.019201662660567394,0.04499523355576729,-0.02206789082007654,-0.2492052410676935,3.603677490587224,0.0814169315490205,-0.7215113571800256,-0.5268139990107578,1.4098806419676375,0.8765861501462947,3
22,,"Datadog, Inc.",DDOG,USD,Q2 2026,268.7,92677794808.0,292.72,98.01,-0.08205793932768524,1.741556983981226,23.3638,521.8814,0.3564444336929702,,1.2148003808696552,Services – Computer Programming And Data Processing,technology,0.046962,0.026564,0.795123,0.044768,-0.02183404218845521,0.2257,8.1874,0.7784040995607615,736.6865,21.2215,0.02329921320133931,-1.0745024345983507,0.3564444336929702,0.7784040995607615,-1.2148003808696552,-0.8510126744736339,-0.182203870473463,0.07770437014710345,0.13365715438008582,0.5043376488860115,-0.18435431924388185,67
23,,Dell Technologies Inc.,DELL,USD,Q4 2026,543.43,262723536311.7,595.51,109.7,-0.08745445080687153,3.953783044667274,1.7376,23.0905,0.39480172161631355,,2.232654091752202,Computer & Office Equipment,technology,-5.42714,0.105075,0.197987,0.075253,0.08037409949972696,-24.1528,2.0442,2.652091604659112,16.7818,0.0,0.19636011991262842,2.448592728499961,0.39480172161631355,2.652091604659112,-2.232654091752202,0.6857281061855599,0.6669848404632566,0.17613373760878315,1.679640727143888,-0.45021385813675474,0.7720514633750186,4
24,,FACTSET RESEARCH SYSTEMS INC,FDS,USD,Q3 2026,267.67,8942748744.7,320.48,182.47,-0.16478407388916627,0.4669260700389106,3.6674,15.8007,0.06387143052329547,,0.07332594750186239,Services – Computer Programming And Data Processing,technology,0.270316,0.132689,0.513825,0.232102,0.2834492105875063,0.6838,1.4608,0.087714435197082,10.5413,4.4003,0.1645208164244501,-0.10174554134464195,0.06387143052329547,0.087714435197082,-0.07332594750186239,0.40300246335916406,0.05226444048481073,-0.6730727884441698,-0.4362323667265533,1.5748216771403594,0.19082440359386932,17
25,,"F5, INC.",FFIV,USD,Q3 2026,435.56,23468149982.1,462.0,223.76,-0.057229437229437186,0.9465498748659278,7.0915,32.3026,0.10854722759716551,,1.014667790714422,Computer & Office Equipment,technology,0.198299,0.112267,0.818655,0.219534,0.14900391072881172,0.0,0.0,0.2661111111111112,22.9703,6.0866,0.09495024117548126,0.21396555867554454,0.10854722759716551,0.2661111111111112,-1.014667790714422,-0.21476813631397107,0.1283618178314909,-0.5584293742482661,-0.2890368874119383,0.6920236232991774,0.021984538574813597,33
26,,FLEX LTD.,FLEX,USD,Q4 2026,113.04,53747641304.1,166.86,53.07,-0.3225458468176915,1.1300169587337479,1.8365,55.2391,0.16864645201625517,,2.8256334477091376,Electronic Components & Accessories,technology,0.183776,0.043898,0.093689,0.033246,-0.00864606125241814,0.9489,2.5786,1.0407079646017698,27.7306,9.7723,0.17525211050097458,-0.4545052944646311,0.16864645201625517,1.0407079646017698,-2.8256334477091376,0.49829387000915515,-0.032762953370448544,-0.40420760923895027,0.3500846351219006,-1.0063147317792915,0.0621544961112251,23
27,,"FIRST SOLAR, INC.",FSLR,USD,Q2 2026,172.97,25354695533.5,320.95,170.8,-0.46106870229007635,0.012704918032786727,4.7145,14.5215,-0.037347904153412825,,1.8163572790275377,Electronic Components & Accessories,technology,0.185092,0.133047,0.440162,0.324654,0.19909138369500887,0.0036,0.0161,-0.05805873122618255,10.0622,2.4568,0.19684759115045272,0.18033519767071554,-0.037347904153412825,-0.05805873122618255,-1.8163572790275377,0.6900567379071813,0.12025572884213982,-0.932813651954419,-0.5565101185004818,-0.0598073137517561,0.07647876004780024,21
28,,"Fortinet, Inc.",FTNT,USD,Q2 2026,176.33,112549445825.4,181.37,73.55,-0.027788498649170212,1.3974167233174715,14.952,53.0718,0.25638036809815956,,0.9201870015146526,Computer & Office Equipment,technology,1.174415,0.197269,0.802043,0.281731,0.3687501168132423,0.3204,0.1654,1.0764331210191083,36.1444,72.5611,0.03179284385132079,0.3340583024018917,0.25638036809815956,1.0764331210191083,-0.9201870015146526,-0.7755912009373928,0.1573083541913391,-0.179071935357729,0.37956153818355787,0.7806284775636887,0.06864472986904172,22
29,,GoDaddy Inc.,GDDY,USD,Q2 2026,93.71,11238947813.4,142.49,71.59,-0.3423398133202331,0.30898170135493763,2.2019,12.3464,0.06603153745072277,,0.20841627806904806,Computer Integrated Systems Design,technology,4.428606,0.111896,0.638016,0.178347,0.2893562664328677,573.3433,2.7403,-0.31312415893476875,9.9335,1677.4549,0.15910352356125168,-81.49105410479531,0.06603153745072277,-0.31312415893476875,-0.20841627806904806,0.35489815706693334,-6.8425344280227405,-0.6675296968955395,-0.7669651490989534,1.448132863955897,-2.971793203577679,85
30,,Gen Digital Inc.,GEN,USD,Q4 2026,20.85,16066910886.2,31.65,17.61,-0.34123222748815163,0.18398637137989793,3.1634,15.2582,0.2702970297029703,,0.8426914767420314,Services – Computer Programming And Data Processing,technology,0.419438,0.065804,0.780075,0.207324,0.32103898306,3.0708,3.181,0.09172259507829983,9.2273,6.0493,0.1638341371655076,-0.6368742881342858,0.2702970297029703,0.09172259507829983,-0.8426914767420314,0.3969049105351158,-0.07672023623673578,-0.14336012482312305,-0.4329252254255025,0.8533044123943294,0.05270920418517921,24
31,,Alphabet Inc.,GOOG,USD,Q2 2026,339.16,4327113086400.0,403.96,236.07,-0.16041192197247245,0.4366925064599485,9.705,17.7254,0.2423362508814868,,1.3246454344235217,Services – Computer Programming And Data Processing,technology,0.486757,0.342976,0.608965,0.547709,-0.01220952938820183,0.1533,0.3025,0.37231588107088265,12.5402,6.9517,0.09576228428441627,0.21691392437311402,0.2423362508814868,0.37231588107088265,-1.3246454344235217,-0.20755738152903555,0.12907247671244126,-0.21511081216667868,-0.20140710429164854,0.40132406226959555,0.011076110830888046,35
32,,Alphabet Inc.,GOOGL,USD,Q2 2026,342.75,4327113086400.0,408.1,235.23,-0.16013232050967907,0.45708455554138516,9.705,17.7254,0.2423362508814868,,1.3428692554208232,Services – Computer Programming And Data Processing,technology,0.486757,0.342976,0.608965,0.547709,-0.01220952938820183,0.1533,0.3025,0.3886513042499278,12.5402,6.9517,0.09576228428441627,0.21691392437311402,0.2423362508814868,0.3886513042499278,-1.3428692554208232,-0.20755738152903555,0.12907247671244126,-0.21511081216667868,-0.1879287116460066,0.3842336143882352,0.012172370543101774,34
33,,Hewlett Packard Enterprise Co,HPE,USD,Q3 2026,62.63,63429348655.9,65.65,19.57,-0.046001523229246,2.2003065917220237,1.8545,24.4806,0.3367994746059544,,2.0514644123371615,Computer & Office Equipment,technology,0.103521,0.032833,0.236354,0.077245,0.1375358817793761,0.7617,3.1795,1.2820453522938946,12.1752,2.3923,0.27005488100268726,-0.479101588317232,0.3367994746059544,1.2820453522938946,-2.0514644123371615,1.3401205212037017,-0.038691517347171314,0.027293066287198058,0.5492126305056183,-0.28029269982743793,0.37151194824472417,11
34,,HP INC,HPQ,USD,Q3 2026,31.32,24939033756.3,36.23,16.91,-0.1355230471984542,0.8521584861028977,0.4215,10.175,0.1252512202124605,,0.7583740877633173,Computer & Office Equipment,technology,-4.936556,0.057296,0.198742,0.041429,0.06342644978702545,-99.5652,2.4584,0.14861437294504465,8.0328,0.0,0.6755716870678639,13.21873392139815,0.1252512202124605,0.14861437294504465,-0.7583740877633173,3.603677490587224,3.262964197478559,-0.5155649404933589,-0.38598369767981894,0.9323779470853512,2.268846924757155,1
35,,HUBBELL INC,HUBB,USD,Q2 2026,465.72,27646817726.4,562.06,398.95,-0.17140518805821425,0.16736433136984585,4.4423,30.654,0.15327090210873817,,1.1987580015613297,Electronic Components & Accessories,technology,0.244442,0.095508,0.351517,0.145752,-0.4727583586991452,1.3695,3.6591,0.1286920811484451,22.1563,7.0674,0.11108985629048607,-0.6663056226713066,0.15327090210873817,0.1286920811484451,-1.1987580015613297,-0.07145209109788818,-0.08381421351512999,-0.44366310084713984,-0.4024216233027116,0.5193823229695941,-0.0848468844324584,51
36,,INTERNATIONAL BUSINESS MACHINES CORP,IBM,USD,Q2 2026,220.67,264305139588.8,330.09,197.77,-0.33148535247962674,0.11579107043535397,3.8252,24.6438,0.010897096071155188,,0.8992375449955217,Computer & Office Equipment,technology,0.345249,0.071337,0.581018,0.155219,0.012849656311508625,1.7946,3.5274,-0.12948472670216937,17.6631,7.6717,0.12224170145328063,-0.593761049098356,0.010897096071155188,-0.12948472670216937,-0.8992375449955217,0.027573711822774898,-0.06632844317230126,-0.8090112375401596,-0.6154438603190681,0.8002750486552312,-0.07119766900295113,50
37,,INTEL CORP,INTC,USD,Q2 2026,116.03,644936320000.0,142.35,32.89,-0.18489638215665605,2.5278200060808755,11.3083,0.0,0.25421883505715837,,2.9305518828680763,Electronic Components & Accessories,technology,-0.107155,-0.056674,0.386046,-0.196241,0.25112393042502457,0.49,20.1102,1.7093262724330684,267.7825,7.3672,0.06457952074499684,-2.903300009939282,0.25421883505715837,1.7093262724330684,-2.9305518828680763,-0.4844531016272855,-0.6230078180461468,-0.18461868648357668,0.9017630326901551,-1.1047080955059891,-0.30690216728498193,79
38,,INTUIT INC.,INTU,USD,Q4 2026,269.4,86456839590.0,696.14,251.72,-0.6130088775246358,0.07023677101541392,4.031,18.9349,0.13651788044896884,,0.3087224989436675,Services – Computer Programming And Data Processing,technology,0.235957,0.123834,0.809819,0.212887,0.30156998134558,0.4038,1.0773,-0.4919595296129199,12.1756,4.5523,0.1506726464476948,0.028995283049368586,0.13651788044896884,-0.4919595296129199,-0.3087224989436675,0.28003392040403835,0.08377753536139546,-0.4866533489673511,-0.9145225964028648,1.354064872381148,0.04668862909211967,26
39,,GARTNER INC,IT,USD,Q2 2026,185.73,8678303852.2,265.62,124.25,-0.3007680144567427,0.49480885311871226,1.3426,11.1927,-0.006232604031891742,,0.4534546794685333,"Services – Management, Public Relations, Consulting",technology,1.135812,0.099907,0.696296,0.119956,0.20314391228700424,-17.8032,2.286,-0.2507621951219512,7.8027,0.0,0.26734150140209506,2.5389021303267145,-0.006232604031891742,-0.2507621951219512,-0.4534546794685333,1.316026338612858,0.6887525535031973,-0.8529680873915036,-0.7155101592153303,1.2183338537115664,0.5749307140577123,8
40,,JABIL INC,JBL,USD,Q3 2026,318.93,38462035876.3,428.84,189.46,-0.25629605447253045,0.6833632429008762,1.145,44.6195,0.11791006642820645,,2.055777046759224,Electronic Components & Accessories,technology,0.658761,0.040607,0.09226,0.025633,0.010911023745162252,2.5456,1.669,0.48706002489070443,20.002,29.0718,0.24504169166247666,-0.48377542517926253,0.11791006642820645,0.48706002489070443,-2.055777046759224,1.1180091914764316,-0.03981807490984181,-0.5344032151093099,-0.10673146551324926,-0.2843371235425597,0.17543844763827088,18
41,,JACK HENRY & ASSOCIATES INC,JKHY,USD,Q4 2026,147.82,9786534437.2,191.13,120.6,-0.22659969654162093,0.22570480928689873,3.8464,19.465,0.04655890511577576,,-0.06186853834476857,Computer Integrated Systems Design,technology,0.240403,0.162456,0.436533,0.197606,0.17218052952063384,0.0195,0.0472,0.15589915782491093,11.5699,4.7694,0.15186469313739187,0.16321121850294767,0.04655890511577576,0.15589915782491093,0.06186853834476857,0.2906190189992013,0.1161282531077643,-0.7174987897931696,-0.37997300607583123,1.7016081679948993,0.2208236895858552,16
42,,KLA CORP,KLAC,USD,Q4 2026,189.17,394116293609.1,307.03,97.57,-0.38387128293652084,0.9388131597827201,29.0229,81.5846,0.15208012244148428,,2.77893440772216,Optical Instruments And Lenses,technology,0.87496,0.284,0.613015,0.355741,0.2669691361065773,0.9272,0.9368,0.7445133313777925,62.8707,62.0673,0.019682492402883587,0.07581216230093958,0.15208012244148428,0.7445133313777925,-2.77893440772216,-0.8831283177397202,0.09506203478625877,-0.4467187832423151,0.10569380897875863,-0.962519991415831,-0.23746009664363546,73
43,,"Leidos Holdings, Inc.",LDOS,USD,Q2 2026,122.35,13690490119.4,203.41,98.54,-0.3985054815397473,0.24162776537446717,0.7764,9.9495,0.07171408417587588,,0.39838986789272735,Computer Integrated Systems Design,technology,0.277805,0.09561,0.177952,0.079109,0.03523829422139049,1.1302,2.6018,-0.22668583765457173,8.2077,2.5909,0.4740766299824831,-0.43804081511122994,0.07171408417587588,-0.22668583765457173,-0.39838986789272735,3.1517864124596238,-0.028794440074298096,-0.6529476054597197,-0.6956447051119771,1.269974082863981,0.6741199708068981,6
44,,Lumentum Holdings Inc.,LITE,USD,Q4 2026,921.32,63561044000.0,1085.68,147.81,-0.151388991231302,5.233137135511806,21.0886,0.0,1.0934054503848554,,2.8819453066872036,Communication Equipment,technology,-2.40027,-1.203363,0.416689,-2.300962,-0.11437956204379562,0.3526,1.8683,5.009301740933944,71.2689,13.687,0.04123217201262624,-1.1175979374348282,1.0934054503848554,5.009301740933944,-2.8819453066872036,-0.6917721524696626,-0.19259138849573929,1.9688340783231943,3.6245798583048905,-1.0591244521507577,0.44845837839297126,9
45,,LAM RESEARCH CORP,LRCX,USD,Q4 2026,314.47,474078960390.0,438.03,130.21,-0.2820811359952513,1.41509868673681,20.4057,65.2516,0.29988921747003183,,3.1996810687003605,Special Industry Machinery,technology,0.650656,0.323806,0.50469,0.312723,0.19538993077857103,0.2995,0.4291,1.4952144762974076,54.2548,38.0148,0.027267075697372578,0.17980927582551015,0.29988921747003183,1.4952144762974076,-3.1996810687003605,-0.8157789742372492,0.12012896334955214,-0.06742304789682416,0.7250989312004518,-1.3570996397655954,-0.11754931916010908,57
46,,MICROCHIP TECHNOLOGY INC,MCHP,USD,Q4 2026,77.97,49141980387.3,104.75,47.28,-0.2556563245823389,0.6491116751269035,9.5937,133.8289,0.35105615662029876,,2.1971736633456844,Electronic Components & Accessories,technology,0.071896,0.032559,0.601937,0.093396,0.18356887250429654,0.8311,3.5852,0.19474558835166556,36.2652,7.6177,0.06763879051086852,-0.49042044678510044,0.35105615662029876,0.19474558835166556,-2.1971736633456844,-0.4572874944569977,-0.04141975668974742,0.06387740967400517,-0.34792073306261034,-0.4169400231611088,-0.24367061166214604,74
47,,"Meta Platforms, Inc.",META,USD,Q2 2026,715.62,1429868462910.2,779.82,519.37,-0.08232669077479426,0.37786164006392364,6.2645,20.9972,0.27959003283104633,,1.445526820802595,Services – Computer Programming And Data Processing,technology,0.298485,0.182887,0.817479,0.298351,-0.043450525398689134,0.43,1.0187,-0.2354417639743498,12.8955,5.4738,0.11687248272933813,0.01500735351447299,0.27959003283104633,-0.2354417639743498,-1.445526820802595,-0.020103707244064652,0.080405956876991,-0.11951317241230715,-0.7028692386683326,0.28796051276787277,-0.09292906128321753,53
48,,"MONOLITHIC POWER SYSTEMS, INC.",MPWR,USD,Q2 2026,1351.2,67915346800.0,1711.48,828.85,-0.2105078645382943,0.6302105326657417,20.7492,84.6882,0.4755948923671405,,2.524397392936966,Electronic Components & Accessories,technology,0.219787,0.185241,0.551953,0.245007,0.165084445541584,0.0,0.0,0.48111830600228633,63.7798,17.4346,0.033259701067350024,0.19529606364879773,0.4755948923671405,0.48111830600228633,-2.524397392936966,-0.7625658484986881,0.1238618189152935,0.3834586326357779,-0.1116339904916568,-0.7238131041111583,-0.21964061182563044,71
49,,"Marvell Technology, Inc.",MRVL,USD,Q4 2026,251.9,164077488000.0,329.8,70.63,-0.2362037598544573,2.5664731700410592,17.3621,62.1529,0.22080994827775946,,3.0527660955406386,Electronic Components & Accessories,technology,0.165235,0.109674,0.52211,0.279346,-0.2617736761159788,0.2678,1.094,1.887059706953575,36.3954,8.8539,0.05352666273402698,-0.07817266801656841,0.22080994827775946,1.887059706953575,-3.0527660955406386,-0.5825999215594676,0.05794632444985728,-0.2703498674749693,1.0484112701107122,-1.2193215803701778,-0.006212620607584374,38
50,,MICROSOFT CORP,MSFT,USD,Q4 2026,509.22,2770954713286.1,549.2,348.54,-0.07279679533867445,0.461008779480117,8.3503,20.7176,0.17747020577962092,,0.9565259853398808,Services – Computer Programming And Data Processing,technology,0.340386,0.194208,0.679441,0.403054,0.09732677163443718,0.0911,0.1971,0.0043102659733971205,13.1955,6.2636,0.10086508063850944,0.20374511023349104,0.17747020577962092,0.0043102659733971205,-0.9565259853398808,-0.1622457314183841,0.12589833358371658,-0.38156480656475106,-0.5050493253543801,0.7465494823179267,-0.0093830329880817,39
51,,"Motorola Solutions, Inc.",MSI,USD,Q2 2026,452.08,70159692688.1,493.57,356.42,-0.08406102477865351,0.26839122383704606,5.7339,32.8771,0.13309222423146472,,0.14282749523597027,Radio & Tv Broadcasting & Communications Equipment,technology,0.915668,0.119987,0.519941,0.174812,-0.1655465158221641,3.3601,2.428,0.07720868967623695,21.0209,26.2574,0.07261846991393409,-0.6033197879745948,0.13309222423146472,0.07720868967623695,-0.14282749523597027,-0.4130690943646775,-0.06863243235474373,-0.49544399066506345,-0.44490067985276527,1.5096425591387324,-0.05342519096834755,48
52,,Strategy Inc,MSTR,USD,Q2 2026,157.14,30464433513.0,365.21,81.81,-0.569727006379891,0.9207920792079205,61.131,0.0,0.06882817413178666,,3.1018762444507577,Services – Computer Programming And Data Processing,technology,-0.635623,-0.518407,0.676009,-61.029616,-33.53126917589551,0.148,-0.1848,-0.543066178915863,0.0,0.9863,0.2762238964138347,-13.571729453699358,0.06882817413178666,-0.543066178915863,-3.1018762444507577,1.3948999496660797,-3.1944710989581413,-0.6603531942166386,-0.9566908021823036,-1.2653774783357314,-1.462982619911194,84
53,,MICRON TECHNOLOGY INC,MU,USD,Q3 2026,1053.98,1041484950779.5,1254.81,159.71,-0.16004813477737656,5.5993362970383815,11.5369,20.6361,3.457155144608107,,3.3120756591233254,Electronic Components & Accessories,technology,0.666381,0.474982,0.725691,0.559065,0.31424236803841643,0.0568,0.0846,4.97392876553452,15.0344,10.34,0.07459077310993982,0.3712801954340595,3.457155144608107,4.97392876553452,-3.3120756591233254,-0.39555549865595485,0.1662801275608707,4.515476815458852,3.5953935405552735,-1.462504202840208,0.6224769323557682,7
54,,Nebius Group N.V.,NBIS,USD,,231.88,19733755088.0,299.86,73.52,-0.22670579603815122,2.1539717083786725,37.2476,239.197,,,3.5304936515689005,Services – Computer Programming And Data Processing,technology,0.021025,0.010326,0.686297,0.155719,,0.8985,-99.7029,1.0240874559940707,0.0,4.2955,0.0770151147953865,14.256629842985186,0.22477998370534347,1.0240874559940707,-3.5304936515689005,-0.37402790582707174,3.5131332843004635,-0.26016228391279206,0.33637101787859536,-1.6673383765733225,1.3677645538590644,2
55,,"ServiceNow, Inc.",NOW,USD,Q2 2026,131.45,102357680000.0,192.97,81.24,-0.31880603202570357,0.6180452978828164,6.948,61.292,0.2401244167962675,,0.6751078279197861,Services – Computer Programming And Data Processing,technology,0.142443,0.062178,0.747692,0.113359,-0.572162100977464,0.6663,2.2495,-0.24652464048943512,27.493,8.1781,0.07972308457037794,-0.3460414429967806,0.2401244167962675,-0.24652464048943512,-0.6751078279197861,-0.3499817612349587,-0.0066193853011106436,-0.22078664176061163,-0.7120137438137583,1.010465724305199,-0.1266669807774086,59
56,,"NetApp, Inc.",NTAP,USD,Q3 2026,204.41,34971706969.5,209.06,92.93,-0.022242418444465728,1.1996126116431722,4.969,26.3341,0.04387568555758681,,1.3052811944868175,Computer & Office Equipment,technology,1.075304,0.12872,0.701051,0.18869,0.14349772739241223,1.6642,1.4324,0.6060305334508256,19.507,23.3924,0.08330847247396828,-0.12276246751536969,0.04387568555758681,0.6060305334508256,-1.3052811944868175,-0.3181443468203835,0.047198628857095,-0.7243842506318285,-0.00856864413730791,0.4194840043283659,-0.005016384684292989,37
57,,NVIDIA CORP,NVDA,USD,Q4 2026,228.86,5005528000000.0,236.0,163.9,-0.030254237288135588,0.3963392312385601,16.5216,25.9516,0.7321451272533117,,1.8849387649052693,Electronic Components & Accessories,technology,1.172107,0.836763,0.746746,0.636629,0.2533145383739777,0.1457,0.1658,0.284657516163626,24.5423,21.8597,0.04638808860959239,0.4762942197677111,0.7321451272533117,0.284657516163626,-1.8849387649052693,-0.6459888069018874,0.1915921670675601,1.0417970790988647,-0.2737342088879085,-0.12412359024465913,-0.13302232817266785,62
58,,NXP Semiconductors N.V.,NXPI,USD,Q2 2026,236.32,69939538304.6,337.28,179.82,-0.2993358633776091,0.3142030919808698,5.3045,23.5091,0.19480519480519476,,1.8347244667917926,Electronic Components & Accessories,technology,0.279209,0.116691,0.56003,0.229731,0.14543687617747442,0.9333,2.384,0.008860635679269091,16.9539,6.1356,0.11325565642503191,-0.28374316054607507,0.19480519480519476,0.008860635679269091,-1.8347244667917926,-0.05222028737767425,0.008396671807423959,-0.33708116089740464,-0.5012948055659211,-0.07703221215580847,-0.1278306345348115,60
59,,ON SEMICONDUCTOR CORP,ON,USD,Q2 2026,75.65,35749409083.0,134.92,44.56,-0.4392973613993477,0.6977109515260325,5.7681,56.7271,0.09178184789269417,,2.6755732549411815,Electronic Components & Accessories,technology,0.08312,0.047476,0.377166,0.101923,0.2005907487818258,0.6192,2.9857,0.5029134016475787,24.2385,4.9523,0.1085446570495675,-0.3992320358883106,0.09178184789269417,0.5029134016475787,-2.6755732549411815,-0.09405287103571358,-0.019440171831269372,-0.6014513345824773,-0.09365081040279283,-0.8655870597972534,-0.14652834555548264,63
60,,ORACLE CORP,ORCL,USD,Q4 2026,132.6,429535835520.0,319.46,114.5,-0.5849245601953297,0.15807860262008733,5.9844,22.9257,0.20625039300760872,,2.0142282294064042,Services – Computer Programming And Data Processing,technology,0.411922,0.078229,0.639573,0.263598,-0.4514496613210208,1.8652,3.3229,-0.4725164547856616,13.8703,6.9484,0.10668370439930522,-0.6066039516172888,0.20625039300760872,-0.4725164547856616,-2.0142282294064042,-0.11057769968060657,-0.069424030242719,-0.30771141969493626,-0.898480073727569,-0.24537230394706053,-0.28235377463714306,78
61,,"Everpure, Inc.",P,USD,Q4 2026,129.4,25651688602.4,131.41,56.78,-0.015295639601247912,1.2789714688270517,6.0185,101.276,0.20351494927498348,,2.414476400320462,Computer & Office Equipment,technology,0.177143,0.054782,0.697344,0.059427,-0.1528420947881195,0.0,0.0,0.1889301545465436,56.0977,16.6479,0.06348051099937611,0.11940770074455434,0.20351494927498348,0.1889301545465436,-2.414476400320462,-0.4942120537010475,0.10557007881563668,-0.31473089398277976,-0.3527190599483639,-0.6207283012227894,-0.21025669036211841,69
62,,Palo Alto Networks Inc,PANW,USD,Q4 2026,392.09,270441450000.0,398.88,139.57,-0.017022663457681553,1.809271333381099,23.5576,880.9168,0.3446372239747635,,1.1769294465585134,Computer & Office Equipment,technology,0.017386,0.008524,0.703571,0.026742,-1.874210014817073,0.0645,0.9206,0.8933287176697493,137.1611,9.8371,0.03813274990149866,-0.30044100211672475,0.3446372239747635,0.8933287176697493,-1.1769294465585134,-0.7192943031688527,0.004371910084457721,0.04740566429560843,0.22848170288094294,0.5398533197850413,-0.04714269338366083,44
63,,Palantir Technologies Inc.,PLTR,USD,Q2 2026,187.48,279694388356.6,207.52,106.37,-0.09656900539707025,0.7625270282974521,45.4349,92.7156,0.928334945705726,,1.9001850522821835,Services – Computer Programming And Data Processing,technology,0.380972,0.318282,0.847961,0.492324,0.34595780770153584,0.0214,0.0746,0.038019205002233214,95.5054,28.6156,0.01955294240508872,0.3270709725287908,0.928334945705726,0.038019205002233214,-1.9001850522821835,-0.8842786917238217,0.15562416418989444,1.5452435107466238,-0.4772360075774962,-0.13842168282568126,-0.24877271385208216,75
64,,PENTAIR plc,PNR,USD,Q2 2026,53.03,12334785325.1,112.57,52.64,-0.5289153415652483,0.00740881458966558,3.0746,18.8576,-0.1696198023328288,,0.9450993845031269,Special Industry Machinery,technology,0.175544,0.098759,0.41348,0.162371,0.0909131392890972,0.4283,1.7282,-0.4196267106292424,14.9026,3.2899,0.18733439235014804,-0.17363326581584326,-0.1696198023328288,-0.4196267106292424,-0.9450993845031269,0.6055817352693228,0.03493699366609134,-1.272239090394562,-0.8548406325662147,0.7572654417257022,0.044277291310698186,27
65,,PTC INC.,PTC,USD,Q3 2026,139.69,13122612915.5,206.82,108.5,-0.3245817619185766,0.28746543778801836,4.4424,10.7227,-0.06815573573191169,,0.5053484734452021,Services – Computer Programming And Data Processing,technology,0.350531,0.192082,0.845006,0.414294,0.3042203670515496,0.4102,0.8229,-0.21587489517044067,8.2064,3.782,0.17615752947359503,0.12471905243593562,-0.06815573573191169,-0.21587489517044067,-0.5053484734452021,0.5063337808431461,0.10685029966898688,-1.0118702156300838,-0.6867245733178103,1.1696674307119315,0.13736522715983895,20
66,,"Qnity Electronics, Inc.",Q,USD,Q2 2026,124.91,34327762000.0,177.16,72.62,-0.2949311356965455,0.7200495731203524,6.5888,58.5798,0.22136752136752147,,2.685386458382081,Electronic Components & Accessories,technology,0.083488,0.043961,0.462188,0.120921,0.0,0.5327,2.9088,,26.9513,4.729,0.10435214863083049,-0.3901345714285714,0.22136752136752147,0.1889301545465436,-2.685386458382081,-0.1312813750506523,-0.017247365858192972,-0.26891906854443465,-0.3527190599483639,-0.8747899619757105,-0.2124200328229461,70
67,,QUALCOMM INC/DE,QCOM,USD,Q3 2026,187.48,199617060000.0,257.56,120.88,-0.27209193974219603,0.5509596293845136,4.5296,21.5592,-0.04032802701398941,,2.1244910257142946,Radio & Tv Broadcasting & Communications Equipment,technology,0.337507,0.165002,0.542263,0.210102,0.07892098869953935,0.5521,1.1334,-0.014020701666781932,15.3331,7.2173,0.11773207742782879,-0.05024357304292293,-0.04032802701398941,-0.014020701666781932,-2.1244910257142946,-0.012470705354083969,0.06467820964180927,-0.9404610020150089,-0.5201742460081548,-0.3487776531233985,-0.12837274636451543,61
68,,SHOPIFY INC.,SHOP,USD,Q2 2026,144.01,143749376146.2,182.19,94.0,-0.2095614468412098,0.5320212765957446,10.8335,74.5588,0.33694029850746277,,1.8758393626623604,Services – Computer Programming And Data Processing,technology,0.155434,0.132824,0.477655,0.145301,0.08378030790564472,0.0,0.0,0.0758452422446847,63.1185,11.3331,0.05244970788594231,0.1421420439865207,0.33694029850746277,0.0758452422446847,-1.8758393626623604,-0.5921630312497532,0.1110498478079282,0.02765443718434431,-0.4460256632482201,-0.11559009664817378,-0.194196454934712,68
69,,"Super Micro Computer, Inc.",SMCI,USD,Q4 2026,41.78,17639604077.1,58.78,19.48,-0.2892140183735965,1.14476386036961,0.4516,7.9085,0.931552702482286,,3.8528944547044564,Computer & Office Equipment,technology,0.214658,0.101467,0.108216,0.057099,-0.19381255162420408,0.6022,3.0497,-0.16825259515570934,8.0663,1.7204,0.761506989864904,-0.48061036451774347,0.931552702482286,-0.16825259515570934,-3.8528944547044564,3.603677490587224,-0.03905518499095917,1.5535006577272787,-0.647431311597447,-1.969688477779474,0.4207314600262493,10
70,,Sandisk Corp,SNDK,USD,Q4 2026,1712.89,270475000000.0,2354.39,103.35,-0.2724697267657439,15.573681664247705,13.3581,23.6574,3.7159389794844815,,4.098990701604591,Computer & Office Equipment,technology,0.916399,0.644258,0.714737,0.564648,0.5577054253012643,0.0,0.0,14.748753844522218,19.9801,17.1883,0.05633998187402322,0.48539248932875206,3.7159389794844815,14.748753844522218,-4.098990701604591,-0.5576182989989563,0.1937851670981073,4.515476815458852,4.681910679221786,-2.2004795441572607,0.7581384316312033,5
71,,SYNOPSYS INC,SNPS,USD,Q3 2026,417.61,74439502387.0,539.48,362.55,-0.22590272113887444,0.15186870776444628,7.9052,69.1458,0.42367610736565364,,1.6690402878319774,Services – Computer Programming And Data Processing,technology,0.036611,0.022421,0.723752,0.114241,0.2537893466922035,0.3222,2.6088,-0.04579228243021349,21.0185,2.3895,0.15175898393835086,-0.2543122361868281,0.42367610736565364,-0.04579228243021349,-1.6690402878319774,0.2896803457878783,0.015490550218680385,0.2502288490992505,-0.5463890453316019,0.07834776143469024,-0.041456381864226156,43
72,,SPACE EXPLORATION TECHNOLOGIES CORP,SPCX,USD,Q2 2026,145.47,74999999925.0,225.64,104.83,-0.3553004786385392,0.38767528379280747,0.0,0.0,0.9194301154507492,,,Services – Computer Programming And Data Processing,technology,0.0,0.0,0.43945,-0.247605,,0.0,0.0,,0.0,0.0,0.0779519570149684,0.04435527155661394,0.9194301154507492,0.1889301545465436,-1.779712500967237,-0.365708963835877,0.08747982787313098,1.5223926561423395,-0.3527190599483639,-0.025441542179684622,-0.12359758647284917,58
73,,Seagate Technology Holdings plc,STX,USD,Q4 2026,921.51,183903650078.7,1143.27,207.78,-0.19396992836337867,3.4350274328616806,15.0803,57.7043,0.48486088379705405,,2.346781360007607,Computer & Office Equipment,technology,3.715286,0.353876,0.455761,0.261091,0.2587618320623206,1.6451,0.8156,2.8853535283993113,42.4993,84.8656,0.02973863648552698,0.36915369029461725,0.48486088379705405,2.8853535283993113,-2.346781360007607,-0.7938320867095457,0.16576756571551446,0.40723626981321476,1.8721056399281046,-0.5572433406064209,0.2513748920769728,15
74,,"SKYWORKS SOLUTIONS, INC.",SWKS,USD,Q3 2026,87.59,9409397045.3,92.8,51.48,-0.05614224137931023,0.7014374514374515,2.3441,32.435,-0.0312953367875648,,1.484890417460521,Electronic Components & Accessories,technology,0.050936,0.038323,0.407339,0.07227,0.04029181114072894,0.0866,0.6092,-0.12369256387573502,11.1469,1.6398,0.2892438402617019,-0.012377169837038737,-0.0312953367875648,-0.12369256387573502,-1.484890417460521,1.5105140363661416,0.07380533242379402,-0.9172820435015423,-0.6106647343676621,0.2510450109527053,0.26066277162720447,14
75,,TE Connectivity plc,TEL,USD,Q3 2026,214.71,19844161819.8,250.61,189.53,-0.14325046885599135,0.13285495699889194,1.6574,11.1421,0.13806793118659022,,1.590165747633569,Wholesale – Electronic Parts & Equipment,technology,0.204724,0.092249,0.331746,0.148751,0.14673776242107442,0.428,1.5949,-0.040011198293017025,8.7851,2.2032,0.3152046736961999,-0.15695603393984653,0.13806793118659022,-0.040011198293017025,-1.590165747633569,1.7410402262308995,0.03895678773441729,-0.48267573423237575,-0.54161906043041,0.1523169481725734,0.30077627007902463,13
76,,"TERADYNE, INC",TER,USD,Q2 2026,401.3,68387008891.3,487.72,131.5,-0.1771918313786599,2.0517110266159695,15.3196,59.4556,1.0389630513794939,,3.263594250543429,Instruments For Measuring & Testing Of Electricity & Electrical Instruments,technology,0.364647,0.264881,0.592416,0.257743,0.11864190089629754,0.0,0.0,1.8045276070011185,45.5636,19.8964,0.03857570546165538,0.22833270012804255,1.0389630513794939,1.8045276070011185,-3.263594250543429,-0.715360960357653,0.1318247996032245,1.8291284008023154,0.9803138577060216,-1.4170379426814663,-0.039981438841314554,42
77,,TAKE TWO INTERACTIVE SOFTWARE INC,TTWO,USD,Q4 2026,202.35,46412952416.7,265.94,187.63,-0.23911408588403404,0.07845227309065717,6.9413,0.0,0.061484992101105806,,0.6722966336448807,Services – Computer Programming And Data Processing,technology,-0.09039,-0.034179,0.560413,-0.047917,0.012993510005408328,0.6983,2.1055,-0.04940638896821836,39.3516,12.8625,0.06940971298878376,-0.343268498570656,0.061484992101105806,-0.04940638896821836,-0.6722966336448807,-0.44156211289674463,-0.005951009059848669,-0.6791966735543948,-0.5493710523753434,1.0131020852114416,-0.11028536461912546,56
78,,TEXAS INSTRUMENTS INC,TXN,USD,Q2 2026,278.31,271271358213.4,332.33,150.2,-0.1625492733126711,0.8529294274300934,13.945,45.0842,0.22819244604316546,,1.4680164986965685,Electronic Components & Accessories,technology,0.351758,0.170924,0.583252,0.311109,0.3281820619647355,0.7804,1.4523,0.5021017815691311,28.7642,15.0648,0.04875908828138038,-0.06963927686218062,0.22819244604316546,0.5021017815691311,-1.4680164986965685,-0.6249348788033559,0.06000316909890747,-0.2514054992811494,-0.09432047986752003,0.2668695095160056,-0.10351428127001294,55
79,,TYLER TECHNOLOGIES INC,TYL,USD,Q2 2026,324.02,11976902054.0,531.94,270.71,-0.39087115088167845,0.19692660042111476,4.9295,36.8956,0.08216340080890161,,0.05755331292016856,Services – Computer Programming And Data Processing,technology,0.097308,0.057764,0.472053,0.133606,0.07904177182211315,0.4638,2.5347,-0.29171613496227644,22.2584,3.9434,0.13211974166767082,-0.3083896040254124,0.08216340080890161,-0.29171613496227644,-0.05755331292016856,0.11528842174145737,0.00245602002298928,-0.6261334149295912,-0.7493013426761906,1.589613382420503,0.03682351340477705,29
80,,VEEVA SYSTEMS INC,VEEV,USD,Q4 2026,279.96,33102693840.0,310.5,148.05,-0.09835748792270538,0.8909827760891589,9.5725,32.6208,0.1596160835416418,,0.582280756182678,Services – Computer Programming And Data Processing,technology,0.144246,0.118968,0.749609,0.293448,0.26209158150802847,0.0,0.0,0.007859107634051288,18.994,4.4544,0.10306663413780769,0.22405179735828978,0.1596160835416418,0.007859107634051288,-0.582280756182678,-0.14269644609758855,0.1307929528501851,-0.42738060986085163,-0.5021211685006985,1.0975197088530746,0.03678403233969342,30
81,,Veralto Corp,VLTO,USD,Q2 2026,96.2,22730212068.3,107.44,79.91,-0.1046165301563663,0.2038543361281442,3.9906,23.0063,0.07512764405543404,,0.27204254409233436,Instruments For Measuring & Testing Of Electricity & Electrical Instruments,technology,0.343115,0.125628,0.601826,0.173455,0.08326537392907303,1.0907,2.424,-0.05355218596059119,17.2103,7.3394,0.12210272451061074,-0.3124872322958468,0.07512764405543404,-0.05355218596059119,-0.27204254409233436,0.026339628750920656,0.0014683488112335493,-0.6441880044053137,-0.5527917583515438,1.3884636330345903,0.0379369743420309,28
82,,VERISIGN INC/CA,VRSN,USD,Q2 2026,282.07,22891960000.0,311.57,206.93,-0.09468177295631797,0.3631179625960468,13.4036,26.9317,0.06025859965845326,,0.03539478794575568,Services – Computer Programming And Data Processing,technology,-0.400198,0.529496,0.884654,0.497687,0.6122183387200656,-1.0356,1.9345,0.051861072824775034,20.0483,0.0,0.06716378602412634,0.17499390553143793,0.06025859965845326,0.051861072824775034,-0.03539478794575568,-0.4615054243155911,0.1189682912974495,-0.6823437425711438,-0.46581505279619484,1.6103938277650385,0.02573622652569607,32
83,,Vertiv Holdings Co,VRT,USD,Q2 2026,244.04,128607313773.1,379.76,141.25,-0.3573836107014957,0.727716814159292,11.2031,74.2536,0.2411584094613548,,2.730913197054748,Electronic Components & Accessories,technology,0.439427,0.131675,0.380388,0.150876,0.1309281199606258,0.6179,1.1442,0.9281598596214793,49.9889,27.032,0.03993150071431149,-0.07554369714848205,0.2411584094613548,0.9281598596214793,-2.730913197054748,-0.7033218124381485,0.0585799980462858,-0.21813329347936827,0.25722095269258755,-0.9174853086106856,-0.17504078176851828,66
84,,WESTERN DIGITAL CORP,WDC,USD,Q4 2026,453.23,185783668609.0,799.61,111.62,-0.43318617826190264,3.0604730335065398,14.3807,19.7139,0.4383877159309022,,2.9405245115727165,Computer & Office Equipment,technology,1.308525,0.676453,0.488505,0.729468,0.28506512777304743,0.1187,0.0962,3.315952468171318,16.9354,20.9593,0.05675567572532747,0.46758801825329244,0.4383877159309022,3.315952468171318,-2.9405245115727165,-0.5539270338501251,0.1894936690994602,0.2879805881772366,2.2273937472168863,-1.114060507996325,0.3323163994594487,12
85,,"Block, Inc.",XYZ,USD,Q2 2026,73.31,45233756000.0,86.92,48.21,-0.15658076392084674,0.5206388716034018,1.8063,126.6548,0.09302733506902428,,1.8819559049619492,Services – Computer Programming And Data Processing,technology,0.016116,0.009357,0.463586,0.014201,0.09506416367741763,0.3127,39.2162,0.1516015200868619,238.7661,2.0517,0.2632755652022282,-5.5615108337603685,0.09302733506902428,0.1516015200868619,-1.8819559049619492,1.2799217665946514,-1.2637292627923367,-0.5982552662057765,-0.38351899617644025,-0.12132623987525754,-0.37593752780090905,82
1,,"CHARTER COMMUNICATIONS, INC. /MO/",CHTR,USD,Q2 2026,111.4,17489631006.8,285.82,110.35,-0.6102442096424323,0.009515178975985528,0.3215,3.5519,-0.017434258317594042,,0.27815303231544264,Cable And Other Pay Tv Services,telecommunication,0.27202,0.037428,1.0,0.105688,0.15628395743069343,4.2902,4.3947,-0.45182392726466347,5.4204,1.0317,1.1364304019642617,-1.016211434652758,-0.017434258317594042,-0.45182392726466347,-0.27815303231544264,2.975750921563983,-2.6006169313617686,-0.6541015916703194,-1.6980610435038406,-0.008724542478067285,-0.8728680568672063,15
2,,COMCAST CORP,CMCSA,USD,Q2 2026,21.79,86519375650.5,32.04,21.28,-0.319912609238452,0.02396616541353369,0.6927,7.7249,-0.012304951670900288,,0.14739372834888656,Cable And Other Pay Tv Services,telecommunication,0.11489,0.04052,0.693901,0.086194,0.24100661326218537,1.0047,2.6481,-0.0672557682866961,4.7349,0.9639,0.7054319058597576,-0.3537554838196878,-0.012304951670900288,-0.0672557682866961,-0.14739372834888656,1.1490832970221359,-0.18983799003062873,-0.6261171901572424,-0.20167144371123338,0.2768245786379528,0.1569218139041381,5
3,,Walt Disney Co,DIS,USD,Q3 2026,105.59,170245496195.3,115.42,91.48,-0.08516721538728123,0.15424136423261925,1.7221,19.796,0.06756871035940804,,0.6517768292916161,Services – Misc. Entertainment,telecommunication,0.080105,0.046024,0.375952,0.093424,0.028276478502139376,0.394,2.4188,-0.04091681241762235,11.0473,1.5472,0.34201258363708215,-0.31271693164255154,0.06756871035940804,-0.04091681241762235,-0.6517768292916161,-0.39116873642379946,-0.04049239618858698,-0.19034355006560683,-0.09918417659940658,-0.824635484324805,-0.21859009945839614,13
4,,EchoStar CORP,ECHO,USD,Q2 2026,89.22,29416069032.0,147.25,65.76,-0.3940916808149406,0.3567518248175181,2.0074,0.0,-0.03994540611051023,,1.4630768642686807,Misc. Communication Services,telecommunication,-0.33428,-0.114423,0.421465,-0.387717,0.008558614842098619,1.2275,-1.1239,0.1822532130161334,0.0,2.0781,0.29464958469405433,-0.07285662645112878,-0.03994540611051023,0.1822532130161334,-1.4630768642686807,-0.5919036752980664,0.8323960907961927,-0.7769176059484368,0.7691906413575225,-2.596333596210975,0.12086941101030085,6
5,,Fox Corp,FOX,USD,Q4 2026,56.55,21916918190.4,67.48,43.86,-0.16197391819798468,0.28932968536251713,1.2797,13.0071,0.2814116215393976,,0.060538322003708504,Radio & Tv Broadcasters,telecommunication,0.14291,0.075618,1.0,0.100841,0.11251402993109891,0.5592,2.2153,0.11503113010826893,8.2173,1.8848,0.37764224547902847,-0.19180242429555733,0.2814116215393976,0.11503113010826893,-0.060538322003708504,-0.24016229359789093,0.39953406541537345,0.9763376993471998,0.5076234174691615,0.4664973911544816,0.28883954450650184,3
6,,Fox Corp,FOXA,USD,Q4 2026,63.06,21916918190.4,75.68,48.13,-0.16675475687103603,0.31020153750259705,1.2797,13.0071,0.2814116215393976,,0.10298431738745793,Radio & Tv Broadcasters,telecommunication,0.14291,0.075618,1.0,0.100841,0.11251402993109891,0.5592,2.2153,0.12152854586039785,8.2173,1.8848,0.37764224547902847,-0.19180242429555733,0.2814116215393976,0.12152854586039785,-0.10298431738745793,-0.24016229359789093,0.39953406541537345,0.9763376993471998,0.5329054516938707,0.37380481549023437,0.28415859926040976,4
7,,NETFLIX INC,NFLX,USD,Q2 2026,69.23,300793510949.4,124.86,65.08,-0.44553900368412613,0.06376767055931176,6.2185,22.0367,0.13365374252899542,,0.3156200974924811,Services – Video Rental,telecommunication,0.495414,0.244727,0.491179,0.282188,0.1563153602204836,0.4746,0.4087,-0.3392041316294776,8.7399,9.9759,0.10521217436179107,0.11236048003149765,0.13365374252899542,-0.3392041316294776,-0.3156200974924811,-1.394781614452384,1.5064295858853167,0.17020227057282086,-1.259847200300779,-0.09054424637337362,0.06954627418461855,8
8,,NEWS CORP,NWS,USD,Q4 2026,32.24,13593103050.8,35.65,25.32,-0.09565217391304337,0.2733017377567142,1.5057,23.7227,0.10810810810810811,,0.2952628313663717,Newspapers – Publishing-Printing,telecommunication,0.079785,0.047861,1.0,0.0823,0.05925171402303944,0.2154,1.3172,0.0610683572681201,8.7385,1.5943,0.3619918200826633,-0.03762889799670864,0.10810810810810811,0.0610683572681201,-0.2952628313663717,-0.30649228231069614,0.9605952047177282,0.030830745378243866,0.29764937211769504,-0.046088522961736045,0.41984516394701943,1
9,,NEWS CORP,NWSA,USD,Q4 2026,29.1,13593103050.8,31.55,22.03,-0.07765451664025358,0.3209260099863822,1.5057,23.7227,0.10810810810810811,,0.25228448709117285,Newspapers – Publishing-Printing,telecommunication,0.079785,0.047861,1.0,0.0823,0.05925171402303944,0.2154,1.3172,0.03795490288393166,8.7385,1.5943,0.3619918200826633,-0.03762889799670864,0.10810810810810811,0.03795490288393166,-0.25228448709117285,-0.30649228231069614,0.9605952047177282,0.030830745378243866,0.20771282394454801,0.04776658380713795,0.4102876095495283,2
10,,OMNICOM GROUP INC.,OMC,USD,Q2 2026,75.1,13351948087.9,88.65,64.32,-0.15284827975183313,0.16759950248756228,0.8948,12.9984,0.63425141946409,,0.40002069998353523,Services – Advertising,telecommunication,,,0.124765,0.077176,0.3463206144971459,,,0.19403718455849872,,,0.4823468825819903,-0.36018512650040774,0.63425141946409,0.19403718455849872,-0.40002069998353523,0.20359927973485809,-0.21323644717403725,2.9013562749634807,0.8150431438296727,-0.27485631543384526,0.1010536381110075,7
11,,Paramount Skydance Corp,PSKY,USD,Q2 2026,10.28,11043200000.0,19.72,7.58,-0.4787018255578094,0.3562005277044853,0.0,0.0,0.009344429843772817,,0.6389343323589602,Radio & Tv Broadcasters,telecommunication,0.0,0.0,0.0,0.0,0.0,1.1831,0.0,-0.4215697352208466,0.0,0.9382,0.49697289373631304,-0.16901428571428573,0.009344429843772817,-0.4215697352208466,-0.6389343323589602,0.26558757271792965,0.4824636013864506,-0.5080027886314702,-1.5803392371930651,-0.796590338772539,-0.1662488069085564,12
12,,AT&T INC.,T,USD,Q2 2026,24.9,141933717382.5,28.75,19.63,-0.13391304347826094,0.26846663270504334,1.1155,6.6281,0.02304924303822098,,-0.3432662515666858,Telephone Communications,telecommunication,0.182864,0.055223,0.597215,0.180951,0.09437662453178663,1.2682,3.0275,-0.05912039041138972,5.6525,1.2851,0.500598554225302,-0.4550100536383162,0.02304924303822098,-0.05912039041138972,0.3432662515666858,0.2809539294283967,-0.5583189197065151,-0.4332322550073278,-0.17001595024722874,1.3483164096707232,-0.0736759234214446,10
13,,"T-Mobile US, Inc.",TMUS,USD,Q2 2026,166.45,180476575142.3,235.97,161.14,-0.2946137220833157,0.032952711927516365,1.9577,17.0906,0.07850653038046573,,-0.34395714135812006,Telephone Communications,telecommunication,0.179941,0.049555,0.621885,0.114547,0.10470072714206684,1.504,2.6229,-0.2415591103672472,8.1295,3.2076,0.2510208891329271,-0.43661018183684763,0.07850653038046573,-0.2415591103672472,0.34395714135812006,-0.7768118046832327,-0.4913589604724094,-0.1306691402027555,-0.8799015628963555,1.349825158698498,-0.43655971315003506,14
14,,VERIZON COMMUNICATIONS INC,VZ,USD,Q2 2026,46.68,173831857870.4,51.67,36.55,-0.09657441455389981,0.27715458276333793,1.2515,10.7489,-0.007274518896359883,,-0.2974352966434848,Telephone Communications,telecommunication,0.15842,0.041839,0.592635,0.119508,0.0007120442794917079,1.5707,3.4432,0.2181147437966835,7.0395,1.6727,0.4079913260158867,-0.5858265651029297,-0.007274518896359883,0.2181147437966835,0.2974352966434848,-0.11153613050833318,-1.034380294988451,-0.5986722233724977,0.9087311114663129,1.2482318382388105,-0.14387770886655937,11
15,,"Warner Bros. Discovery, Inc.",WBD,USD,Q2 2026,30.9,66840264475.3,30.92,17.08,-0.0006468305304011546,0.8091334894613584,1.8508,0.0,-0.11159804321239297,,0.4909811969262205,Cable And Other Pay Tv Services,telecommunication,-0.08786,-0.031501,0.472491,-0.086778,0.09831372006091652,0.942,2.3288,0.46006066734074813,7.0287,2.0355,0.3126853965920926,-0.4151620399912977,-0.11159804321239297,0.46006066734074813,-0.4909811969262205,-0.5154638872843169,-0.4133058784117663,-1.1678390899315332,1.8501646525731261,-0.47349372914249743,0.06029825419867288,9
1,,AMEREN CORP,AEE,USD,Q2 2026,99.39,31504248000.0,117.49,94.58,-0.15405566431185624,0.050856417847324975,3.6009,20.1563,-0.058081945069788365,,-0.08928322183401995,Electric And Other Services Combined,utilities,0.119426,0.032052,0.503829,0.17922,-0.1411305973368385,1.5785,5.0622,0.08168288541292501,12.4023,2.3018,0.21059836163512874,-0.8496147996195483,-0.058081945069788365,0.08168288541292501,0.08928322183401995,-0.4749576613922297,0.32873978796571585,-1.381738751860941,0.18995160108185222,0.4064472780868394,0.12793270103654977,11
2,,AMERICAN ELECTRIC POWER CO INC,AEP,USD,Q2 2026,118.2,75331431865.9,139.52,105.23,-0.15280963302752293,0.1232538249548607,3.3053,23.9833,0.07037546687635143,,-0.017691576150946613,Electric Services,utilities,0.101232,0.028385,0.677153,0.14282,-0.9225078650502179,1.5872,5.9213,0.172972032584362,14.4237,2.3483,0.2098525964758277,-1.0687739807214596,0.07037546687635143,0.172972032584362,0.017691576150946613,-0.48541386756361304,-0.49751023838792696,0.31393287406472703,0.8262476687302955,0.2528886558949125,-0.11727607725815892,17
3,,AES CORP,AES,USD,Q2 2026,14.87,10331016577.8,17.23,12.36,-0.13697040046430653,0.20307443365695788,0.7914,5.5783,0.1985989492119089,,0.414649363311231,Cogeneration – Sm Power Producer,utilities,0.092304,0.020374,0.202926,0.080205,-0.15515207141106174,2.5044,9.0343,0.1883373750231625,13.2383,2.0905,0.4991856170303162,-1.614006153058723,0.1985989492119089,0.1883373750231625,-0.414649363311231,3.15127139418063,-2.55308506987551,2.006516567600051,0.9333459084971749,-0.6744496996846413,-0.30195059709234123,25
4,,ATMOS ENERGY CORP,ATO,USD,Q3 2026,157.05,28755277735.9,190.28,155.0,-0.17463737649779265,0.013225806451613087,5.8428,20.5037,0.0480284319733324,,-0.15776172101444377,Natural Gas Distribution,utilities,0.097923,0.047301,0.802813,0.284961,-0.3917448733787041,0.6766,3.8614,0.02785384338782393,14.4201,1.8846,0.20497168159021528,-0.5281066961969577,0.0480284319733324,0.02785384338782393,0.15776172101444377,-0.5538480813538781,1.540854551263253,0.018946135389749,-0.18524313812994433,0.553328438361705,0.582062689383008,4
5,,"American Water Works Company, Inc.",AWK,USD,Q2 2026,128.93,25695010953.2,142.37,118.81,-0.09440191051485569,0.08517801531857594,4.8628,22.7793,0.06191222570532906,,-0.44777315449378896,Water Supply,utilities,0.100953,0.032061,0.612983,0.213475,-0.07322735300908403,1.3766,5.4195,0.03936334907826722,14.0219,2.2027,0.19371191077944733,-0.8442650504298692,0.06191222570532906,0.03936334907826722,0.44777315449378896,-0.7117188045588364,0.34890882850845406,0.20221586451540136,-0.10502053294278747,1.175380854116176,0.10417083257186052,12
6,,Constellation Energy Corp,CEG,USD,Q2 2026,260.43,89708775947.3,410.41,228.28,-0.36543943861017036,0.14083581566497294,2.8688,25.89,0.22996230126208816,,1.3245446837494237,Electric Services,utilities,0.150466,0.045898,0.431564,0.111033,-0.8774591585321394,0.765,2.5826,-0.12975497800120672,11.8859,2.8086,0.20684633307652517,-0.49801402264744843,0.22996230126208816,-0.12975497800120672,-1.3245446837494237,-0.5275640129767522,1.6543066648745535,2.420521064185308,-1.2837951170219546,-2.6261057960384337,0.040933622606929565,14
7,,CMS ENERGY CORP,CMS,USD,Q2 2026,62.6,23632349553.0,79.1,62.38,-0.20859671302149174,0.003526771401090034,2.6815,23.2602,-0.004896626768226331,,-0.141872389508182,Electric And Other Services Combined,utilities,0.091585,0.022569,0.611597,0.100647,-0.2088354862475888,1.8311,5.7826,-0.00697514604802274,13.093,2.4746,0.22409997424020284,-0.9994482123210842,-0.004896626768226331,-0.00697514604802274,0.141872389508182,-0.2856545767896709,-0.23614579232732252,-0.6796785609114535,-0.42800528132950777,0.5192470336059931,-0.2058506502157394,22
8,,CENTERPOINT ENERGY INC,CNP,USD,Q2 2026,36.62,28809623899.2,44.99,36.49,-0.18604134252056026,0.0035626198958618183,2.9948,25.792,0.10699588477366251,,-0.131257842164225,Electric Services,utilities,0.098245,0.024191,0.466736,0.116112,0.02393635926195425,2.141,6.7509,0.04890531019992994,14.3798,2.4582,0.2122568869353158,-1.1660970915340063,0.10699588477366251,0.04890531019992994,0.131257842164225,-0.4517038498365046,-0.864427209282668,0.7973320226015734,-0.038511944271603066,0.49647963875457973,-0.43796230962136756,27
9,,"DOMINION ENERGY, INC",D,USD,Q2 2026,60.28,60058009470.9,72.26,54.17,-0.16579020204815942,0.11279305888868385,3.3146,23.7009,0.1758530183727034,,-0.06989987148920193,Electric Services,utilities,0.082316,0.023145,0.462222,0.146476,-0.3500187492245709,1.5895,6.6564,0.1504335396476466,14.7457,2.1502,0.2191943540712219,-1.125965678460653,0.1758530183727034,0.1504335396476466,0.06989987148920193,-0.3544351778215519,-0.7131281355101303,1.706264297645554,0.6691517282958629,0.36487146928939745,-0.2064675524225002,23
10,,DTE ENERGY CO,DTE,USD,Q2 2026,120.83,31697274051.8,154.33,120.24,-0.21706732326832123,0.004906852960745223,1.9251,24.0678,-0.014624159110851132,,-0.016739609003523965,Electric Services,utilities,0.110297,0.024737,0.444276,0.079988,-0.12863319636805345,2.2695,6.3852,0.014497000957349293,13.6306,2.609,0.254413945781813,-1.1605764566240075,-0.014624159110851132,0.014497000957349293,0.016739609003523965,0.13937082478527604,-0.8436139140470273,-0.8080845464732604,-0.27834189716151153,0.2508467589370281,-0.3779501157781725,26
11,,Duke Energy CORP,DUK,USD,Q2 2026,113.41,98605820000.0,132.18,110.99,-0.14200332879406874,0.021803766105054523,2.9656,19.0029,0.011188066062866264,,-0.285284788234195,Electric And Other Services Combined,utilities,0.098849,0.027543,0.512722,0.161865,-0.009286873079699236,1.6045,5.1652,0.022571202993584727,10.8653,1.8336,0.25680869303748677,-0.8540011247256712,0.011188066062866264,0.022571202993584727,0.285284788234195,0.1729470393903516,0.31220294375819707,-0.4673563847738132,-0.222063761542526,0.8268556958107314,0.21971489183768567,9
12,,CONSOLIDATED EDISON INC,ED,USD,Q2 2026,102.83,40770441264.2,114.33,92.44,-0.10058602291611995,0.11239723063608831,2.3048,18.3816,0.13184979137691233,,-0.460787689083122,Electric And Other Services Combined,utilities,0.089661,0.029981,0.533608,0.125389,-0.039420292045904234,1.0963,4.5315,0.12076391369203932,10.6709,1.5852,0.3032068469704081,-0.6983687560065578,0.13184979137691233,0.12076391369203932,0.460787689083122,0.8234851577826289,0.8989511151517154,1.1254101271036918,0.46235095395299597,1.2032960386455864,0.8189747469692998,3
13,,EDISON INTERNATIONAL,EIX,USD,Q2 2026,51.47,28474337700.0,81.62,50.04,-0.3693947561872091,0.028577138289368476,1.466,7.4599,-0.04094210873871895,,0.07773639700606703,Electric Services,utilities,0.207725,0.04262,0.445194,0.202955,0.041155402775060516,2.2209,4.1805,0.4382619049942904,7.1193,1.6321,0.39233727421869424,-0.7802500853178486,-0.04094210873871895,0.4382619049942904,-0.07773639700606703,2.0731629039581883,0.5902510636130792,-1.1554884039885256,2.6753492085265904,0.048202928436857244,1.3229146008731925,1
14,,EVERSOURCE ENERGY,ES,USD,Q2 2026,63.28,27179303406.8,75.68,60.64,-0.16384778012684997,0.04353562005277056,1.9416,18.7524,0.022945539007521942,,0.07896459182193988,Electric Services,utilities,0.090163,0.023428,0.527519,0.104076,0.3227820339763771,1.7674,5.088,0.07054624428418244,9.4851,1.6633,0.3187521544766596,-0.8267759951462319,0.022945539007521942,0.07054624428418244,-0.07896459182193988,1.0414424305992687,0.4148441560468705,-0.31215464932860165,0.1123279056416566,0.04556854418839887,0.4458317600953035,5
15,,ENTERGY CORP /DE/,ETR,USD,Q2 2026,98.1,52586591560.2,117.74,89.25,-0.16680822150501107,0.09915966386554609,0.0,0.0,0.05851542079559624,,0.2096089773991458,Electric Services,utilities,0.0,0.0,0.0,0.0,-0.36680981671269086,1.8677,0.0,0.20826142651775847,0.0,2.8848,0.20061099017933404,-0.319215688101813,0.05851542079559624,0.20826142651775847,-0.2096089773991458,-0.6149883583878579,2.3283926323778807,0.15737714624312318,1.0722188853016197,-0.23465370318326367,1.1103753200173092,2
16,,"Evergy, Inc.",EVRG,USD,Q2 2026,77.91,19923240750.8,87.89,69.64,-0.11355102969621123,0.11875358989086715,3.2694,21.52,0.04391092553931797,,-0.021402974503371634,Electric And Other Services Combined,utilities,0.092538,0.027484,0.833883,0.153941,-0.07120399788312905,1.6055,5.6653,0.14622619595653297,12.5175,1.9489,0.2363332593457065,-0.8905939996975899,0.04391092553931797,0.14622619595653297,0.021402974503371634,-0.1141344278243485,0.17424448015249566,-0.03540603256963713,0.6398260490793226,0.26084932242193604,0.2232456095046519,8
17,,EXELON CORP,EXC,USD,Q1 2026,40.32,65144669731.6,49.7,39.73,-0.18873239436619726,0.014850239114019725,2.6283,23.4418,0.07864164432529042,,-0.21549240228459596,Electric And Other Services Combined,utilities,0.097642,0.024481,0.42641,0.11212,-0.024523789183409982,1.7479,5.5726,0.031160681514107447,12.4845,2.2222,0.23830918352231376,-0.9549101127404872,0.07864164432529042,0.031160681514107447,0.21549240228459596,-0.08643043775193669,-0.06823311001492961,0.42304859064875294,-0.16219408836554364,0.6771563485803108,-0.010336127079374258,15
18,,FIRSTENERGY CORP,FE,USD,Q2 2026,43.02,27498618059.5,51.3,42.6,-0.16140350877192977,0.009859154929577452,1.7377,25.3443,0.08816568047337281,,-0.05563393114879308,Electric Services,utilities,0.094905,0.024135,0.634755,0.08575,-0.13099301606319116,2.0091,6.9487,0.08743443064284406,13.7009,2.1259,0.28957671202061275,-1.1784640022947417,0.08816568047337281,0.08743443064284406,0.05563393114879308,0.6323800901867981,-0.9110515865530832,0.5487683729168638,0.2300405462203902,0.334272114825007,-0.17612143984143888,21
19,,ALLIANT ENERGY CORP,LNT,USD,Q2 2026,63.21,19753834780.0,78.22,62.41,-0.19189465609818457,0.012818458580355685,4.4611,24.1785,0.010405827263267442,,-0.06981502425568252,Electric And Other Services Combined,utilities,0.111353,0.033301,0.626694,0.184508,-0.06321890995934959,1.6095,6.1669,0.07870719607294263,15.8223,2.6237,0.17746552307146887,-0.9833947014227642,0.010405827263267442,0.07870719607294263,0.06981502425568252,-0.9395057657706848,-0.17562259756033088,-0.47768214268129794,0.16921069721495094,0.3646894784418381,-0.2087101165456615,24
20,,NEXTERA ENERGY INC,NEE,USD,Q2 2026,75.49,183030419593.1,97.3,73.02,-0.2241521068859199,0.03382634894549441,6.3774,19.6807,0.1244776119402986,,0.19182042208656716,Electric Services,utilities,0.116801,0.034932,0.545017,0.262683,-0.46099657290592333,1.6168,6.6709,0.14169876454740282,17.8839,3.204,0.14391024793698132,-1.1127519389865603,0.1244776119402986,0.14169876454740282,-0.19182042208656716,-1.4099767586399972,-0.6633111370444242,1.028095419431238,0.608269320909132,-0.19649860815057194,-0.4947953368655556,28
21,,NISOURCE INC.,NI,USD,Q2 2026,39.1,22645593578.7,48.88,38.95,-0.2000818330605565,0.0038510911424902705,3.2908,24.9209,0.04629773967264228,,0.1691013402560081,Electric And Other Services Combined,utilities,0.085491,0.027343,0.507636,0.142193,-0.18504307626244276,1.4631,5.4735,0.005666696129558169,13.2033,2.3652,0.21063507646394267,-0.9084257251803489,0.04629773967264228,0.005666696129558169,-0.1691013402560081,-0.47444289100528203,0.1070172548271311,-0.003899458204482176,-0.33989015795870037,-0.14776790961613193,-0.1498183320261747,18
22,,"NRG ENERGY, INC.",NRG,USD,Q2 2026,97.0,30707688197.8,188.71,96.86,-0.4859837846431032,0.0014453850918851874,0.927,39.2681,0.10994065281899101,,1.3812107889572236,Electric Services,utilities,0.237715,0.02652,0.187955,0.02563,-0.37502246867320754,4.7901,5.9433,-0.2892499757720034,13.0881,7.3027,0.32938888828909607,-1.5186574955247438,0.10994065281899101,-0.2892499757720034,-1.3812107889572236,1.1905776916742183,-2.1936119672469667,0.8362037353641643,-2.3954939666187074,-2.7476502717613864,-1.5479922989598036,31
23,,PG&E Corp,PCG,USD,Q2 2026,11.95,45077067108.8,19.04,11.91,-0.37237394957983194,0.0033585222502099388,1.7447,14.7503,0.0006781959986437158,,0.17352954336519308,Electric And Other Services Combined,utilities,0.096538,0.022497,0.295816,0.122537,-0.05910414959167086,1.8803,6.3588,0.25625503026909735,10.8828,1.3946,0.3624748183716995,-1.1086880213702386,0.0006781959986437158,0.25625503026909735,-0.17352954336519308,1.6544681027520471,-0.6479897983685717,-0.6060894340395102,1.4067399350152863,-0.1572660677007033,0.37479897937329737,7
24,,PUBLIC SERVICE ENTERPRISE GROUP INC,PEG,USD,Q2 2026,66.73,40498840000.0,85.4,66.15,-0.21861826697892273,0.008767951625094472,3.2288,20.1286,-0.08948306595365418,,0.11577391607909031,Electric And Other Services Combined,utilities,0.118353,0.035041,0.693694,0.160408,0.05128452107948658,1.4241,5.2184,-0.07073675380243938,13.653,2.3371,0.21512945582474768,-0.797674211274359,-0.08948306595365418,-0.07073675380243938,-0.11577391607909031,-0.4114282051851065,0.5245605255376456,-1.7962418069852215,-0.8724311691613523,-0.03338465017964608,-0.05587347741355343,16
25,,PINNACLE WEST CAPITAL CORP,PNW,USD,Q2 2026,91.32,12850178096.5,110.16,83.09,-0.17102396514161222,0.09904922373330116,2.3136,20.0751,0.07138761995391363,,-0.12738668277414977,Electric Services,utilities,0.093648,0.021064,0.418463,0.117206,-0.09073448927614762,1.607,5.2776,0.1812277818402972,11.257,1.8267,0.2795771663563113,-0.9035647841823068,0.07138761995391363,0.1812277818402972,0.12738668277414977,0.49217870134195657,0.12534344407250964,0.3272935609158304,0.8837912097733293,0.48817629698119963,0.41572109950020114,6
26,,PPL Corp,PPL,USD,Q2 2026,32.11,27298112695.0,39.46,31.56,-0.18626457171819566,0.017427122940431028,2.9047,21.5625,0.04246913580246914,,-0.023544395169037086,Electric Services,utilities,0.086325,0.028557,0.387742,0.13471,-0.1580013775909768,1.3508,5.1503,-0.024855466575307128,11.9841,1.8144,0.2563091811364687,-0.8602524825129967,0.04246913580246914,-0.024855466575307128,0.023544395169037086,0.16594349496760114,0.28863475687889933,-0.05443803633093403,-0.5526332134805111,0.2654425064983101,0.07184467744312086,13
27,,SOUTHERN CO,SO,USD,Q2 2026,82.35,107893988089.6,98.45,81.79,-0.16353478923311338,0.006846802787626727,3.5751,23.1681,0.0005736411874373015,,-0.22566760567436922,Electric Services,utilities,0.114803,0.029426,0.482852,0.151562,-0.12661719272010338,1.785,5.3317,-0.018140962100572033,12.582,2.5482,0.19869693696519636,-0.9235248846743005,0.0005736411874373015,-0.018140962100572033,0.22566760567436922,-0.6418248695608665,0.05009205157044424,-0.6074695850485549,-0.5058323294120203,0.6989813841434427,-0.15510720083561708,19
28,,SEMPRA,SRE,USD,Q2 2026,76.89,60603604164.7,99.49,76.66,-0.22715850839280327,0.0030002608922514717,4.4719,26.792,-0.0010000000000000009,,0.14252678187854967,Gas And Other Services Combined,utilities,0.066812,0.025336,0.877952,0.201151,1.337269213474026,0.8466,6.6698,0.008229504814140531,16.13,1.853,0.2156512145732184,-0.7154113980751392,-0.0010000000000000009,0.008229504814140531,-0.14252678187854967,-0.4041127426997766,0.8346988059967864,-0.6282420626385924,-0.32202708070733066,-0.09076750781134044,0.19952756326239893,10
29,,Vistra Corp.,VST,USD,Q2 2026,138.02,53487254898.8,215.85,132.26,-0.36057447301366685,0.04355058218660224,2.7841,26.3874,-0.054823529411764715,,1.452671660814259,Electric Services,utilities,0.429622,0.05496,0.532376,0.115501,0.02101058552987715,3.5666,2.9185,-0.3036788713704538,9.8451,17.7935,0.13871326125968866,-0.7616614877814462,-0.054823529411764715,-0.3036788713704538,-1.452671660814259,-1.482842544189212,0.660331765352824,-1.3387268081118389,-2.4960650620257256,-2.900928394066021,-0.9130462827871779,30
30,,"WEC ENERGY GROUP, INC.",WEC,USD,Q2 2026,101.45,38034987420.1,118.87,100.14,-0.14654664759821656,0.013081685640103924,3.7519,22.486,0.026175665588454855,,-0.09519535858167426,Electric And Other Services Combined,utilities,0.119966,0.033456,0.657092,0.167114,-0.08714737813443288,1.5483,5.6372,-0.011933404980867035,14.6317,2.6909,0.18774284384088505,-0.8992884825906333,0.026175665588454855,-0.011933404980867035,0.09519535858167426,-0.7954097544268792,0.14146548963341776,-0.2695161288379915,-0.4625649278932641,0.4191283606980568,-0.17010656060095097,20
31,,XCEL ENERGY INC,XEL,USD,Q2 2026,69.39,50128845668.0,82.56,68.72,-0.15952034883720934,0.009749708963911585,3.4297,22.4491,-0.05111043504715551,,0.02684389685071297,Electric And Other Services Combined,utilities,0.099205,0.027483,0.468186,0.152778,-0.5031603932471265,1.7252,6.8522,0.021617963851272792,13.9868,2.0838,0.22187609823503182,-1.1904154847495896,-0.05111043504715551,0.021617963851272792,-0.02684389685071297,-0.3168350438839702,-0.9561097613629773,-1.2897129858413714,-0.22870795021746892,0.1573634614738331,-0.5286846191312172,29
