n,i,company,ticker,currency,last_qtr,price,market_cap,high_52w,low_52w,pct_below_52w_high,pct_above_52w_low,ps_ratio,pe_ratio,sales_growth_q,peg_ratio,trailing_beta,sector_raw,sector,value,quality,growth,momentum,lowvol,z_value,z_growth,z_momentum,z_lowvol,composite,rank
1,,"Advance Auto Parts, Inc.",AAP,USD,Q3 2025,41.01,2477.004,65.1999,37.89,-0.37101130523206327,0.08234362628661906,1.0858,23.1533,-0.051162790697674376,0.85,1.0832,Consumer Discretionary,consumer_discretionary,0.7135469661401094,,-0.051162790697674376,0.08234362628661906,-1.0832,0.12596476916061433,-0.9688321064003943,-0.673430946803263,0.005730924144698996,-0.2617920037114077,32
2,,"Autozone, Inc.",AZO,USD,Q1 2026,2803.25,45764.0373875,4332.68,2796.85,-0.3529986059436654,0.002288288610400979,2.9855,19.2761,0.08177570093457942,1.59,0.3909,Consumer Discretionary,consumer_discretionary,0.33858693358819775,,0.08177570093457942,0.002288288610400979,-0.3909,-0.5845307270447365,0.2558360070689075,-1.0661925411342337,1.5213365722081675,-0.14858727908520591,27
3,,"Best Buy Co., Inc.",BBY,USD,Q3 2026,93.22,19550.816194,95.85,55.1,-0.02743870631194567,0.6918330308529945,0.3714,15.4759,0.023280423280423346,1.13,1.2964,Consumer Discretionary,consumer_discretionary,1.2140290528210171,,0.023280423280423346,0.6918330308529945,-1.2964,1.074306559345975,-0.2830395319265834,2.316801025404595,-0.4610134412563289,0.9915292069422261,2
4,,"Booking Holdings, Inc.",BKNG,USD,Q3 2025,168.52,126622.64186000002,224.9956,150.14,-0.25100757525924944,0.12241907552950604,7.672,18.6385,0.12765957446808507,1.33,1.1069,Consumer Discretionary,consumer_discretionary,0.31195873129476476,,0.12765957446808507,0.12241907552950604,-1.1069,-0.6349873521756025,0.6785316172642383,-0.4768157329392402,-0.04615388570522776,-0.32559519835923467,36
5,,"Borgwarner, Inc.",BWA,USD,Q3 2025,63.32,12896.156448,78.82,40.5,-0.19665059629535642,0.5634567901234568,0.6452,31.9012,0.04057971014492745,0.96,1.1565,Consumer Discretionary,consumer_discretionary,0.8743068184798135,,0.04057971014492745,0.5634567901234568,-1.1565,0.4305816380056528,-0.12367346158389603,1.6869709797544565,-0.1547398168679436,0.6568597965710593,6
6,,Canadian Tire Corp,CTC-A.TO,CAD,Q3 2025,186.52,9727.558908,208.08,159.2,-0.1036139946174548,0.17160804020100517,8.77,0.0,-0.019093078758949833,1.4,0.9238,Consumer Discretionary,consumer_discretionary,0.2921226946957979,,-0.019093078758949833,0.17160804020100517,-0.9238,-0.672573797243396,-0.6733965772524706,-0.23548846172085866,0.3546945819539102,-0.27013015560397996,34
7,,Carnival Corp,CCL,USD,Q4 2025,22.31,30556.86919,34.03,21.81,-0.3444019982368499,0.022925263640531934,7.9381,9.9211,0.06565656565656575,1.31,2.3877,Consumer Discretionary,consumer_discretionary,0.33004292760424797,,0.06565656565656575,0.022925263640531934,-2.3877,-0.6007203932601817,0.10734183695082283,-0.9649449360365598,-2.850122850084386,-1.225474002540775,45
8,,Chipotle Mexican Grill Inc,CMG,USD,Q4 2025,33.14,41935.95252,42.815,28.035,-0.22597220600256918,0.18209381130729452,4.9664,30.57,0.04561403508771922,2.49,0.9395,Consumer Discretionary,consumer_discretionary,0.2118904424831173,,0.04561403508771922,0.18209381130729452,-0.9395,-0.8246024106920289,-0.07729579357683411,-0.18404394475245073,0.3203236319689376,-0.26257585995399507,33
9,,Dollar Tree Inc,DLTR,USD,Q3 2026,112.33,21076.511599,142.4,84.71,-0.21116573033707875,0.3260535946169285,1.354,13.6704,-0.37252311756935275,1.27,0.704,Consumer Discretionary,consumer_discretionary,0.5330349203632876,,-0.37252311756935275,0.3260535946169285,-0.704,-0.21607967398277567,-3.1903262767343357,0.5222409283551388,0.8358878817435251,0.04516519883214101,19
10,,Dollarama Inc,DOL.TO,CAD,Q4 2025,178.7,48050.17838,209.96,163.25,-0.1488855020003811,0.09464012251148546,4.8,35.83,0.16463414634146334,1.55,0.3335,Consumer Discretionary,consumer_discretionary,0.29380139887981577,,0.16463414634146334,0.09464012251148546,-0.3335,-0.6693928935239025,1.0191521450476224,-0.6131027837831224,1.6469985167392136,0.06918041550309689,18
11,,Domino's Pizza Inc,DPZ,USD,Q3 2025,295.94,9790.2101356,442.35,282.0,-0.3309822538713688,0.049432624113475265,2.84,16.7751,0.09523809523809534,3.59,0.9377,Consumer Discretionary,consumer_discretionary,0.2300921237851857,,0.09523809523809534,0.049432624113475265,-0.9377,-0.7901128345618199,0.37985550534992024,-0.8348964787685845,0.32426425043855234,-0.42894908305467017,40
12,,Electronic Arts Inc,EA,USD,Q3 2026,209.7,52924.88286,210.2,156.37,-0.0023786869647954845,0.34105007354351846,5.6955,49.0834,0.37387387387387383,2.05,0.6417,Consumer Discretionary,consumer_discretionary,0.2279185249620611,,0.37387387387387383,0.34105007354351846,-0.6417,-0.7942314926595293,2.9467294722284296,0.5958155474065305,0.9722770654418553,0.4224914072951667,9
13,,Estee Lauder Companies Inc,EL,USD,Q2 2026,96.34,34855.677124,121.635,66.22,-0.20795823570518357,0.45484747810329207,5.3773,150.4913,0.05750000000000011,3.31,1.2579,Consumer Discretionary,consumer_discretionary,0.16490888036689058,,0.05750000000000011,0.45484747810329207,-1.2579,-0.9136257342209164,0.03220117789590116,1.1541199821013417,-0.3767279906562372,-0.011333816879259079,20
14,,Expedia Group Inc,EXPE,USD,Q3 2025,281.02,33727.823685999996,342.0,185.34,-0.17830409356725152,0.5162404230063666,2.87,17.5275,0.0862068965517242,1.9,1.3413,Consumer Discretionary,consumer_discretionary,0.3106003491112605,,0.0862068965517242,0.5162404230063666,-1.3413,-0.6375612916350615,0.29665747202033843,1.4553215211958195,-0.5593099797483839,0.1574807042515183,15
15,,Ferrari NV,RACE,USD,Q3 2025,416.13,73771.068657,504.49,312.51,-0.17514717833852012,0.33157338965153116,8.387,39.4632,0.12777777777777777,3.43,0.8109,Consumer Discretionary,consumer_discretionary,0.14537246604830045,,0.12777777777777777,0.33157338965153116,-0.8109,-0.9506444380302038,0.6796205405889262,0.5493217397176364,0.6018589292980755,0.07332554460274021,16
16,,Ford Motor Co,F,USD,Q3 2025,13.17,52516.63932,17.78,11.11,-0.2592800899887514,0.18541854185418538,0.4041,25.0,0.09565823078709079,0.32,1.9165,Consumer Discretionary,consumer_discretionary,1.8798783304462592,,0.09565823078709079,0.18541854185418538,-1.9165,2.3359954643863396,0.3837259164240354,-0.16773239691289105,-1.818556504038587,0.30009238951683914,12
17,,Garmin Ltd,GRMN,USD,Q3 2025,280.31,54058.484275,314.28,186.67,-0.10808832887870679,0.5016338993946539,3.9438,28.9076,0.1132075471698113,2.86,0.8312,Consumer Discretionary,consumer_discretionary,0.21260196084712424,,0.1132075471698113,0.5016338993946539,-0.8312,-0.8232541854167807,0.545395331528846,1.383660072154508,0.5574175098907541,0.37160595067933483,10
18,,General Motors Co,GM,USD,Q4 2025,83.95,73662.053425,91.85,54.33,-0.08600979858464874,0.5451868212773792,0.4245,42.343,-0.05052410901467508,0.66,1.3877,Consumer Discretionary,consumer_discretionary,1.2981602575595568,,-0.05052410901467508,0.5451868212773792,-1.3877,1.2337231287607089,-0.9629483846714773,1.5973362058511253,-0.6608903669651179,0.6982181544067089,4
19,,Genuine Parts Co.,GPC,USD,Q3 2025,126.45,17432.37171,151.57,90.78,-0.16573200501418484,0.3929279576999338,1.0112,506.6106,0.048576214405360085,1.26,0.6689,Consumer Discretionary,consumer_discretionary,0.5948495823073805,,0.048576214405360085,0.3929279576999338,-0.6689,-0.09894975319674121,-0.05000733474033511,0.8503349971176779,0.9127299419010112,0.4744769555538705,8
20,,"Hilton Worldwide Holdings, Inc.",HLT,USD,Q3 2025,307.08,69112.929492,358.0,253.54,-0.1422346368715084,0.2111698351344955,5.9026,45.0852,0.08710801393728218,0.69,1.1055,Consumer Discretionary,consumer_discretionary,0.5469574857066634,,0.08710801393728218,0.2111698351344955,-1.1055,-0.18969840901229193,0.30495882789579454,-0.041393300752116224,-0.043088960228860634,-0.06238957432070168,23
21,,Home Depot Inc,HD,USD,Q3 2026,297.2,296513.34912,414.88,289.1,-0.28364828384111074,0.02801798685575907,2.0165,20.8085,0.028095474888115257,1.99,0.984,Consumer Discretionary,consumer_discretionary,0.34882619996214076,,0.028095474888115257,0.02801798685575907,-0.984,-0.5651287854734672,-0.23868187376267297,-0.9399593929414969,0.22290278647013023,-0.46586051900101166,42
22,,Las Vegas Sands Corp.,LVS,USD,Q4 2025,40.26,26076.450312,70.4545,39.535,-0.4285673732692731,0.01833818135829013,7.1756,15.6853,0.2586206896551724,0.0,0.7521,Consumer Discretionary,consumer_discretionary,0.30930168169507727,,0.2586206896551724,0.01833818135829013,-0.7521,-0.6400220801729414,1.884983562857801,-0.9874497408727756,0.7305857993054883,-0.2027621936173835,29
23,,"Lowe`s Companies, Inc.",LOW,USD,Q3 2026,190.98,107150.09292,293.06,188.22,-0.34832457517231974,0.014663691424928293,1.2881,16.1457,-0.11784654514624837,1.31,0.867,Consumer Discretionary,consumer_discretionary,0.5338773382886043,,-0.11784654514624837,0.014663691424928293,-0.867,-0.21448341280852024,-1.5831422791492735,-1.0054772524225648,0.47904298699508446,-0.4188213315906968,39
24,,Lululemon Athletica Inc,LULU,USD,Q3 2026,101.3,11214.923,225.98,95.35,-0.5517302416143022,0.062401678028316754,5.9547,8.303,0.0708333333333333,1.77,0.9012,Consumer Discretionary,consumer_discretionary,0.28444823995449253,,0.0708333333333333,0.062401678028316754,-0.9012,-0.6871157885388932,0.15503172892066375,-0.7712686628050944,0.4041712360724055,-0.3721660306865059,37
25,,Magna International Inc.,MG.TO,USD,Q3 2025,88.49,23436.302181,101.1,60.67,-0.12472799208704255,0.4585462337234216,0.52,22.6496,-0.04562043795620441,0.57,1.8366,Consumer Discretionary,consumer_discretionary,1.240537926023716,,-0.04562043795620441,0.4585462337234216,-1.8366,1.1245370729604858,-0.9177743383097667,1.1722665441741702,-1.6436368286373573,0.2782108036930655,13
26,,"Marriott International, Inc.",MAR,USD,Q2 2025,342.66,89354.180358,410.98,256.76,-0.16623679984427464,0.33455366879576265,3.6013,35.5154,0.04658385093167694,0.24,1.173,Consumer Discretionary,consumer_discretionary,1.4908336571991636,,0.04658385093167694,0.33455366879576265,-1.173,1.5988115936587963,-0.0683615674888936,0.563943365485726,-0.19086215283941144,0.6675059842142468,5
27,,Mcdonald's Corp,MCD,USD,Q3 2025,247.88,175410.17502,341.75,246.5209,-0.27467446964155084,0.005513122822446315,7.7268,20.1304,0.03056768558951961,2.47,0.4321,Consumer Discretionary,consumer_discretionary,0.1946513644972611,,0.03056768558951961,0.005513122822446315,-0.4321,-0.8572679915656062,-0.21590714855996188,-1.0503710973262184,1.431140193903654,-0.29608691020135824,35
28,,MGM Resorts International,MGM,USD,Q4 2025,38.73,9744.189144,51.59,29.185,-0.2492731149447568,0.3270515675860888,1.4402,23.8562,0.05977011494252871,0.22,1.3224,Consumer Discretionary,consumer_discretionary,1.7605734589910043,,0.05977011494252871,0.3270515675860888,-1.3224,2.1099298400918847,0.05311413809192652,0.5271371097447157,-0.5179334858174299,0.7539651233321699,3
29,,Nike Inc,NKE,USD,Q2 2026,36.1,53554.3139,76.97,35.35,-0.5309860984799273,0.021216407355021172,4.2108,17.2051,0.006477732793522373,3.08,1.0925,Consumer Discretionary,consumer_discretionary,0.20676072970811563,,0.006477732793522373,0.021216407355021172,-1.0925,-0.8343224808516695,-0.4378308117669287,-0.9733288007314319,-0.014628937948310378,-0.6426935626620222,43
30,,NU Skin Enterprises Inc,NUS,USD,Q3 2025,4.68,227.80662839999997,14.62,4.49,-0.679890560875513,0.04231625835189301,0.9055,23.0,-0.15348837209302324,2.17,0.9013,Consumer Discretionary,consumer_discretionary,0.5362233282562764,,-0.15348837209302324,0.04231625835189301,-0.9013,-0.21003809821104188,-1.911485172404396,-0.8698102676987597,0.4039523128240936,-0.41825180813094354,38
31,,"O'Reilly Automotive, Inc.",ORLY,USD,Q4 2025,82.88,67046.671104,108.715,82.59,-0.23763970013337632,0.0035113209831698633,3.0347,26.3567,0.07560975609756104,1.59,0.5365,Consumer Discretionary,consumer_discretionary,0.3321312327602864,,0.07560975609756104,0.0035113209831698633,-0.5365,-0.5967633544313504,0.19903352692496265,-1.060192189894821,1.2025843226660025,-0.23508630686514304,31
32,,Pvh Corp.,PVH,USD,Q3 2026,73.4,3386.5167220000003,100.745,59.6,-0.2714278624249342,0.231543624161074,0.5246,30.0,0.01327433628318575,0.29,1.7589,Consumer Discretionary,consumer_discretionary,1.7959411512949843,,0.01327433628318575,0.231543624161074,-1.7589,2.1769465456381636,-0.3752185203870148,0.058563080582578454,-1.47353346469899,0.34551829919991534,11
33,,Starbucks Corp,SBUX,USD,Q1 2026,94.9,108186.0,110.51,77.99,-0.14125418514161614,0.21682266957302243,2.8902,54.7173,0.05531914893617018,1.65,0.9621,Consumer Discretionary,consumer_discretionary,0.32344439281843856,,0.05531914893617018,0.21682266957302243,-0.9621,-0.6132236705160659,0.012110542555413255,-0.0136597812765696,0.27084697785044226,-0.1402401942553168,25
34,,Take-Two Interactive Software Inc,TTWO,USD,Q3 2026,209.92,39250.925568,265.94,187.63,-0.21064901857561857,0.11879763364067575,4.3418,0.0,0.2846715328467153,4.7,0.9677,Consumer Discretionary,consumer_discretionary,0.1637141547239929,,0.2846715328467153,0.11879763364067575,-0.9677,-0.9158895680026203,2.1249715196485712,-0.4945829840847748,0.2585872759449742,-0.22842973840550726,30
35,,"Tapestry, Inc",TPR,USD,Q2 2026,113.07,22545.219519,164.8,93.0,-0.31389563106796126,0.21580645161290324,1.3846,15.5271,0.13636363636363646,0.95,1.4205,Consumer Discretionary,consumer_discretionary,0.6130884508957456,,0.13636363636363646,0.21580645161290324,-1.4205,-0.06438971249128128,0.7587159711730554,-0.018645474895381854,-0.7326971924114303,-0.14762636296732398,26
36,,Target Corp.,TGT,USD,Q3 2026,157.71,71647.148328,170.75,83.44,-0.07636896046852115,0.8901006711409398,0.6852,16.3689,-0.014413712504869447,1.36,0.9796,Consumer Discretionary,consumer_discretionary,0.7519378273111305,,-0.014413712504869447,0.8901006711409398,-0.9796,0.19870994621806257,-0.6302888920948171,3.0553872080892566,0.2325354093958549,1.0903088294435022,1
37,,Tesla Inc,TSLA,USD,Q4 2025,375.3,1482264.9891,498.83,297.38,-0.24763947637471684,0.26202165579393366,13.4993,375.6193,-0.031505250875145885,6.77,1.9123,Consumer Discretionary,consumer_discretionary,0.07481689087074711,,-0.031505250875145885,0.26202165579393366,-1.9123,-1.0843371360349958,-0.7877411227859633,0.2080921518933077,-1.809361727609486,-0.8100671868484313,44
38,,"The Gap, Inc.",GPS,USD,Q3 2026,21.25,7464.489625,29.36,18.11,-0.2762261580381471,0.17338487023743787,0.243,6.3617,0.02872062663185382,1.07,2.0389,Consumer Discretionary,consumer_discretionary,1.7356654882415123,,0.02872062663185382,0.17338487023743787,-2.0389,2.062732807072963,-0.2329227937758605,-0.22677110922167887,-2.086518559972385,0.07094735980934352,17
39,,The Wendy's Co.,WEN,USD,Q3 2025,6.7,1277.48833,10.12,6.07,-0.3379446640316205,0.10378912685337727,2.0964,10.1529,-0.030035335689045928,2.05,0.388,Consumer Discretionary,consumer_discretionary,0.35443570297573374,,-0.030035335689045928,0.10378912685337727,-0.388,-0.554499581608769,-0.7741998358658388,-0.568216613339426,1.5276853464092135,-0.05683404803591491,22
40,,Tractor Supply Co.,TSCO,USD,Q4 2025,32.33,16845.229666,59.64,28.36,-0.4579141515761235,0.13998589562764452,1.8045,16.881,0.034482758620689724,2.84,0.5028,Consumer Discretionary,consumer_discretionary,0.32184033435853615,,0.034482758620689724,0.13998589562764452,-0.5028,-0.6162631312918032,-0.17984035523090056,-0.3906306955720209,1.2763614573471216,-0.03152760755373607,21
41,,"Urban Outfitters, Inc.",URBN,USD,Q3 2026,74.21,6356.841957799999,85.43,59.535,-0.13133559639470926,0.2464936591920719,0.4801,11.5789,0.125,0.47,1.2339,Consumer Discretionary,consumer_discretionary,1.4323076533660426,,0.125,0.2464936591920719,-1.2339,1.4879132084327051,0.6540308424587671,0.13190984001824474,-0.3241864110613747,0.5133969835898702,7
42,,Walt Disney Co,DIS,USD,Q1 2026,104.23,179972.58601,117.0888,92.185,-0.10982092224021422,0.13066117047241965,2.5608,21.5022,0.1510855117412495,1.6,1.4174,Consumer Discretionary,consumer_discretionary,0.3540032789623721,,0.1510855117412495,0.13066117047241965,-1.4174,-0.5553189631088545,0.894338176029314,-0.4363789745122297,-0.7259105717137603,-0.43751544079969196,41
43,,Whirlpool Corp,WHR,USD,Q4 2025,32.64,2128.1077632,94.82,31.52,-0.655768825142375,0.035532994923857864,0.464,11.1488,-0.009661835748792313,1.02,1.1502,Consumer Discretionary,consumer_discretionary,1.0750867742216779,,-0.009661835748792313,0.035532994923857864,-1.1502,0.8110308643192722,-0.5865132190685131,-0.9030898145234495,-0.14094765222429181,-0.1147993313798415,24
44,,Winnebago Industries Inc,WGO,USD,Q1 2026,27.21,769.1964968999999,50.16,26.2745,-0.457535885167464,0.03560486403166574,0.3902,19.9689,0.12319999999999998,0.61,1.1722,Consumer Discretionary,consumer_discretionary,1.4174034823566386,,0.12319999999999998,0.03560486403166574,-1.1722,1.4596719414774335,0.6374487180704238,-0.9027372156064362,-0.18911076685291572,0.19148794341630554,14
45,,"Wynn Resorts, Ltd.",WYNN,USD,Q3 2025,83.32,8579.785348,134.72,81.35,-0.3815320665083136,0.024216349108789226,3.4959,19.2155,0.08284023668639051,0.53,0.9369,Consumer Discretionary,consumer_discretionary,0.741627715253513,,0.08284023668639051,0.024216349108789226,-0.9369,0.17917376223478557,0.26564282054244637,-0.9586107077183783,0.3260156364250478,-0.15617150434306515,28
1,,Campbell Soup Co.,CPB,USD,Q1 2026,19.93,5943.249566,34.175,19.555,-0.41682516459400143,0.01917668115571458,1.6114,14.9807,-0.032490974729241895,9.38,0.0251,Consumer Staples,consumer_staples,0.26464691403522006,,-0.032490974729241895,0.01917668115571458,-0.0251,-0.35864595164758745,-0.6441773048932113,-0.9137983507372289,1.7826581751899406,-0.03216499907188802,9
2,,"Church & Dwight Co., Inc.",CHD,USD,Q4 2025,95.49,22650.600411,106.04,81.33,-0.0994907582044513,0.1741054961268904,4.7721,30.7223,0.03797468354430378,4.19,0.4763,Consumer Staples,consumer_staples,0.1602548271311401,,0.03797468354430378,0.1741054961268904,-0.4763,-0.7164467933498376,0.24463316424495862,0.48511676251820157,-0.3733629009483923,-0.1500646384938969,11
3,,Coca-Cola Co,KO,USD,Q3 2025,87.12,374838.06888,92.49,65.3538,-0.05806033084657791,0.33305178887838194,6.9521,26.2455,0.03849372384937233,3.12,0.3145,Consumer Staples,consumer_staples,0.16748533984948985,,0.03849372384937233,0.33305178887838194,-0.3145,-0.6916644213014514,0.2511800193847877,1.9203073122384184,0.3997847278618521,0.5304254805598511,4
4,,Colgate-Palmolive Co.,CL,USD,Q4 2025,86.26,68764.134354,99.33,74.545,-0.13158159669787572,0.15715339727681266,3.6372,34.1232,0.05870445344129549,4.67,0.3162,Consumer Staples,consumer_staples,0.1727917006497981,,0.05870445344129549,0.15715339727681266,-0.3162,-0.6734770239897122,0.5061057305799928,0.3320493858188715,0.39166142150228844,0.02628162020029126,8
5,,"Conagra Brands, Inc.",CAG,USD,Q2 2026,14.86,7133.804536,20.3161,12.53,-0.2685604028332209,0.185953711093376,1.4033,23.0,-0.06874999999999998,1.93,-0.018,Consumer Staples,consumer_staples,0.42473965867933106,,-0.06874999999999998,0.185953711093376,0.018,0.19006727444893565,-1.1015263462700675,0.5920991013736272,1.9886078834824101,0.6660802339556179,3
6,,"Constellation Brands, Inc.",STZ,USD,Q3 2026,118.39,20218.454776,168.6,116.93,-0.2978054567022538,0.012486102796544829,4.6442,11.2945,-0.09756097560975607,3.25,0.4139,Consumer Staples,consumer_staples,0.2038511048318017,,-0.09756097560975607,0.012486102796544829,-0.4139,-0.5670218194941601,-1.4649302706133003,-0.9742102966028422,-0.07518977339734623,-0.6546190045994458,16
7,,Costco Wholesale Corp,COST,USD,Q1 2026,898.48,398456.832224,1096.5,844.06,-0.18059279525763794,0.06447408951970246,1.2374,45.1902,0.08302493966210789,5.0,0.8731,Consumer Staples,consumer_staples,0.3434249348120589,,0.08302493966210789,0.06447408951970246,-0.8731,-0.08863657663155207,0.8128693839283344,-0.5047896768925673,-2.269438173580685,-0.6974291792425165,17
8,,Kimberly-Clark Corp.,KMB,USD,Q4 2025,97.74,32506.27146,125.32,92.42,-0.22007660389403128,0.057563297987448525,2.1223,22.1696,-0.1724137931034483,4.51,0.2638,Consumer Staples,consumer_staples,0.24600774093543443,,-0.1724137931034483,0.057563297987448525,-0.2638,-0.42253117534145906,-2.4090776675568577,-0.5671900168217555,0.6420503939970771,-0.3701509378515404,12
9,,Mondelez International Inc,MDLZ,USD,Q4 2025,60.17,76795.45236,66.65,51.2008,-0.09722430607651922,0.17517695036015057,2.9763,22.0704,0.09375,2.66,0.383,Consumer Staples,consumer_staples,0.2524123467193336,,0.09375,0.17517695036015057,-0.383,-0.4005795752900507,0.9481486979092242,0.4947913573981018,0.072463265726489,0.12853213529340798,7
10,,Monster Beverage Corp,MNST,USD,Q3 2025,44.0,86064.704,50.17,31.505,-0.12298186167032099,0.3966037136962388,7.7349,40.8339,0.17021276595744683,2.64,0.4798,Consumer Staples,consumer_staples,0.17752049616461943,,0.17021276595744683,0.3966037136962388,-0.4798,-0.6572692148959487,1.912602994474767,2.494143419619174,-0.3900873552180824,0.6741531456427852,2
11,,PepsiCo Inc,PEP,USD,Q4 2025,129.59,176876.35428,171.48,127.98,-0.24428504781898752,0.012580090639162433,2.8965,16.9987,0.05615550755939536,3.1,0.3535,Consumer Staples,consumer_staples,0.2422176445003784,,0.05615550755939536,0.012580090639162433,-0.3535,-0.43552162064064914,0.47395489511479716,-0.973361642248102,0.2134265231424484,-0.3767748822510719,13
12,,Procter & Gamble Co,PG,USD,Q2 2026,146.08,339295.92576,167.25,137.62,-0.12657698056801192,0.061473623019909995,4.7081,22.0654,0.015082266910420472,4.05,0.3779,Consumer Staples,consumer_staples,0.16821110292489797,,0.015082266910420472,0.061473623019909995,-0.3779,-0.6891768894687366,-0.04411769775765998,-0.5318821059810955,0.09683318480518023,-0.38648784376178735,14
13,,Sysco Corp.,SYY,USD,Q2 2026,78.43,38580.81502,91.845,68.19,-0.14606129892754083,0.15016864642909522,0.6857,21.4633,0.0302729528535981,2.04,0.637,Consumer Staples,consumer_staples,0.6650503174240562,,0.0302729528535981,0.15016864642909522,-0.637,1.0137250680505727,0.14748827074508683,0.2689812372306732,-1.1412542727024484,0.15454588948022713,6
14,,The Clorox Co.,CLX,USD,Q2 2026,84.88,10264.62328,128.9,82.51,-0.3415050426687355,0.0287237910556295,2.4262,17.6402,-0.011834319526627168,4.44,0.5556,Consumer Staples,consumer_staples,0.23136036663533818,,-0.011834319526627168,0.0287237910556295,-0.5556,-0.472734624747714,-0.3836269623392683,-0.8275936229118318,-0.7522912505445133,-0.6534844753842494,15
15,,The Kroger Co.,KR,USD,Q3 2026,59.69,35252.239503,76.58,54.15,-0.22055366936536958,0.10230840258541085,0.3162,32.412,0.006839131727624181,1.48,0.3552,Consumer Staples,consumer_staples,1.289694596991002,,0.006839131727624181,0.10230840258541085,-0.3552,3.0601127389089684,-0.14809153449596069,-0.1631683177083263,0.2053032167828845,1.0046329833879386,1
16,,"Tyson Foods, Inc.",TSN,USD,Q1 2026,52.02,18300.71403,69.4842,50.56,-0.251340592537584,0.02887658227848111,0.6395,56.0,0.05066079295154191,1.59,0.3861,Consumer Staples,consumer_staples,0.7368365393373876,,0.05066079295154191,0.02887658227848111,-0.3861,1.2597702558128898,0.40464794492030726,-0.8262140089848831,0.05765017765904925,0.1926519554341235,5
17,,Walmart Inc,WMT,USD,Q3 2026,107.44,852401.67024,135.155,98.88,-0.20506085605416002,0.08656957928802589,0.715,38.9268,0.057738095238095255,3.96,0.5758,Consumer Staples,consumer_staples,0.5589386311665051,,0.057738095238095255,0.08656957928802589,-0.5758,0.6500303495774907,0.4939166826240699,-0.30528053730843596,-0.8488152437581532,-0.05612748329784753,10
1,,Apache Corp.,APA,USD,Q4 2025,43.81,15348.899215,47.44,21.63,-0.0765177065767284,1.0254276467868704,1.901,9.2562,-0.20799999999999996,0.38,0.4147,Energy,energy,1.0885511897475455,,-0.20799999999999996,1.0254276467868704,-0.4147,0.9469630104865563,-1.941037080189161,1.8821560281824652,0.8037901560479062,0.9822341285525538,2
2,,Chevron Corp,CVX,USD,Q4 2025,203.67,402405.27957,217.78,146.49,-0.06479015520249798,0.39033381118165056,1.9941,19.53,-0.015542953161100659,2.47,0.5206,Energy,energy,0.3191803135763455,,-0.015542953161100659,0.39033381118165056,-0.5206,-0.7419855876817341,-0.1500722607485244,-0.4246569076653029,0.36513322471333665,-0.31010354733305523,10
3,,ConocoPhillips Corp,COP,USD,Q4 2025,127.53,153206.63514,141.62,85.57,-0.09949159723202938,0.49035877059717214,2.872,16.8909,-0.03731343283582089,0.8,0.2366,Energy,energy,0.5524642971566395,,-0.03731343283582089,0.49035877059717214,-0.2366,-0.22987280924667117,-0.3526637679974588,-0.061342295947354145,1.5415125306530701,0.2589177835988042,7
4,,Devon Energy Corp.,DVN,USD,Q4 2025,47.59,52349.0,52.71,31.4735,-0.09713526845000942,0.5120657060701861,3.2894,11.2656,-0.0636363636363636,0.3,0.5297,Energy,energy,1.2420353144661092,,-0.0636363636363636,0.5120657060701861,-0.5297,1.2838964782239315,-0.597619428404141,0.017502493183755793,0.32743938075540857,0.4658578832910696,5
5,,Enbridge,ENB.TO,CAD,Q4 2025,67.69,150869.57039,80.65,62.42,-0.16069435833849977,0.08442806792694646,2.14,26.1053,0.0591861898890258,2.84,0.793,Energy,energy,0.2859029310779871,,0.0591861898890258,0.08442806792694646,-0.793,-0.8150372072088632,0.5453414348682168,-1.5357798412040986,-0.763196785631676,-0.9289597596398882,15
6,,Exxon Mobil Corp,XOM,USD,Q4 2025,158.3,650915.6696,176.41,110.385,-0.10265857944560963,0.43407165828690486,1.2373,20.4143,-0.013424427663909833,0.87,0.2083,Energy,energy,0.6688739951983957,,-0.013424427663909833,0.43407165828690486,-0.2083,0.02567364098972779,-0.13035770782943704,-0.2657905703903025,1.6587362431815718,0.3237819420094149,6
7,,Haliburton Corp,HAL,USD,Q4 2025,33.39,27818.224056,43.59,21.4601,-0.23399862353750867,0.5559107366694469,2.1925,17.4979,0.00891265597147961,0.45,0.8223,Energy,energy,0.911824093135383,,0.00891265597147961,0.5559107366694469,-0.8223,0.5590057959285081,0.07750649676564188,0.17675814658280253,-0.884562678814895,0.030572852530516614,9
8,,Kinder Morgan Inc,KMI,USD,Q4 2025,31.72,70634.15944,34.805,25.6,-0.08863669013072839,0.23906249999999996,2.5579,20.4561,0.13032581453634084,3.75,0.574,Energy,energy,0.23549917930831943,,0.13032581453634084,0.23906249999999996,-0.574,-0.9256852035529043,1.207351826819225,-0.9741105441093482,0.14394077775142894,-0.4966674025479582,11
9,,Occidental Petroleum Corp,OXY,USD,Q4 2025,57.25,57229.24115,67.45,38.8,-0.1512231282431431,0.47551546391752586,2.4416,18.2938,-0.20760233918128657,0.37,0.2339,Energy,energy,1.0556445093285218,,-0.20760233918128657,0.47551546391752586,-0.2339,0.8747251685231767,-1.937336532206723,-0.1152567412461871,1.5526964184208072,0.4798855360136381,4
10,,Pembina Pipeline Corpo,PPL.TO,CAD,Q1 2025,65.2,37917.47076,72.72,50.15,-0.1034103410341034,0.3000997008973081,2.45,23.0243,0.08695652173913038,9.99,0.7355,Energy,energy,0.1838985796762911,,0.08695652173913038,0.3000997008973081,-0.7355,-1.0389605602272642,0.8037663051685574,-0.7524088101227931,-0.5250213979854271,-0.6613979475156627,14
11,,Phillips 66,PSX,USD,Q4 2025,261.75,104443.720575,277.12,126.74,-0.055463337182448,1.0652516963863028,0.3168,14.9578,0.06884377758164173,0.86,0.7038,Energy,energy,1.4620703685357517,,0.06884377758164173,1.0652516963863028,-0.7038,1.7669247648783801,0.6352129157115054,2.026806515438838,-0.39371427123088615,1.2190829352739767,1
12,,Schlumberger N.V.,SLB,USD,Q4 2025,51.76,76819.24168,60.46,31.64,-0.14389679126695343,0.6359039190897597,2.5971,25.1011,0.0506465517241379,0.41,0.8147,Energy,energy,0.9546360464975033,,0.0506465517241379,0.6359039190897597,-0.8147,0.652988023298016,0.4658733573139084,0.46731254601412225,-0.8530821058390428,0.19898577642044452,8
13,,Suncor Energy Inc,SU.TO,CAD,Q4 2025,94.49,111568.68954,100.24,53.02,-0.0573623304070231,0.7821576763485476,1.2,12.6048,0.03203661327231111,0.42,0.6035,Energy,energy,1.097873523616098,,0.03203661327231111,0.7821576763485476,-0.6035,0.9674277086010776,0.29269318227424473,0.9985412247485035,0.02174644843726611,0.6851506884153641,3
14,,TC Energy,TRP.TO,CAD,Q3 2025,84.92,88481.45988,100.18,69.405,-0.1523258135356359,0.223542972408328,4.36,24.1791,-0.11186440677966103,5.7,0.9677,Energy,energy,0.1487181423355395,,-0.11186440677966103,0.223542972408328,-0.9677,-1.1161898291921946,-1.0464194593659217,-1.030481185736815,-1.486835746010801,-1.1744675630928636,16
15,,"The Williams Companies, Inc.",WMB,USD,Q4 2025,71.65,87639.91555,80.075,56.19,-0.10521386200437088,0.27513792489766886,4.2865,28.6673,0.16788321167883202,5.89,0.6499,Energy,energy,0.14598426686136892,,0.16788321167883202,0.27513792489766886,-0.6499,-1.1221913237804038,1.556853069287457,-0.843075959683186,-0.17045073394161997,-0.5679640221993136,13
16,,Canadian Natural Resources,CNQ,USD,Q4 2025,48.28,99572.38232,52.31,29.68,-0.07704071879181806,0.6266846361185985,4.2865,12.1887,0.0619335347432024,5.89,0.9318,Energy,energy,0.16170435142496875,,0.0619335347432024,0.6266846361185985,-0.9318,-1.0876820700393366,0.5709076485326108,0.4338259019549037,-1.3381314605064472,-0.5049092837770386,12
1,,Aflac Incorporated,AFL,USD,Q1 2026,115.18,57744.721294,130.22,105.426,-0.11549685148210709,0.09251987175838972,2.0202,12.3425,-0.01851851851851849,1.96,0.5505,Financials,financials,0.36207514650177924,,-0.01851851851851849,0.09251987175838972,-0.5505,-0.4558114411360491,-0.8818802293129098,-1.4500801371589223,1.1697701285024935,-0.41634467974877626,27
2,,American Express Co,AXP,USD,Q1 2026,313.59,211770.40018199998,387.49,290.967,-0.19071459908642807,0.07775108517460749,3.5362,19.0412,0.11431938715380086,5.78,1.0756,Financials,financials,0.16943917135797623,,0.11431938715380086,0.07775108517460749,-1.0756,-0.8062103154550926,0.01674074801271006,-1.5329309642194524,-0.10229441234101146,-0.8038923006423755,34
3,,Bank of America Corp,BAC,USD,Q1 2026,57.96,405299.73204,65.225,46.115,-0.11138367190494436,0.2568578553615959,4.1825,13.4255,0.10595542564852023,1.82,1.2001,Financials,financials,0.28767570784269475,,0.10595542564852023,0.2568578553615959,-1.2001,-0.5911417164735142,-0.039839722931550865,-0.5281670347015518,-0.4038979837274454,-0.4773973899011793,28
4,,Bank of Montreal,BMO.TO,CAD,Q1 2026,248.84,172966.743048,259.2,168.92,-0.03996913580246908,0.4731233720104193,2.69,20.2818,0.10973724884080371,1.61,1.1234,Financials,financials,0.34739017093450464,,0.10973724884080371,0.4731233720104193,-1.1234,-0.4825229570111834,-0.014256470651846782,0.6850522651631761,-0.2180908036042368,0.01179902926195115,16
5,,Bank of Nova Scotia,BNS.TO,CAD,Q1 2026,133.87,163162.36244,134.15,88.22,-0.0020872158032053667,0.5174563591022445,2.61,17.4834,0.07480916030534357,0.97,1.2003,Financials,financials,0.49042223673113505,,0.07480916030534357,0.5174563591022445,-1.2003,-0.2223520579397441,-0.25053777075963213,0.9337541220005491,-0.4043824874565802,0.11516025192615394,14
6,,"Berkshire Hathaway, Inc.",BRK.B,USD,Q3 2025,502.01,716.4385513999999,537.74,464.01,-0.06644475025105068,0.0818947867502855,2.8833,12.6228,0.021182795698924783,9.12,0.5934,Financials,financials,0.1785652224523746,,0.021182795698924783,0.0818947867502855,-0.5934,-0.7896103110786094,-0.6133090439827527,-1.5096853779494241,1.0658440786030716,-0.5510799636904726,29
7,,BlackRock Inc,BLK,USD,Q1 2026,1090.27,177142.926574,1219.9399,917.39,-0.10629203946850174,0.18844766129999235,5.7277,27.3549,0.26893939393939403,2.13,1.412,Financials,financials,0.2268767465217197,,0.26893939393939403,0.18844766129999235,-1.412,-0.7017331446360541,1.0627131375090382,-0.911938655018629,-0.9172296847458014,-0.6786385929455916,32
8,,Blackstone Group Inc,BX,USD,Q1 2026,126.41,150997.25064,189.875,101.73,-0.33424621461487825,0.24260296864248487,5.4392,28.3349,0.24275362318840576,1.23,1.562,Financials,financials,0.34405028751297134,,0.24275362318840576,0.24260296864248487,-1.562,-0.4885981015442255,0.8855718103766796,-0.6081349553992085,-1.2806074815969268,-0.6119319051823198,30
9,,"CI Financial, Corp",CIX.TO,CAD,Q1 2026,31.99,4613.882511,32.0,16.22,-0.00031250000000004885,0.9722564734895192,1.96,0.0,-0.5717916137229988,1.06,1.715,Financials,financials,0.5057953293875205,,-0.5717916137229988,0.9722564734895192,-1.715,-0.19438887838525737,-3.43991511932587,3.1186597214271368,-1.6512528343850743,0.2752841458072022,9
10,,Canadian Imperial Bank of Commerce,CM.TO,CAD,Q1 2026,163.26,149031.15633,172.87,109.74,-0.05559090646150289,0.48769819573537454,2.94,15.6775,0.21825396825396814,2.59,1.2378,Financials,financials,0.2633407068789897,,0.21825396825396814,0.48769819573537454,-1.2378,-0.6354063297570387,0.7198367082618288,0.766814987714803,-0.4952269366693617,-0.020017455826266545,18
11,,Citigroup Inc,C,USD,Q2 2026,135.05,226537.86685000002,147.96,93.66,-0.08725331170586648,0.4419175742045698,1.5943,14.5757,0.14305491462851871,0.44,1.1093,Financials,financials,0.9895230451095367,,0.14305491462851871,0.4419175742045698,-1.1093,0.6854968591535725,0.21113065240487935,0.5099921041518852,-0.18393329070023104,0.37010721946050146,8
12,,"Equitable Group, Inc.",EQB.TO,CAD,Q3 2026,126.77,5396.0601275,150.32,83.93,-0.15666577967003725,0.5104253544620516,2.04,0.0,0.26774193548387104,0.44,1.2574,Financials,financials,0.9422363437578198,,0.26774193548387104,0.5104253544620516,-1.2574,0.5994838135034365,1.0546125785446165,0.8943111693786944,-0.5427083021245754,0.45013896697495126,6
13,,Fairfax Financial Holdings Ltd,FFH.TO,CAD,Q3 2026,2245.45,46758.981346,2700.0,2066.16,-0.16835185185185197,0.08677449955472949,0.57,7.6869,0.4104534973097618,0.0,0.3941,Financials,financials,0.9231443904723459,,0.4104534973097618,0.08677449955472949,-0.3941,0.5647561416093996,2.020026799090935,-1.4823108716301308,1.548652044685933,0.24964700108881743,10
14,,First National Financial Corp,FN.TO,CAD,Q2 2026,47.98,2877.2372914,49.0,35.5,-0.020816326530612272,0.3515492957746478,1.81,15.7076,0.0,0.76,0.7331,Financials,financials,0.6439797036899547,,0.0,0.3515492957746478,-0.7331,0.05696421995428694,-0.75660627888807,0.0030387017527365814,0.7274182238023906,0.13880500661226633,13
15,,"Franklin Resources, Inc.",BEN,USD,Q3 2026,33.64,17091.706916,36.28,21.105,-0.07276736493936053,0.5939350864724,0.8229,22.931,0.14563106796116498,0.54,1.5711,Financials,financials,1.0368918084474947,,0.14563106796116498,0.5939350864724,-1.5711,0.771659173015847,0.22855779726843797,1.362789085652348,-1.3026524012725613,0.4048661356769612,7
16,,Goldman Sachs Group Inc,GS,USD,Q1 2026,959.39,279346.929446,1153.99,740.01,-0.16863231050529037,0.29645545330468503,2.0105,14.8039,0.1440903054448872,0.57,1.2687,Financials,financials,0.7731081471598773,,0.1440903054448872,0.29645545330468503,-1.2687,0.2918448605026299,0.21813485728608378,-0.3060300486611517,-0.5700827628206933,-0.12907118198417358,19
17,,"H & R Block, Inc.",HRB,USD,Q4 2026,44.5,5485.33255,58.67,28.16,-0.24152036816089995,0.5802556818181819,1.23,8.7511,0.027027027027026973,0.66,0.3666,Financials,financials,0.8141436646591816,,0.027027027027026973,0.5802556818181819,-0.3666,0.3664871962767337,-0.5737740269166823,1.2860495388474547,1.6152713074419727,0.9068489029921658,3
18,,"Intercontinental Exchange, Inc.",ICE,USD,Q2 2026,155.37,87223.863465,176.05,121.79,-0.11746662879863679,0.27572050250431057,10.688,21.9422,0.051181102362204633,2.58,0.9379,Financials,financials,0.175578018332585,,0.051181102362204633,0.27572050250431057,-0.9379,-0.7950439428815688,-0.4103766993674499,-0.42235022250379345,0.2312864051683212,-0.38217451211699466,25
19,,JPMorgan Chase & Co,JPM,USD,Q2 2026,352.04,935787.79944,366.5,279.1,-0.03945429740791262,0.2613400214976711,3.5048,15.0784,0.28100645735916285,2.1,1.0063,Financials,financials,0.275944498588685,,0.28100645735916285,0.2613400214976711,-1.0063,-0.6124804228804435,1.1443443275586003,-0.5030227095879154,0.06558612980420814,-0.2600758177418509,22
20,,Lincoln National Corp,LNC,USD,Q2 2026,41.68,7979.523464,47.665,32.18,-0.12556383090317846,0.2952144188937229,0.6121,3.6126,0.04228329809725162,0.18,1.1465,Financials,financials,2.4886948274720218,,0.04228329809725162,0.2952144188937229,-1.1465,3.4124439133502027,-0.4705685062478432,-0.3129920781261653,-0.27405098431931035,0.9254238234741983,2
21,,Manulife Financial Corp,MFC.TO,CAD,Q2 2026,62.64,103935.35736,63.58,42.53,-0.01478452343504244,0.4728426992711028,0.79,16.9168,0.4006379142976009,0.12,0.7399,Financials,financials,3.219422984240701,,0.4006379142976009,0.4728426992711028,-0.7399,3.475824531613619,1.9536264086694923,0.6834777303526282,0.7109450970118062,1.7269725622974919,1
22,,Mastercard Inc,MA,USD,Q2 2026,567.65,497267.019735,601.23,464.52,-0.055852169718743294,0.22201412210453797,19.7296,31.2205,0.14145141451414522,2.09,0.753,Financials,financials,0.1870614669482171,,0.14145141451414522,0.22201412210453797,-0.753,-0.7741559054045902,0.2002833055378299,-0.7236355047648818,0.6792101027534746,-0.31277100223996956,23
23,,Morgan Stanley,MS,USD,Q2 2026,206.12,323725.06392,232.25,151.84,-0.11250807319698597,0.3574815595363541,2.7707,16.6588,0.17178924259055983,1.77,1.2,Financials,financials,0.3286399026618983,,0.17178924259055983,0.3574815595363541,-1.2,-0.5166291144461941,0.40551244234170225,0.0363178717245129,-0.403655731862878,-0.22722497701113809,20
24,,"Nasdaq, Inc.",NDAQ,USD,Q2 2026,94.69,52929.570006,101.785,76.55,-0.0697057523210689,0.23696930111038528,4.9592,27.6071,0.1450381679389312,2.15,0.9902,Financials,financials,0.23432809056187198,,0.1450381679389312,0.23696930111038528,-0.9902,-0.6881793805383346,0.22454695115685913,-0.6397390422868242,0.10458867999956223,-0.3977800583454242,26
25,,PNC Financial Services Group Inc,PNC,USD,Q2 2026,233.25,93053.618025,258.96,176.88,-0.09928174235403142,0.31869063772048856,4.3177,12.8238,0.215547703180212,0.81,0.9228,Financials,financials,0.514717565582699,,0.215547703180212,0.31869063772048856,-0.9228,-0.17815960699986136,0.7015293843607737,-0.18129377407000308,0.26786643671800114,0.005609597519609946,17
26,,Prudential Financial Inc,PRU,USD,Q2 2026,118.53,40892.85,127.72,91.89,-0.07195427497651108,0.28991185112634676,0.6364,10.735,0.04811250925240573,0.81,0.8364,Financials,financials,0.9663533063168875,,0.04811250925240573,0.28991185112634676,-0.8364,0.6433518216799128,-0.4311350975474414,-0.3427387416438064,0.477172047704249,0.18356944714247758,12
27,,Royal Bank of Canada,RY.TO,CAD,Q3 2026,289.64,401614.53436,306.38,200.82,-0.054638031203081194,0.4422866248381636,3.24,18.2467,0.08603896103896114,1.52,0.9012,Financials,financials,0.34044704751363336,,0.08603896103896114,0.4422866248381636,-0.9012,-0.4951522835381489,-0.17457048973889408,0.5120624265881264,0.320192839464563,0.07113738340455877,15
28,,Sun Life Financial Inc,SLF.TO,CAD,Q2 2026,114.4,63688.1388,118.99,79.99,-0.03857467014034788,0.43017877234654356,1.14,19.2772,-0.0016339869281045694,1.28,0.7935,Financials,financials,0.5701059120170203,,-0.0016339869281045694,0.43017877234654356,-0.7935,-0.07740991979065084,-0.7676598627490853,0.4441390676062052,0.5810980976036709,0.20354591844367875,11
29,,The Allstate Corporation,ALL,USD,Q2 2026,242.86,61409.09388,277.22,188.08,-0.12394488132169401,0.29125903870693315,0.8368,4.8512,0.11846061334936864,1.13,0.1195,Financials,financials,0.7620396658481751,,0.11846061334936864,0.29125903870693315,-0.1195,0.271711635703126,0.04475528732927683,-0.335181207744588,2.2138756647880595,0.5360419994606339,5
30,,Toronto-Dominion Bank,TD.TO,CAD,Q3 2026,174.1,286362.4656,175.33,107.6,-0.00701534249700575,0.6180297397769516,3.4,14.9087,0.07925636007827785,0.61,0.8703,Financials,financials,0.6668456129191808,,0.07925636007827785,0.6180297397769516,-0.8703,0.09855660085936516,-0.22045338342989998,1.4979567206299536,0.3950486656158949,0.612562158281255,4
31,,Visa Inc,V,USD,Q3 2026,369.95,690714.03765,385.5699,293.89,-0.04051120173021816,0.25880431453945363,22.9451,31.4576,0.143559488692232,1.9,0.7641,Financials,financials,0.20056229996065467,,0.143559488692232,0.25880431453945363,-0.7641,-0.7495983081728372,0.21454399166201643,-0.5172476709603111,0.6523201457864913,-0.24132329062592528,21
32,,Wells Fargo & Co,WFC,USD,Q2 2026,86.54,261696.87346000003,97.76,72.775,-0.11477086743044185,0.1891446238406045,2.7038,12.5799,0.08645533141210371,1.02,0.9427,Financials,financials,0.476577961893386,,0.08645533141210371,0.1891446238406045,-0.9427,-0.24753436521796368,-0.1717538302187886,-0.9080287926482611,0.21965831566908514,-0.3445859595563694,24
33,,Coinbase Global Inc,COIN,USD,Q2 2026,201.05,53044.408745,402.16,139.11,-0.5000745971752536,0.4452591474372798,5.6513,0.0,-0.18666666666666665,1.02,1.92,Financials,financials,0.40704275772012816,,-0.18666666666666665,0.4452591474372798,-1.92,-0.3740167486339683,-2.0193676991704566,0.5287378626096157,-2.1478691567482784,-0.6536742261260584,31
34,,US Bancorp,USB,USD,Q2 2026,60.44,94168.60244,66.075,45.02,-0.08528187665531606,0.3425144380275431,5.6513,12.0671,0.10142857142857142,1.02,1.92,Financials,financials,0.4134041817432026,,0.10142857142857142,0.3425144380275431,-1.92,-0.3624455153007997,-0.07046295613258946,-0.04764558652480175,-2.1478691567482784,-0.6795362361399859,33
1,,Abbott Laboratories,ABT,USD,Q2 2023,102.98,178194.84134,137.49,81.97,-0.2510000727325624,0.2563132853482981,4.9835,33.1477,-0.11190053285968027,2.29,0.5714,Health Care,health_care,0.22250380451397891,,-0.11190053285968027,0.2563132853482981,-0.5714,-0.24733369935966343,-1.759532262558196,-0.39573560930323276,0.1798650736682785,-0.31601785635041213,26
2,,AbbVie Inc,ABBV,USD,Q2 2021,142.52,251849.51484000002,267.47,190.75,-0.46715519497513747,-0.25284403669724764,5.1216,74.8038,0.33844678811121764,2.81,0.2293,Health Care,health_care,0.18816389161700445,,0.33844678811121764,-0.25284403669724764,-0.2293,-0.25871379433427605,2.4654067394851324,-1.9072500437339177,0.9365924317431388,-0.28238927646318557,25
3,,"Align Technology, Inc.",ALGN,USD,Q4 2022,146.88,10434.333168,200.435,122.0,-0.26719385336892265,0.2039344262295082,8.7479,25.4748,-0.12427184466019414,3.34,1.667,Health Care,health_care,0.15098960866080577,,-0.12427184466019414,0.2039344262295082,-1.667,-0.2710331869874803,-1.8755938783345394,-0.5512305775362146,-2.2436090377225923,-0.991289670799758,36
4,,Amgen Inc,AMGN,USD,Q4 2021,393.16,212554.87712,447.03,269.77,-0.12050645370556778,0.45738962820180173,5.3039,24.416,0.03318250377073917,1.6,0.4044,Health Care,health_care,0.2848324192001581,,0.03318250377073917,0.45738962820180173,-0.4044,-0.2266782726294679,-0.39843394698866524,0.2011914729285661,0.5492701271570294,0.09561910297323464,13
5,,Bausch Health Companies Inc,BHC.TO,CAD,Q4 2021,7.93,2966.927028,11.08,6.1,-0.28429602888086647,0.30000000000000004,1.19,0.0,-0.004524886877828038,0.63,0.4239,Health Care,health_care,0.8225811120198551,,-0.004524886877828038,0.30000000000000004,-0.4239,-0.04847073858237091,-0.7521863021108364,-0.26604465342418704,0.5061360041448698,-0.04098665480853825,17
6,,Becton Dickinson & Co.,BDX,USD,Q1 2022,180.7,49220.29476,193.07,127.5364,-0.0640700264152898,0.4168504050608297,3.8317,39.6649,-0.06015037593984962,2.74,0.2157,Health Care,health_care,0.21705182541762882,,-0.06015037593984962,0.4168504050608297,-0.2157,-0.2491404610745871,-1.2740375207196322,0.08084434585198767,0.9666757175362347,0.07940043091655619,15
7,,"Biogen, Inc.",BIIB,USD,Q1 2022,219.07,32368.46878,225.8,135.39,-0.029805137289636963,0.6180663269074527,2.8836,38.7951,-0.059479553903345694,1.54,0.098,Health Care,health_care,0.34063861226741765,,-0.059479553903345694,0.6180663269074527,-0.098,-0.2081843475230669,-1.2677441954271769,0.6781857905091281,1.227028860025013,0.35777901304934223,7
8,,Boston Scientific Corp.,BSX,USD,Q3 2021,43.72,63360.29188,105.65,42.2,-0.5861807856128727,0.03601895734597149,5.3394,17.7288,0.10150375939849621,1.51,0.5646,Health Care,health_care,0.30198133785976033,,0.10150375939849621,0.03601895734597149,-0.5646,-0.2209951969721801,0.24252276381840568,-1.0497143348982632,0.1949067165648265,-0.3546329344974073,27
9,,Bristol-Myers Squibb Co.,BMY,USD,Q4 2021,62.62,127914.8133,68.64,42.52,-0.08770396270396275,0.47271872060206954,3.4356,13.7847,0.08108108108108114,1.16,0.1766,Health Care,health_care,0.40856104543038757,,0.08108108108108114,0.47271872060206954,-0.1766,-0.18567515413575705,0.05092715276111827,0.24669832007875567,1.0531651641913853,0.28787627575893904,10
10,,"Cardinal Health, Inc.",CAH,USD,Q3 2022,225.75,52503.964275,258.3021,145.87,-0.12602336566369376,0.5476108864057037,0.0948,31.1601,0.140529531568228,1.44,0.492,Health Care,health_care,3.7583533247969556,,0.140529531568228,0.5476108864057037,-0.492,0.9244311643859243,0.6086435316055684,0.46902761740317467,0.3554983745485589,0.6040811485339701,4
11,,Cigna Corp.,CI,USD,Q1 2022,274.47,72526.090035,315.47,239.51,-0.12996481440390528,0.14596467788401335,0.45,11.3765,0.07393850658857981,0.86,0.2961,Health Care,health_care,1.1576378055114824,,0.07393850658857981,0.14596467788401335,-0.2961,0.0625655650114662,-0.016080998821332865,-0.7233229890378442,0.7888304103476386,-0.024384955323660806,16
12,,"Dexcom, Inc.",DXCM,USD,Q1 2022,89.17,33649.262536,92.59,54.11,-0.0369370342369586,0.6479393827388653,20.2399,35.3775,0.24356435643564356,8.91,1.4732,Health Care,health_care,0.06330245263308025,,0.24356435643564356,0.6479393827388653,-1.4732,-0.3000923219550914,1.5752660246905856,0.7668687046786209,-1.8149222151709763,-0.16686625749401873,21
13,,Edwards Lifesciences Corp.,EW,USD,Q4 2022,88.34,50919.176,96.29,72.3,-0.08256309066362033,0.221853388658368,13.7676,52.4149,0.015037593984962516,2.56,0.8596,Health Care,health_care,0.16077928176063547,,0.015037593984962516,0.221853388658368,-0.8596,-0.26778893270003606,-0.568660644190311,-0.4980352895799709,-0.45763514438835623,-0.4170719138729506,28
14,,Eli Lilly & Company,LLY,USD,Q1 2022,1164.89,1096577.472219,1292.65,712.05,-0.09883572506092131,0.6359665753809427,9.3897,39.0953,0.1468428781204112,2.1,0.4506,Health Care,health_care,0.2027562245309746,,0.1468428781204112,0.6359665753809427,-0.4506,-0.253877959864912,0.6678722709355359,0.7313255231145166,0.44707543571283603,0.32657406925603855,8
15,,Gilead Sciences Inc,GILD,USD,Q1 2022,150.56,186687.6248,157.29,108.4601,-0.04278720834128036,0.3881602543239404,2.7352,0.0,0.026479750778816147,0.75,0.3333,Health Care,health_care,0.5796809751362693,,0.026479750778816147,0.3881602543239404,-0.3333,-0.12896676766010187,-0.4613159076842151,-0.004326926537022833,0.7065437756782881,0.0937617202135125,14
16,,"Hca Healthcare, Inc.",HCA,USD,Q1 2022,425.97,92223.143955,556.52,353.99,-0.23458276432113845,0.20333907737506718,1.4795,14.2595,0.06938483547925611,1.38,1.1142,Health Care,health_care,0.4902234629758048,,0.06938483547925611,0.20333907737506718,-1.1142,-0.15861259080569115,-0.05880132106235903,-0.5529979652335851,-1.0208119504855777,-0.4973066163896831,32
17,,"Humana, Inc.",HUM,USD,Q3 2021,378.58,45459.999974,428.8818,163.11,-0.11728592819746608,1.3210103611060018,0.6632,35.8522,0.10892667375132836,1.45,0.7438,Health Care,health_care,0.7417960785189489,,0.10892667375132836,1.3210103611060018,-0.7438,-0.0752425407277564,0.31216092729297956,2.764986879845125,-0.20148481388537806,0.8722236535088601,3
18,,"Illumina, Inc.",ILMN,USD,Q1 2022,238.82,36061.82,250.06,88.0,-0.04494921218907466,1.7138636363636364,11.5796,44.3894,0.11926605504587151,2.19,1.4599,Health Care,health_care,0.1885025580802494,,0.11926605504587151,1.7138636363636364,-1.4599,-0.25860156176898075,0.4091599617140935,3.2276157085606547,-1.785502531270375,0.5773924129224722,5
19,,Johnson & Johnson,JNJ,USD,Q2 2023,269.47,649395.4835300001,281.07,174.12,-0.04127085779343209,0.547610843096715,5.0708,31.2457,0.06374999999999997,2.45,0.2046,Health Care,health_care,0.21245840344282074,,0.06374999999999997,0.547610843096715,-0.2046,-0.2506627007636806,-0.11166460030887909,0.46902748883355855,0.9912289875585408,0.3112901262205213,9
20,,Mckesson Corp.,MCK,USD,Q3 2023,886.47,103353.891888,999.0,687.68,-0.11264264264264257,0.2890734062354585,0.182,23.7357,0.027551020408163263,1.17,0.2909,Health Care,health_care,2.130445659812816,,0.027551020408163263,0.2890734062354585,-0.2909,0.3849497774354192,-0.4512657783107895,-0.29848198365428724,0.800332843150881,0.19130032718886514,11
21,,Medtronic,MDT,USD,Q4 2022,91.75,117360.9115,106.33,73.31,-0.13712028590237935,0.2515345791842858,4.6398,22.5817,-0.04761904761904767,2.71,0.5624,Health Care,health_care,0.20960462231991542,,-0.04761904761904767,0.2515345791842858,-0.5624,-0.2516084311827662,-1.156474707964746,-0.4099219580643361,0.19977313044312137,-0.2669397394686493,24
22,,Merk & Co.,MRK,USD,Q1 2022,149.5,368842.214,156.9199,77.58,-0.047284633752634364,0.9270430523330755,4.2148,119.407,0.3162251655629138,1.97,0.2187,Health Care,health_care,0.25108270450946796,,0.3162251655629138,0.9270430523330755,-0.2187,-0.2378627785336739,2.2569343107148025,1.5954323077696195,0.960039698611287,0.8806109602910372,2
23,,Perrigo Company Plc.,PRGO,USD,Q1 2022,14.13,1960.810209,22.65,9.225,-0.37615894039735087,0.531707317073171,0.9859,23.0,0.08910891089108919,0.01,0.6947,Health Care,health_care,33.685926638060415,,0.08910891089108919,0.531707317073171,-0.6947,5.686192560971277,0.12624033813312774,0.4218153441739153,-0.09287530414706861,2.0233038371893914,1
24,,Pfizer Inc,PFE,USD,Q4 2022,27.74,158108.95676,29.21,23.58,-0.05032523108524489,0.176420695504665,3.7413,36.6892,0.019295302013422777,1.31,0.2784,Health Care,health_care,0.35263384261313896,,0.019295302013422777,0.176420695504665,-0.2784,-0.20420918133711277,-0.5287169032794659,-0.6329094601427961,0.8279829220048295,-0.11610355859871777,20
25,,"Quest Diagnostics, Inc.",DGX,USD,Q1 2022,244.88,27028.238192,248.84,171.175,-0.015913840218614417,0.4305827369650941,1.6045,26.0293,-0.0404411764705882,40.19,0.5359,Health Care,health_care,0.22884905764456284,,-0.0404411764705882,0.4305827369650941,-0.5359,-0.24523091058787347,-1.0891354203647035,0.12161095568546437,0.25839129761349194,-0.06737011226115534,18
26,,"Regeneron Pharmaceuticals, Inc.",REGN,USD,Q1 2022,798.17,82175.59235,859.34,541.0,-0.07118253543417052,0.4753604436229204,4.8408,19.5325,0.17391304347826098,1.1,0.1466,Health Care,health_care,0.388955019239861,,0.17391304347826098,0.4753604436229204,-0.1466,-0.19217250434140049,0.9218313644759913,0.2545406947336894,1.1195253534408616,0.3774900155306443,6
27,,"Resmed, Inc.",RMD,USD,Q3 2022,223.61,32256.256803000004,284.87,180.265,-0.215045459332327,0.2404515574293402,10.3533,21.4244,0.12387320004682811,2.61,0.7418,Health Care,health_care,0.17546835892861243,,0.12387320004682811,0.2404515574293402,-0.7418,-0.262921037613566,0.45238194993564296,-0.4428236696461466,-0.1970608012687463,-0.24681494024245387,23
28,,Stryker Corp,SYK,USD,Q4 2022,274.19,105171.908289,392.55,267.0,-0.30151573048019364,0.02692883895131093,6.0362,28.4098,0.1063829787234043,3.08,0.7641,Health Care,health_care,0.175180529228131,,0.1063829787234043,0.02692883895131093,-0.7641,-0.2630164231009381,0.28829722069956437,-1.0766997961089815,-0.24638854194419027,-0.48414444016439045,31
29,,"Teladoc Health, Inc.",TDOC,USD,Q1 2022,6.27,1139.15868,9.8868,4.4,-0.36582109479305736,0.4249999999999998,5.3906,23.0,0.24537118673955205,1.23,2.1421,Health Care,health_care,0.3473314992183763,,0.24537118673955205,0.4249999999999998,-2.1421,-0.205966354443563,1.592216825695906,0.10503771370110401,-3.0675179732952276,-0.6678376380966344,35
30,,"The Cooper Companies, Inc.",COO,USD,Q1 2022,54.12,10291.204836,89.83,51.01,-0.3975286652565958,0.06096843756126247,6.7992,18.4699,0.15650257163850112,2.68,0.8039,Health Care,health_care,0.1914508665827541,,0.15650257163850112,0.06096843756126247,-0.8039,-0.25762450539514475,0.7584948060144124,-0.9756478374835768,-0.3344263930151619,-0.4314894787121633,30
31,,Theormo Fisher,TMO,USD,Q3 2021,658.76,243574.731348,663.57,435.27,-0.0072486700724867514,0.513451420957107,5.9046,35.4622,0.09507042253521125,1.99,0.8903,Health Care,health_care,0.2333570284520556,,0.09507042253521125,0.513451420957107,-0.8903,-0.2437369890369959,0.18216833389001683,0.3676198150159759,-0.5255437380536534,-0.07491096469625194,19
32,,UnitedHealth Group Inc,UNH,USD,Q2 2023,377.56,338895.892688,461.62,255.965,-0.18209782938347563,0.47504541636551867,1.7059,24.2788,0.15691158156911578,1.79,0.6081,Health Care,health_care,0.3953494157975044,,0.15691158156911578,0.47504541636551867,-0.6081,-0.1900534296556365,0.7623319377738541,0.2536054862506044,0.09868444215308604,0.10938279088441533,12
33,,"Universal Health Services, Inc.",UHS,USD,Q2 2022,174.74,10298.567504800001,246.325,140.08,-0.2906119963462904,0.24743003997715585,1.0035,7.1171,0.040752351097178785,1.68,1.033,Health Care,health_care,0.5774189898513286,,0.040752351097178785,0.24743003997715585,-1.033,-0.12971637956072113,-0.32741732999172546,-0.4221069350638589,-0.8411970382503284,-0.4215251419367526,29
34,,"Zimmer Biomet Holdings, Inc.",ZBH,USD,Q3 2021,94.32,17990.379864,106.88,79.12,-0.11751497005988032,0.19211324570272992,3.3745,22.9586,-0.005181347150259086,2.75,0.4796,Health Care,health_care,0.2345110750156716,,-0.005181347150259086,0.19211324570272992,-0.4796,-0.24335454311937005,-0.7583448923347252,-0.5863236307529529,0.38292725277167566,-0.24402298579241588,22
35,,"Zoetis, Inc.",ZTS,USD,Q1 2022,71.33,29475.239388,148.79,70.26,-0.5205995026547483,0.015229148875604892,11.6096,11.7339,0.06417112299465244,3.73,0.7316,Health Care,health_care,0.1464850944962903,,0.06417112299465244,0.015229148875604892,-0.7316,-0.2725259630221915,-0.1077138296882641,-1.1114321856123839,-0.17449833692392444,-0.513920119583195,33
36,,GE HEALTHCARE TECHNOLOGIES INC.,GEHC,USD,Q3 2022,64.81,29273.782622,89.77,58.75,-0.2780438899409602,0.1031489361702127,11.6096,14.9028,0.0,0.0,0.9,Health Care,health_care,0.22028376979672962,,0.0,0.1031489361702127,-0.9,-0.24806940902803187,-0.709736019496176,-0.8504283233209021,-0.5470001992443175,-0.5620606288854054,34
1,,3M Co.,MMM,USD,Q1 2022,164.97,85078.724328,184.895,139.34,-0.1077638659779876,0.18393856753265392,2.4745,29.2906,-0.011235955056179803,1.87,0.977,Industrials,industrials,0.32434068298359103,,-0.011235955056179803,0.18393856753265392,-0.977,-0.315503459999143,-0.3280832556780842,-0.657217773676277,0.11371647473140167,-0.3231515638487966,35
2,,Air Canada,AC.TO,CAD,Q4 2020,28.13,7885.621014,31.45,16.45,-0.10556438791732914,0.7100303951367781,1.16,19.672,-0.8106684981684982,0.03,1.6342,Industrials,industrials,11.415411990358352,,-0.8106684981684982,0.7100303951367781,-1.6342,3.09232214184377,-1.316978943506571,1.8653326224358255,-1.130889951272992,1.2600808549827365,1
3,,Alaska Air Group Inc,ALK,USD,Q1 2022,41.9,4676.16989,60.63,33.03,-0.30892297542470726,0.2685437481077808,1.166,20.0,1.107904642409034,1.29,1.3242,Industrials,industrials,0.5609422438514146,,1.107904642409034,0.2685437481077808,-1.3242,-0.24280562638001968,1.0562903483767807,-0.2515455686073207,-0.5438114484407308,-0.21271239807456443,31
4,,Allison Transmission Holdings Inc,ALSN,USD,Q1 2022,118.86,9815.2258344,137.62,76.01,-0.13631739572736523,0.5637416129456649,1.6287,18.9155,0.15136054421768708,1.27,0.9679,Industrials,industrials,0.48475162883980066,,0.15136054421768708,0.5637416129456649,-0.9679,-0.2662158381856268,-0.12695186770387223,1.1638945728399819,0.13095006949196158,0.32138443994911947,8
5,,American Airlines Group Inc,AAL,USD,Q2 2023,13.57,8982.9329,18.79,10.09,-0.27780734433209153,0.34489593657086237,0.3728,0.0,0.050670640834575176,0.02,1.3781,Industrials,industrials,17.573531565105228,,0.050670640834575176,0.34489593657086237,-1.3781,3.7060488371116325,-0.25150497993492726,0.11455447922786913,-0.6458873558686629,1.0911038514847577,3
6,,Atlas Corp.,ATCO,USD,Q4 2021,15.48,4454.704368,15.63,10.125,-0.009596928982725572,0.528888888888889,2.3043,7.879,0.18003859939343814,0.29,0.9634,Industrials,industrials,1.3363889310087103,,0.18003859939343814,0.528888888888889,-0.9634,-0.004543063628144238,-0.09147719839881845,0.99677973040764,0.1394721767911395,0.357990499924382,7
7,,Ballard Power Systems Inc.,BLDP.TO,CAD,Q4 2021,3.11,1091.892077,9.08,2.61,-0.6574889867841409,0.1915708812260537,35.81,0.0,0.25874125874125875,0.0,1.8293,Industrials,industrials,0.2062008700847561,,0.25874125874125875,0.1915708812260537,-1.8293,-0.35180291817013876,0.005877758089060497,-0.6206216987700822,-1.5003706477329084,-0.6987443877392124,44
8,,Boeing Co,BA,USD,Q1 2022,201.15,158982.9255,254.3499,176.77,-0.20916029453913676,0.13791933020308877,1.7612,79.7553,-0.08081471747700397,6.53,1.246,Industrials,industrials,0.24449079797988557,,-0.08081471747700397,0.13791933020308877,-1.246,-0.3400380135042587,-0.4141519786931901,-0.8778747754836196,-0.3957161615972378,-0.5394126349530348,41
9,,Canadian National Railway Co,CNR.TO,CAD,Q2 2022,165.03,99867.557937,185.25,126.96,-0.1091497975708502,0.29985822306238186,7.62,21.2007,0.276470588235294,2.76,1.0057,Industrials,industrials,0.18024023008621493,,0.276470588235294,0.29985822306238186,-1.0057,-0.3597795446993028,0.027808886157083896,-0.10139622764433603,0.05936436817886642,-0.13656675822340603,27
10,,Canadian Pacific Railway Ltd,CP.TO,CAD,Q1 2022,122.01,107171.656242,133.38,96.5,-0.08524516419253259,0.26435233160621774,7.77,28.3372,-0.061224489795918324,2.36,1.2228,Industrials,industrials,0.1959060813182496,,-0.061224489795918324,0.26435233160621774,-1.2228,-0.35496607921669504,-0.3899189250799573,-0.27164293336670026,-0.35177996396592043,-0.329307905609275,36
11,,Caterpillar Inc,CAT,USD,Q4 2022,816.5,375324.55585,1073.46,459.575,-0.2393754774281296,0.77664146222053,2.3873,35.1216,0.2028985507246377,1.66,1.5815,Industrials,industrials,0.34992180091257225,,0.2028985507246377,0.77664146222053,-1.5815,-0.3076434448404469,-0.06319950631565263,2.1847251026855052,-1.0310866057915073,0.3626556089741716,6
12,,Csx Corp.,CSX,USD,Q1 2022,45.99,85195.32525,53.6,32.84,-0.14197761194029845,0.4004263093788063,6.7585,26.5778,0.21352313167259784,1.98,1.1949,Industrials,industrials,0.23021257250009444,,0.21352313167259784,0.4004263093788063,-1.1949,-0.34442511922113966,-0.05005693115412792,0.3808162924190413,-0.29894289871101687,-0.06677674454129767,25
13,,Cummins Inc,CMI,USD,Q1 2022,534.78,73620.22131,737.76,400.7218,-0.2751301236174366,0.33454181928709636,1.2316,27.328,0.05090311986863716,1.14,1.2276,Industrials,industrials,0.5752458069188467,,0.05090311986863716,0.33454181928709636,-1.2276,-0.23841073547472372,-0.2512174040584194,0.06490766609544944,-0.36087021175171013,-0.1689866930692206,28
14,,Deere & Co,DE,USD,Q4 2021,684.73,184620.600142,705.88,433.0,-0.029962599875332896,0.5813625866050809,3.0091,38.0586,8.884615384615385,1.41,0.8752,Industrials,industrials,0.3559401361270771,,8.884615384615385,0.5813625866050809,-0.8752,-0.3057942603697975,5.268333852295319,1.2483851346623724,0.3065054798550281,0.829851149085892,4
15,,Delta Air Lines Inc,DAL,USD,Q2 2023,82.5,54253.8975,95.68,55.03,-0.1377508361204014,0.4991822642195165,0.8206,13.7123,0.1289855072463768,23.16,1.345,Industrials,industrials,0.44490854680322073,,0.1289855072463768,0.4991822642195165,-1.345,-0.27845796261686195,-0.15462972216022122,0.8543398484422665,-0.5832025221791534,0.033274187883661405,19
16,,Eaton Corporation Plc.,ETN,USD,Q1 2022,435.43,169121.012,478.0,311.915,-0.08905857740585776,0.3959892919545389,3.1552,43.7125,0.023454157782516027,2.3,1.1359,Industrials,industrials,0.2581988266241318,,0.023454157782516027,0.3959892919545389,-1.1359,-0.3358261055947319,-0.28517168885230115,0.3595412992070877,-0.18720860301068298,-0.06266139361957725,24
17,,FedEx Corp,FDX,USD,Q3 2022,295.79,70004.737616,345.365,180.869,-0.14354378700794812,0.6353825144165115,0.6503,15.9839,0.0976744186046512,1.01,1.2803,Industrials,industrials,0.8634712569105994,,0.0976744186046512,0.6353825144165115,-1.2803,-0.14985102466198355,-0.19336144606336947,1.507404536121714,-0.4606735572331944,0.3212359940063309,9
18,,Flowserve Corp.,FLS,USD,Q1 2022,74.67,9491.512776,92.41,48.71,-0.19197056595606532,0.5329501129131595,1.2882,26.184,-0.042353407752154903,1.81,1.2371,Industrials,industrials,0.455651475103166,,-0.042353407752154903,0.5329501129131595,-1.2371,-0.2751571069028632,-0.3665754524899087,1.0162528370661843,-0.378861327161086,0.12176862389000984,15
19,,General Dynamics Corp.,GD,USD,Q4 2022,353.9,95750.19308,400.0,306.77,-0.11525000000000007,0.1536330149623497,1.7389,21.5874,0.05928085519922255,1.96,0.3151,Industrials,industrials,0.3772011991535888,,0.05928085519922255,0.1536330149623497,-0.3151,-0.299261618671248,-0.24085417027019937,-0.802529446713978,1.367223768359381,-0.04552892722774671,22
20,,General Electric Co,GE,USD,Q2 2022,319.01,330992.97263,388.84,268.91,-0.17958543359736645,0.18630768658659025,1.285,37.5849,-0.898360655737705,8.76,1.3782,Industrials,industrials,0.3063239325276246,,-0.898360655737705,0.18630768658659025,-1.3782,-0.32103925918069115,-1.425453882666486,-0.6458581176345549,-0.6460767360308668,-0.6026061331683392,43
21,,"Honeywell International, Inc.",HON,USD,Q4 2021,206.48,65441.7712,260.1502,195.7678,-0.2063046655355253,0.05471890678650926,4.0357,8.3229,-0.026966292134831482,2.45,0.8176,Industrials,industrials,0.2587007271297529,,-0.026966292134831482,0.05471890678650926,-0.8176,-0.3356718924132247,-0.34754163604949934,-1.2768113299668735,0.4155884532845062,-0.4625590971430312,39
22,,"J. B. Hunt Transport Services, Inc.",JBHT,USD,Q4 2022,236.17,22179.8913798,299.76,130.12,-0.2121363757672805,0.8150169074700275,1.8355,33.4798,0.04285714285714293,1.92,1.293,Industrials,industrials,0.36517092276858737,,0.04285714285714293,0.8150169074700275,-1.293,-0.302958022988367,-0.26117025378862596,2.3687309920298683,-0.4847248378330966,0.5456455924065075,5
23,,Jetblue Airways Corp.,JBLU,USD,Q1 2022,4.57,1724.316754,6.62,3.87,-0.309667673716012,0.18087855297157618,0.777,0.0,1.3738062755798088,0.05,1.7602,Industrials,industrials,7.108397516280193,,1.3738062755798088,0.18087855297157618,-1.7602,1.7689554637743548,1.3852098809810318,-0.6718901949877975,-1.3695089556499753,0.13874534076477807,14
24,,Johnson Controls International Plc.,JCI,USD,Q2 2022,145.18,87941.55097,157.06,104.49,-0.07563988284731948,0.3894152550483301,1.9173,40.9492,0.09123434704830058,2.96,1.2902,Industrials,industrials,0.2946083753214281,,0.09123434704830058,0.3894152550483301,-1.2902,-0.32463896336441456,-0.20132779550242058,0.32801954096701985,-0.479422193291386,-0.13550600541384644,26
25,,"L3Harris Technologies, Inc.",LHX,USD,Q1 2022,246.93,45981.971178,379.23,244.76,-0.3488648049996045,0.008865827749632293,2.7035,24.9318,-0.10869565217391308,2.06,0.4918,Industrials,industrials,0.29847906462909607,,-0.10869565217391308,0.008865827749632293,-0.4918,-0.32344966128944913,-0.44864061232706925,-1.49667162168475,1.0325890217449922,-0.3859465565824075,37
26,,Lockheed Martin Corp.,LMT,USD,Q2 2022,535.4,123565.39432,692.0,437.25,-0.22630057803468207,0.22447112635791866,1.8075,19.7285,-0.09277745155607753,3.54,0.0826,Industrials,industrials,0.29547477077357986,,-0.09277745155607753,0.22447112635791866,-0.0826,-0.32437275602327165,-0.4289498453141548,-0.4628687704124462,1.807532645483577,0.15372349878280867,12
27,,Lyft Inc,LYFT,USD,Q3 2021,15.27,5780.310381,25.54,12.46,-0.4021143304620204,0.225521669341894,3.9218,2.1815,0.728899027494297,2.33,0.0,Industrials,industrials,0.3808565628679664,,0.728899027494297,0.225521669341894,-0.0,-0.29813847720865366,0.5874615253808806,-0.4578315364519257,1.9639606594640437,0.2879552874275578,10
28,,Norfolk Southern Corp.,NSC,USD,Q4 2022,309.07,69419.718188,358.595,277.8,-0.13810845103807923,0.112562994960403,6.1251,26.3931,0.12280701754385959,1.77,1.2723,Industrials,industrials,0.2553743608757067,,0.12280701754385959,0.112562994960403,-1.2723,-0.3366939466194859,-0.16227249562091278,-0.9994555151078799,-0.445523144256878,-0.5702866479417509,42
29,,Northrop Grumman Corp.,NOC,USD,Q4 2021,526.66,74818.89958,774.0,479.02,-0.31956072351421194,0.09945304997703652,2.0156,16.7329,-0.754985754985755,1.66,-0.1266,Industrials,industrials,0.38610077564150175,,-0.754985754985755,0.09945304997703652,0.1266,-0.2965271484148984,-1.248099555127533,-1.0623162081952549,2.203715944814251,-0.006027095593782783,21
30,,"Old Dominion Freight Line, Inc.",ODFL,USD,Q1 2022,175.36,36362.053376,252.03,126.01,-0.3042098162917113,0.3916355844774224,6.9968,33.7479,0.32743362831858414,1.46,1.1888,Industrials,industrials,0.2858284863541794,,0.32743362831858414,0.3916355844774224,-1.1888,-0.32733665861627304,0.09085001578234515,0.33866576770344964,-0.2873907088165756,-0.060500472859889604,23
31,,Plug Power Inc.,PLUG,USD,Q4 2021,2.09,2920.13755,4.58,1.7,-0.5436681222707425,0.2294117647058822,31.2014,0.0,-0.5192878338278932,1.54,2.2799,Industrials,industrials,0.23986391836906687,,-0.5192878338278932,0.2294117647058822,-2.2799,-0.3414596614548862,-0.9565419248167525,-0.4391789722293801,-2.3537176586239306,-0.9283541196188008,45
32,,Raytheon Technologies,RTX,USD,Q2 2022,194.34,261923.28972,226.884,155.64,-0.1434389379594858,0.24865073245952218,2.3801,34.2197,0.027078085642317395,1.54,0.2939,Industrials,industrials,0.3662413320625664,,0.027078085642317395,0.24865073245952218,-0.2939,-0.30262913066630187,-0.2806889008241741,-0.34693031300053634,1.4073723627466195,0.11193253439569428,17
33,,"Republic Services, Inc.",RSG,USD,Q1 2022,213.93,65508.14709,233.42,196.41,-0.08349755804986714,0.08920116083702467,3.8929,30.3252,0.14671814671814665,2.98,0.3905,Industrials,industrials,0.20847475019330944,,0.14671814671814665,0.08920116083702467,-0.3905,-0.3511042492467592,-0.13269449965954466,-1.111472849021263,1.2244311260575986,-0.19247579287990324,29
34,,Southwest Airlines Co,LUV,USD,Q4 2021,41.77,20434.226514,55.11,29.26,-0.2420613318816911,0.4275461380724539,1.6664,26.3628,1.5124378109452739,1.98,1.1667,Industrials,industrials,0.3810262527544224,,1.5124378109452739,0.4275461380724539,-1.1667,-0.29808633855374717,1.5566966795872397,0.5108527822942108,-0.24553769296950148,0.13926244797004922,13
35,,"Stanley Black & Decker, Inc.",SWK,USD,Q1 2022,88.68,13392.152088000003,104.68,61.9,-0.1528467711119602,0.4326332794830372,1.4747,21.6224,0.04761904761904767,1.64,1.1638,Industrials,industrials,0.44470281792591965,,0.04761904761904767,0.4326332794830372,-1.1638,-0.27852117455696007,-0.2552797917034017,0.5352450459771234,-0.24004566826558654,0.004289890765041021,20
36,,"Textron, Inc.",TXT,USD,Q4 2022,79.41,13657.479729,101.57,78.12,-0.21817465787141865,0.016513056835637308,1.3078,14.9548,0.09337349397590367,0.81,0.9023,Industrials,industrials,0.6886929919083787,,0.09337349397590367,0.016513056835637308,-0.9023,-0.20355312697596042,-0.19868167708934886,-1.4600040291697456,0.2551834558977562,-0.5072799944982421,40
37,,TFI International Inc.,TFII.TO,CAD,Q3 2021,176.38,14497.2066314,233.85,113.72,-0.2457558263844345,0.5510024621878298,1.49,30.5305,0.6719999999999999,2.78,1.4586,Industrials,industrials,0.35453576697597655,,0.6719999999999999,0.5510024621878298,-1.4586,-0.3062257646866417,0.5170775969112091,1.1028117958338162,-0.7983383864428464,0.1090338801809474,18
38,,Uber Technologies Inc,UBER,USD,Q1 2022,70.84,144694.9504,101.99,65.41,-0.30542210020590244,0.08301482953676809,3.7758,15.55,1.3793103448275863,0.0,0.0,Industrials,industrials,0.2938798019248489,,1.3793103448275863,0.08301482953676809,-0.0,-0.3248628237116141,1.392018398336913,-1.1411356030370616,1.9639606594640437,0.11832555581119508,16
39,,Union Pacific,UNP,USD,Q1 2022,269.63,160180.577065,315.99,215.53,-0.14671350359188584,0.25100914025889653,8.2764,21.8347,0.15999999999999992,2.46,0.9434,Industrials,industrials,0.19104273488300505,,0.15999999999999992,0.25100914025889653,-0.9434,-0.35646038360202864,-0.11626488649210823,-0.33562201620452087,0.17734820923193054,-0.19604582150187624,30
40,,United Airlines Holdings Inc,UAL,USD,Q2 2023,114.39,37129.140882,138.77,84.6423,-0.1756863875477409,0.35145193360766425,0.578,10.6913,0.170933113129645,0.02,1.3071,Industrials,industrials,17.27454593371961,,0.170933113129645,0.35145193360766425,-1.3071,3.7060488371116325,-0.10274065793574334,0.1459897383487137,-0.5114274407038543,1.1475942768161735,2
41,,United Parcel Service Inc,UPS,USD,Q4 2022,94.75,80611.5566,122.41,82.0,-0.22596193121477004,0.1554878048780488,1.9642,19.7897,-0.027727763773856662,1.51,1.0368,Industrials,industrials,0.4072987058580486,,-0.027727763773856662,0.1554878048780488,-1.0368,-0.29001390480695277,-0.3484835742114161,-0.7936359403125209,0.00046713773343653954,-0.3901401284574169,38
42,,United Rentals Inc,URI,USD,Q1 2022,1029.92,64104.7853008,1179.18,701.59,-0.1265794874404247,0.46797987428555143,2.7087,24.7592,0.2233009708737863,0.84,1.8223,Industrials,industrials,0.5333486684723688,,0.2233009708737863,0.46797987428555143,-1.8223,-0.25128398613599456,-0.0379617730252236,0.7047279423877296,-1.4871140363786317,-0.22379400476284816,32
43,,Waste Connections Inc,WCN,USD,Q4 2021,155.55,39131.58906,179.74,146.89,-0.13458328697006783,0.05895568112192806,5.7462,37.5345,0.16546762589928066,2.58,0.3738,Industrials,industrials,0.19608903614341858,,0.16546762589928066,0.05895568112192806,-0.3738,-0.35490986479701336,-0.10950144945036847,-1.2564964795600155,1.2560576131456593,-0.23224616562012557,33
44,,Waste Management Inc,WM,USD,Q3 2021,207.04,82757.035008,248.13,194.11,-0.1655986781122799,0.06661171500695473,3.6569,29.3129,0.2098445595854923,2.66,0.422,Industrials,industrials,0.22783672728365242,,0.2098445595854923,0.06661171500695473,-0.422,-0.3451551177875743,-0.054607313929568434,-1.2197866690364918,1.164776374963353,-0.23500377802798122,34
45,,Westinghouse Air Brake Technologies Corp.,WAB,USD,Q1 2022,283.38,47865.942504,306.6399,186.06,-0.07585412074553899,0.5230570783618187,2.3632,38.0674,0.05464480874316946,1.67,0.9167,Industrials,industrials,0.34940887847761326,,0.05464480874316946,0.5230570783618187,-0.9167,-0.3078010446031002,-0.24658894600389042,0.9688168631224601,0.2279127125403867,0.25676770547455907,11
1,,"Air Products And Chemicals, Inc.",APD,USD,Q2 2022,279.46,62231.689829999996,314.87,229.11,-0.11245911010893395,0.21976343241237828,5.0515,11.0,0.15999999999999992,2.72,0.749,Materials,materials,0.2188390504717629,,0.15999999999999992,0.21976343241237828,-0.749,-0.595047599615096,-0.3378271935727817,-0.5093455854517235,0.756078898760321,-0.20726360312992473,10
2,,Albemarle Corp.,ALB,USD,Q4 2021,112.92,13325.135892,221.0,79.3,-0.48904977375565606,0.4239596469104667,7.5056,12.0,0.016891315475174862,2.21,1.3348,Materials,materials,0.2230186243910898,,0.016891315475174862,0.4239596469104667,-1.3348,-0.5871319070243258,-0.6531942851069437,0.10644168801442414,-0.9469337664085578,-0.4513963716976853,14
3,,Ball Corporation,BLL,USD,Q1 2022,59.71,15805.440014,68.29,44.83,-0.12564065016839954,0.33192058889136744,2.2397,17.0203,0.18849840255591044,5.26,0.9487,Materials,materials,0.2317852694645708,,0.18849840255591044,0.33192058889136744,-0.9487,-0.5705287630691062,-0.27502556586396026,-0.17111723113245497,0.17551961362166435,-0.2262542251504343,11
4,,"Cf Industries Holdings, Inc.",CF,USD,Q1 2022,123.27,18655.447587,141.96,75.415,-0.13165680473372787,0.6345554597891665,3.4761,9.1408,1.7333333333333334,2.1,0.5114,Materials,materials,0.2910896038362944,,1.7333333333333334,0.6345554597891665,-0.5114,-0.4582123190373156,3.052125526069009,0.74152800308015,1.4468194403173809,0.7104872152660409,3
5,,"Ecolab, Inc.",ECL,USD,Q2 2022,269.98,75683.115428,309.27,243.15,-0.1270410967762795,0.11034340941805465,4.0153,36.2421,0.13291139240506333,3.72,0.8763,Materials,materials,0.18181893937257376,,0.13291139240506333,0.11034340941805465,-0.8763,-0.6651599662805799,-0.3975220710660021,-0.8393196635113757,0.38599779210959,-0.4381206011587546,13
6,,Fmc Corp.,FMC,USD,Q1 2022,10.28,1287.331504,36.178,9.71,-0.7158494112444027,0.058702368692069795,3.3871,16.0,0.125,1.46,0.4315,Materials,materials,0.3475564403028466,,0.125,0.058702368692069795,-0.4315,-0.35126981062140905,-0.41495632267033067,-0.9950517163595257,1.6791012975160722,-0.06357821150382115,7
7,,"Freeport-Mcmoran, Inc.",FCX,USD,Q2 2023,72.16,103623.05888,80.24,35.15,-0.10069790628115649,1.0529160739687056,3.2611,35.5456,0.05904059040590415,0.46,1.3798,Materials,materials,0.8362303059235837,,0.05904059040590415,1.0529160739687056,-1.3798,0.5742293364352027,-0.5603103746069348,2.003163252119759,-1.077755838673152,0.5429993719661215,4
8,,International Paper Co.,IP,USD,Q4 2022,35.33,18709.704567,50.25,29.26,-0.29691542288557216,0.20745044429254933,0.8964,32.0,0.007858546168958647,1.34,0.8997,Materials,materials,0.6310306871488164,,0.007858546168958647,0.20745044429254933,-0.8997,0.18560189897002624,-0.6730997031048731,-0.5464774265153173,0.3179703145320006,-0.09689090580750297,8
9,,Nucor Corp.,NUE,USD,Q4 2021,242.4,54994.66968,280.11,131.32,-0.1346256827674842,0.8458726774291807,1.1349,19.3407,0.9695817490494296,0.16,1.8451,Materials,materials,2.3942797795037256,,0.9695817490494296,0.8458726774291807,-1.8451,3.218583736031528,1.4462395274973079,1.3787898328689439,-2.430456065889061,1.0453638004526682,1
10,,Packaging Corp Of America,PKG,USD,Q2 2022,238.31,21233.015873,259.98,191.5,-0.08335256558196791,0.2444386422976501,1.8776,30.9624,0.1914893617021276,3.023,0.7686,Materials,materials,0.2985630870394287,,0.1914893617021276,0.2444386422976501,-0.7686,-0.4440582935887543,-0.26843442088927233,-0.4349334311676453,0.6990986183961866,-0.14059212206052593,9
11,,"Ppg Industries, Inc.",PPG,USD,Q4 2022,104.93,23325.939,133.43,93.385,-0.21359514352094733,0.12362799164748095,1.8196,15.0681,0.0,1.21,1.0441,Materials,materials,0.4807943277491174,,0.0,0.12362799164748095,-1.0441,-0.09893065384961773,-0.6904174980187207,-0.7992578205908163,-0.10182317957927642,-0.3823867445431905,12
12,,Sealed Air Corp.,SEE,USD,Q1 2022,42.15,6211.801455,44.27,23.44,-0.047887960243957584,0.7982081911262797,1.9113,15.6696,0.10236220472440949,1.62,1.2801,Materials,materials,0.4014352969665407,,0.10236220472440949,0.7982081911262797,-1.2801,-0.24922867563398018,-0.4648429922216138,1.2350497339950604,-0.7879122696780394,0.09289203601571572,5
13,,The Mosaic Co.,MOS,USD,Q1 2022,24.07,7651.749499,36.995,19.795,-0.3493715366941478,0.2159636271785803,2.0989,15.0,0.7117903930131004,1.11,0.9083,Materials,materials,0.48133586919617694,,0.7117903930131004,0.2159636271785803,-0.9083,-0.09790502882112812,0.8781474480699278,-0.5208045231718679,0.292968762943656,-0.05981537258925736,6
14,,The Sherwin-Williams Co.,SHW,USD,Q1 2022,321.31,78000.605111,377.77,289.86,-0.1494560182121396,0.10850065548885657,3.3558,29.6251,0.07296137339055786,3.12,1.0788,Materials,materials,0.21741983929110084,,0.07296137339055786,0.10850065548885657,-1.0788,-0.5977354428365202,-0.5296332926651541,-0.8448767911031829,-0.20270153308108593,-0.5756822356389354,16
15,,Vulcan Materials Co.,VMC,USD,Q4 2021,246.2,31902.27594,331.09,240.69,-0.25639554199764414,0.02289251734596376,4.5033,8.5449,0.36440677966101687,2.27,1.0355,Materials,materials,0.25987229468719103,,0.36440677966101687,0.02289251734596376,-1.0355,-0.5173347624980442,0.11262186062404314,-1.1030422135283806,-0.07682162799093183,-0.5499459106212043,15
16,,Westrock Co.,WRK,USD,Q2 2022,51.51,13297.208631,54.83,28.31,-0.06055079336129854,0.8194984104556693,0.6571,43.4427,0.21171171171171177,0.49,1.0535,Materials,materials,1.1952245114644198,,0.21171171171171177,0.8194984104556693,-1.0535,1.254128251439121,-0.22387064247369967,1.2992538924539518,-0.12915045689676974,0.8001838802006903,2
1,,American Tower Corp,AMT,USD,Q1 2022,174.6,81356.63346,197.405,160.06,-0.11552392289962266,0.09084093464950649,13.0267,24.0072,0.2314814814814814,2.34,0.8782,Real Estate,real_estate,0.18192333678055975,,0.2314814814814814,0.09084093464950649,-0.8782,-0.09385641361316065,0.1059630538555984,-0.7460318607867079,0.18535127509763352,-0.22479468487091467,14
2,,"Boston Properties, Inc.",BXP,USD,Q4 2021,64.13,10239.098408,77.27,49.72,-0.17005306069625992,0.2898230088495575,7.024,34.4727,0.09909937001007374,3.07,1.0446,Real Estate,real_estate,0.16570346043074602,,0.09909937001007374,0.2898230088495575,-1.0446,-0.25722016255192937,-0.17887601798753172,0.5988113202021295,-0.16890249793384884,0.05673175990097685,7
3,,Bridgemarq Real Estate Services Inc.,BRE.TO,CAD,Q3 2020,3.29,31.2018665,15.35,2.97,-0.7856677524429967,0.1077441077441077,4.16,0.0,-0.0752743928787486,0.0,0.5807,Real Estate,real_estate,0.18964377592043005,,-0.0752743928787486,0.1077441077441077,-0.5807,-0.01609750508995846,-0.5540661416605007,-0.6317898258459415,0.8187076301268763,-0.05745771458528931,11
4,,Crown Castle International Corp.,CCI,USD,Q1 2022,73.22,31151.844388,100.5,69.72,-0.2714427860696518,0.050200803212851364,12.3786,29.8153,-0.09195402298850575,3.03,0.9487,Real Estate,real_estate,0.148119136669048,,-0.09195402298850575,0.050200803212851364,-0.9487,-0.4343263864410561,-0.5899547546033158,-1.020702852416474,0.03526178592263647,-0.5253571960221273,18
5,,"Digital Realty Trust, Inc.",DLR,USD,Q1 2022,186.33,69128.187771,208.14,146.23,-0.10478524070337258,0.2742255351159135,9.0118,90.4976,0.03669724770642202,3.83,1.0052,Real Estate,real_estate,0.12770408179673062,,0.03669724770642202,0.2742255351159135,-1.0052,-0.6399432374456412,-0.3131431210005597,0.49339400421689783,-0.0850226983098082,-0.09620067907041317,12
6,,"Extra Space Storage, Inc.",EXR,USD,Q4 2021,137.46,29041.119216,158.88,125.71,-0.13481873111782472,0.09346909553734806,17.5391,30.3841,0.20795496336530017,3.31,1.1602,Real Estate,real_estate,0.13068074086011003,,0.20795496336530017,0.09346909553734806,-1.1602,-0.6099628495919565,0.05534238079463872,-0.7282691338538192,-0.4150066816023545,-0.5452171331496273,19
7,,"Healthpeak Properties, Inc.",PEAK,USD,Q4 2021,20.72,14287.005656,22.949,15.7,-0.09712841518148951,0.31974522292993623,10.7184,59.244,0.12514619883040945,4.54,0.9856,Real Estate,real_estate,0.11014705690097781,,0.12514619883040945,0.31974522292993623,-0.9856,-0.8167745119463505,-0.12283253550203195,0.8010440375353938,-0.04329569139023442,-0.02630345894304685,9
8,,"Iron Mountain, Inc.",IRM,USD,Q1 2022,116.89,34798.480292,134.68,77.77,-0.13209088209088216,0.5030217307445031,3.4776,83.4291,0.15740740740740744,4.43,1.1844,Real Estate,real_estate,0.17509149837399032,,0.15740740740740744,0.5030217307445031,-1.1844,-0.16266549144893974,-0.05341792498198096,2.039739345948278,-0.4665267615744811,0.5046081006909942,3
9,,"Prologis, Inc.",PLD,USD,Q4 2022,135.82,129074.282388,153.35,111.03,-0.11431366155852629,0.22327298928217587,25.7655,30.2578,0.3671875,4.87,1.3177,Real Estate,real_estate,0.09239990920151027,,0.3671875,0.22327298928217587,-1.3177,-0.9955206699704441,0.3979539877416331,0.1490253765704095,-0.7503129872060716,-0.4365805122897267,17
10,,Public Storage,PSA,USD,Q1 2022,296.67,55433.471841,335.55,256.54,-0.11586946803755027,0.15642784750916028,19.5138,28.3007,0.15618536013090045,3.46,0.9492,Real Estate,real_estate,0.12519931370485135,,0.15618536013090045,0.15642784750916028,-0.9492,-0.6651708222241345,-0.056047334712039966,-0.30275518435234455,0.03419732146040233,-0.31876328305306245,16
11,,Riocan REIT,REI-UN.TO,CAD,Q3 2020,20.65,,23.25,18.06,-0.11182795698924741,0.14341085271317833,6.11,23.0,-0.1435269121813032,0.0,0.0,Real Estate,real_estate,0.16757015143847162,,-0.1435269121813032,0.14341085271317833,-0.0,-0.23841917821915767,-0.700921211677222,-0.3907320373363156,2.054976656565469,0.245616991316441,4
12,,Sba Communications Corp.,SBAC,USD,Q1 2022,176.28,18701.210268,224.46,162.41,-0.21464848970863404,0.08540114524967679,16.5596,18.9823,0.12812101330417347,0.66,0.9774,Real Estate,real_estate,0.5427400341212655,,0.12812101330417347,0.08540114524967679,-0.9774,3.201804492312754,-0.11643179612573437,-0.7827973016425579,-0.025838474209596497,0.7901734619938552,1
13,,"Simon Property Group, Inc.",SPG,USD,Q4 2021,204.98,66323.22631,238.5,172.19,-0.14054507337526212,0.19042917707183915,8.4609,14.4669,0.17699115044247793,1.37,1.3277,Real Estate,real_estate,0.30574701752680594,,0.17699115044247793,0.19042917707183915,-1.3277,1.1532739749200616,-0.01128069716983321,-0.07295329696750025,-0.7716022764507521,0.16626626544067966,5
14,,Smart REIT,SRU-UN.TO,CAD,Q3 2020,26.74,,30.9,25.01,-0.13462783171521042,0.06917233106757292,7.05,25.0,-0.4195641025641026,0.0,0.0,Real Estate,real_estate,0.15913668132137523,,-0.4195641025641026,0.06917233106757292,-0.0,-0.32335960964900423,-1.2948547592608313,-0.8924816044928482,2.054976656565469,0.0005591961556804526,8
15,,"Ventas, Inc.",VTR,USD,Q1 2022,87.03,44641.725192,101.6,66.625,-0.14340551181102357,0.30626641651031905,7.3663,159.6734,0.12052203144052998,4.58,0.733,Real Estate,real_estate,0.1201189195169796,,0.12052203144052998,0.30626641651031905,-0.733,-0.71633966116704,-0.13278209388828732,0.7099459777017905,0.49447175493039336,0.11042153642015791,6
16,,Vornado Realty Trust,VNO,USD,Q4 2021,35.58,6643.51539,42.17,24.57,-0.1562722314441547,0.44810744810744807,6.1518,1327.611,0.15293680099885765,5.42,1.5823,Real Estate,real_estate,0.115936375642066,,0.15293680099885765,0.44810744810744807,-1.5823,-0.7584655092789842,-0.06303707492477596,1.668594865520914,-1.3136275806203157,-0.0302835326515003,10
17,,"Welltower, Inc",WELL,USD,Q3 2021,232.76,167760.582924,255.2,163.75,-0.08793103448275863,0.42143511450381665,9.6626,21.0,0.1923076923076923,1.74,0.7435,Real Estate,real_estate,0.2419411683649124,,0.1923076923076923,0.42143511450381665,-0.7435,0.5106326564226963,0.021675036201109325,1.4883268383023398,0.4721180012234788,0.7861555848976408,2
18,,Weyerhaeuser Co.,WY,USD,Q4 2021,21.01,15142.663360000002,27.75,20.975,-0.24288288288288284,0.0016686531585221598,2.8373,32.1308,0.07281553398058249,2.17,0.9009,Real Estate,real_estate,0.28146667610749326,,0.07281553398058249,0.0016686531585221598,-0.9009,0.9087266359498889,-0.23542945542635296,-1.3487129574557497,0.13702458851220883,-0.13202508132609747,13
19,,Zillow Group Inc,Z,USD,Q1 2022,30.65,6892.41875,85.0,29.23,-0.6394117647058823,0.048580225795415544,1.6603,136.0288,2.5245901639344264,4.03,2.0207,Real Estate,real_estate,0.28593037708104113,,2.5245901639344264,0.048580225795415544,-2.0207,0.9536842490323576,3.8421404603280185,-1.031655710847892,-2.2469500211071063,-0.26754962085461986,15
1,,"Adobe, Inc.",ADBE,USD,Q1 2022,249.52,99184.2,368.73,190.12,-0.3232988907872969,0.3124342520513361,13.7127,13.9239,0.08951406649616378,3.04,1.3965,Technology,technology,0.1578971419403281,,0.08951406649616378,0.3124342520513361,-1.3965,-0.35866244325773927,-0.3402745645642454,-0.6544970401947502,-0.19168033494451045,-0.4139961252673113,56
2,,Advanced Micro Devices Inc,AMD,USD,Q4 2022,615.52,1004821.012,616.69,154.7798,-0.0018972255103861801,2.9767463196101818,8.992,157.0958,0.1594202898550725,1.33,2.4896,Technology,technology,0.2898184020717401,,0.1594202898550725,2.9767463196101818,-2.4896,-0.0474125167039149,-0.044556158882071956,2.144052499682715,-1.8498499220073414,0.23270450058425873,15
3,,"Akamai Technologies, Inc.",AKAM,USD,Q3 2021,117.41,16873.766006,165.45,70.82,-0.29035962526443027,0.6578650098842136,5.7216,42.3536,0.08448928121059263,2.12,0.6132,Technology,technology,0.22336171446462946,,0.08448928121059263,0.6578650098842136,-0.6132,-0.2042078589870226,-0.361530490319459,-0.2916622581271754,0.9965405392173375,0.05371755490631344,20
4,,Alibaba Group Holding Ltd,BABA,USD,Q3 2022,115.75,287710.978,192.67,91.99,-0.39923184719987537,0.2582889444504839,2.8613,25.8056,-0.2840023612750886,1.16,0.4604,Technology,technology,0.4167705780638877,,-0.2840023612750886,0.2582889444504839,-0.4604,0.2521135446302689,-1.9203296327592454,-0.7113703800403057,1.2283293169167253,-0.006030751970768078,22
5,,Alphabet Inc,GOOGL,USD,Q2 2022,354.97,4341283.100000001,408.61,235.84,-0.13127432025647923,0.5051305970149256,6.7807,17.8108,0.1258481421647819,1.05,1.2128,Technology,technology,0.3853346869381446,,0.1258481421647819,0.5051305970149256,-1.2128,0.17794491711492447,-0.18657358613354716,-0.452091971321559,0.08698195866398108,-0.0851846605806785,28
6,,Amazon.com Inc,AMZN,USD,Q1 2022,258.45,2787721.8195,287.2,196.0,-0.10010445682451252,0.3186224489795917,3.7048,20.788,0.0729819388131221,3.4,1.4521,Technology,technology,0.20404747549420954,,0.0729819388131221,0.3186224489795917,-1.4521,-0.24977712852703357,-0.41020903114046303,-0.6479970600020739,-0.2760223247356487,-0.40244772995531997,55
7,,Analog Devices Inc,ADI,USD,Q1 2022,383.0,185588.5865,445.91,223.47,-0.14108228117781618,0.7138765829865306,10.501,43.8708,0.7179487179487178,2.32,1.2436,Technology,technology,0.18301923778901932,,0.7179487179487178,0.7138765829865306,-1.2436,-0.29939034048981383,2.3181395833271887,-0.23282862371852892,0.04026013698112031,0.025837011453098208,21
8,,Apple Inc,AAPL,USD,Q2 2022,338.98,4947135.1364,344.5699,243.42,-0.016222833160992933,0.39257250842165825,7.6675,39.0055,0.0859375,2.42,1.0752,Technology,technology,0.18976038568683953,,0.0859375,0.39257250842165825,-1.0752,-0.2834855364726681,-0.35540421241593473,-0.5703211348184578,0.2957132139744247,-0.24029093797143036,45
9,,Applied Materials Inc,AMAT,USD,Q4 2021,464.24,368419.656976,739.67,192.43,-0.37236875904119404,1.412513641324118,5.1084,40.0404,0.21511627906976738,2.15,1.6046,Technology,technology,0.2286156880853447,,0.21511627906976738,1.412513641324118,-1.6046,-0.19181183652684933,0.19104989079536558,0.5010082424498588,-0.5073560197563073,-0.007852712065126527,24
10,,"Arista Networks, Inc.",ANET,USD,Q1 2022,205.42,259080.83949999997,214.89,114.52,-0.04406905858811483,0.7937478169752008,15.0943,64.7808,0.31385767790262165,3.98,1.6067,Technology,technology,0.1109810426360302,,0.31385767790262165,0.7937478169752008,-1.6067,-0.4693544761272585,0.6087473093465585,-0.148933194256604,-0.5105415985074114,-0.2830023473092605,48
11,,Baidu Inc,BIDU,USD,Q1 2021,92.21,31507.714391999994,165.3,88.23,-0.4421657592256504,0.04510937322906039,3.7952,0.0,0.3817034700315458,12.28,0.5753,Technology,technology,0.1249294603638124,,0.3817034700315458,0.04510937322906039,-0.5753,-0.43644511800719815,0.8957496464289376,-0.9352906926107525,1.0540326509634552,-0.11909130359604164,32
12,,Broadcom Inc,AVGO,USD,Q1 2022,362.66,1731204.6558,495.0,289.96,-0.26735353535353534,0.25072423782590714,9.5262,46.3182,0.1576576576576576,1.55,1.467,Technology,technology,0.257241575792246,,0.1576576576576576,0.25072423782590714,-1.467,-0.1242730225598235,-0.0520124733298925,-0.7193162233599715,-0.29862476444586405,-0.3601869791955554,54
13,,Cisco Systems Inc,CSCO,USD,Q2 2022,111.46,439440.74702,130.3656,66.8131,-0.14501985186276134,0.6682357202404916,4.4979,33.4901,0.05833333333333335,3.13,0.9753,Technology,technology,0.19055812089172533,,0.05833333333333335,0.6682357202404916,-0.9753,-0.2816033908375918,-0.47217579246455665,-0.28076903467593145,0.44725574599123635,-0.11499152137874506,31
14,,"Corning, Inc.",GLW,USD,Q4 2022,158.98,136943.51193399998,271.78,77.05,-0.4150415777467069,1.0633354964308888,2.2795,72.9919,-0.021563342318059342,0.8,1.1255,Technology,technology,0.567464282019088,,-0.021563342318059342,1.0633354964308888,-1.1255,0.6076544501784538,-0.8101559665848426,0.13423726669792369,0.2194110181741681,0.23463699628693097,14
15,,"CrowdStrike Holdings, Inc",CRWD,USD,Q4 2022,249.35,255318.19225,250.32,85.68,-0.0038750399488653997,1.9102474323062557,34.7568,4378.017,0.6268448269354168,4.33,0.96,Technology,technology,0.0866488814906316,,0.6268448269354168,1.9102474323062557,-0.96,-0.526762837462323,1.9327504704927512,1.0238196235546222,0.4704649626064237,0.44436437522343497,6
16,,Dell Technologies Inc,DELL,USD,Q3 2022,575.31,365789.40443699993,595.51,110.22,-0.03392050511326439,4.21965160587915,0.0521,33.381,0.20808510638297872,1.04,1.381,Technology,technology,6.728451196082972,,0.20808510638297872,4.21965160587915,-1.381,6.221367314872275,0.16130651349492084,3.370598111976715,-0.16816772987683687,3.1687220859383642,1
17,,DocuSign Inc,DOCU,USD,Q4 2022,68.57,12815.904424999999,86.27,40.16,-0.20516981569491133,0.7074203187250996,9.7693,41.7082,0.34601995822696696,45.77,0.0,Technology,technology,0.0493953174157541,,0.34601995822696696,0.7074203187250996,-0.0,-0.6146574578640945,0.7448006934893091,-0.23961017742545254,1.9267295345397493,0.2589932296625307,12
18,,Dropbox Inc,DBX,USD,Q1 2022,36.01,7830.108026,38.17,21.695,-0.056588944197013435,0.659829453791196,4.314,20.0265,-0.5504,0.82,0.0,Technology,technology,0.5004164878259397,,-0.5504,0.659829453791196,-0.0,0.4494644738438941,-3.0066860404103775,-0.2895988385829935,1.9267295345397493,0.284413758687706,11
19,,"F5 Networks, Inc.",FFIV,USD,Q3 2022,450.1,25487.893718,451.02,223.76,-0.0020398208505165716,1.0115302109402933,4.925,35.8556,0.034519807831038696,2.37,1.0399,Technology,technology,0.217625419932319,,0.034519807831038696,1.0115302109402933,-1.0399,-0.21774185077950708,-0.5729121426326268,0.07982184755906765,0.3492612758382228,-0.006400693999976351,23
20,,Meta Inc,META,USD,Q4 2022,741.245,1888326.08497,785.73,520.26,-0.05661614040446461,0.4247587744589245,5.4206,25.6679,-0.04455004455004452,1.19,1.2174,Technology,technology,0.35459224135722955,,-0.04455004455004452,0.4247587744589245,-1.2174,0.10541237823822557,-0.9073946759488672,-0.5365132107746743,0.08000402425680066,-0.19931549444368837,40
21,,Hewlett Packard Enterprise Co.,HPE,USD,Q1 2022,61.75,81970.96375,64.25,19.84,-0.03891050583657585,2.112399193548387,0.825,32.1693,0.019033674963396807,2.23,1.4305,Technology,technology,0.5638790811566253,,0.019033674963396807,2.112399193548387,-1.4305,0.5991956657186127,-0.6384218254871756,1.2361565060459938,-0.2432563718671491,0.4977681454974836,5
22,,Intel Corp,INTC,USD,Q1 2022,121.78,643615.70282,142.35,28.73,-0.14450298559887598,3.2387747998607725,2.666,0.0,-0.06929691451694486,1.3,2.2724,Technology,technology,0.3913963246277971,,-0.06929691451694486,3.2387747998607725,-2.2724,0.1922465109885794,-1.0120792745526799,2.4192829022203433,-1.5203700626074272,0.40607734920506083,9
23,,International Business Machines Corp,IBM,USD,Q2 2023,231.93,218509.231392,332.46,199.19,-0.30238224147265835,0.1643656810080827,2.0738,18.625,-0.002574002574002532,2.13,0.7099,Technology,technology,0.3351271401802056,,-0.002574002574002532,0.1643656810080827,-0.7099,0.05948717023402413,-0.7298269628960175,-0.8100258299371171,0.8498522224403036,-0.09853541119895659,29
24,,"Intuit, Inc.",INTU,USD,Q3 2022,304.12,81271.81232,705.08,252.84,-0.5686730583763544,0.2028160101249803,12.082,18.428,0.35011990407673865,3.28,0.9824,Technology,technology,0.14730368366616373,,0.35011990407673865,0.2028160101249803,-0.9824,-0.38365623960641104,0.762144348915421,-0.7696382371440464,0.43648545592797927,-0.21179809919187262,43
25,,Jabil Inc,JBL,USD,Q3 2022,303.67,31820.698657,428.9322,189.6,-0.29203263359570575,0.6016350210970465,0.301,37.8901,0.15117891816920936,1.02,1.2861,Technology,technology,1.443014470444391,,0.15117891816920936,0.6016350210970465,-1.2861,2.6733937523205022,-0.07941893902490842,-0.350725312775959,-0.024209909172177926,0.7615520909697276,4
26,,"Juniper Networks, Inc.",JNPR,USD,Q4 2022,39.95,13358.58487,39.96,33.42,-0.00025025025025016134,0.1953919808497906,2.6127,38.1876,0.11538461538461542,3.21,0.7717,Technology,technology,0.24015293635242205,,0.11538461538461542,0.1953919808497906,-0.7717,-0.16459129851664567,-0.2308365617109459,-0.7774363152915343,0.7561051906220956,-0.14421928708978163,34
27,,Lam Research Corp,LRCX,USD,Q3 2022,302.28,378249.31187999994,438.5,125.0201,-0.3106499429874573,1.4178512095255082,4.7735,52.4418,0.05454545454545445,1.2,1.8645,Technology,technology,0.353963994524699,,0.05454545454545445,1.4178512095255082,-1.8645,0.10393011692349875,-0.48819933689661504,0.5066147362296027,-0.9016093137620066,-0.06257065546418569,26
28,,Marvell Technology Group Ltd.,MRVL,USD,Q4 2022,257.38,225696.522,329.88,70.685,-0.219776888565539,2.641225153851595,13.2697,84.9419,0.6791979949874687,3.67,2.2902,Technology,technology,0.11987065696212924,,0.6791979949874687,2.641225153851595,-2.2902,-0.44838066338976695,2.154215665505188,1.7916265900132182,-1.5473716348786906,0.24042370561357684,13
29,,Micron Technology Inc,MU,USD,Q1 2022,1043.96,1179041.11628,1255.0,154.65,-0.1681593625498008,5.7504688005172975,3.0468,23.6339,0.3500866551126516,0.45,2.237,Technology,technology,0.8642491773507902,,0.3500866551126516,5.7504688005172975,-2.237,1.3078772708387407,0.7620036986245315,3.370598111976715,-1.4666703065173856,1.2563245258611835,2
30,,Microsoft Corp,MSFT,USD,Q4 2022,501.61,3724727.62745,553.72,349.2,-0.09410893592429392,0.43645475372279496,12.695,27.95,0.1227272727272728,2.91,1.1012,Technology,technology,0.1527306522495929,,0.1227272727272728,0.43645475372279496,-1.1012,-0.3708520595120152,-0.19977553711957197,-0.524227946677473,0.2562727151512304,-0.2509397847019862,46
31,,"NetApp, Inc.",NTAP,USD,Q3 2022,198.15,38920.42485,209.06,93.69,-0.05218597531809044,1.1149535702849827,3.1852,27.9673,0.09523809523809534,2.45,1.4677,Technology,technology,0.25262377903383487,,0.09523809523809534,1.1149535702849827,-1.4677,-0.13516807389926802,-0.3160606881407921,0.18845604181539402,-0.2996866240295653,-0.08349739071374866,27
32,,NetEase Inc,NTES,USD,Q1 2022,117.47,75210.190994,156.44,106.06,-0.24910508821273336,0.10758061474637004,5.5468,15.8133,0.1821086261980831,1.35,0.6872,Technology,technology,0.3280875919524337,,0.1821086261980831,0.10758061474637004,-0.6872,0.042878332002161325,0.05142039840509806,-0.8696719288283152,0.8842868117974769,-0.05024112945892395,25
33,,Netflix Inc,NFLX,USD,Q4 2022,73.36,305466.56504,124.86,65.08,-0.4124619573922793,0.12722802704363856,5.8039,23.111,0.018158236057068677,1.86,1.5968,Technology,technology,0.25106726166373877,,0.018158236057068677,0.12722802704363856,-1.5968,-0.13884046087191798,-0.6421251209194343,-0.849034610357329,-0.495523870109349,-0.5066830846803725,58
34,,NVIDIA Corp,NVDA,USD,Q1 2023,227.38,5479858.0,236.54,164.27,-0.03872495138243004,0.3841845741766603,26.5792,28.7432,0.46289752650176674,4.28,2.2185,Technology,technology,0.1020197006885873,,0.46289752650176674,0.3841845741766603,-2.2185,-0.4904975202445362,1.239218021296913,-0.5791316828798827,-1.4386068746624205,-0.6129266179323354,59
35,,NXP Semiconductors NV,NXPI,USD,Q2 2022,232.41,58605.481722,339.95,183.0,-0.31634063832916604,0.27,4.4952,19.8357,0.2779922779922781,1.11,1.8201,Technology,technology,0.3912581885101574,,0.2779922779922781,0.27,-1.8201,0.19192059796722896,0.45702893048081283,-0.6990692800608251,-0.8342570773100904,-0.33952808581865357,53
36,,Open Text Corp,OTEX.TO,CAD,Q3 2022,32.42,7849.747614,56.0,27.63,-0.42107142857142854,0.1733622873688021,3.96,8.8602,0.058950654340256925,1.35,0.8539,Technology,technology,0.36871008756519236,,0.058950654340256925,0.1733622873688021,-0.8539,0.13872147937135146,-0.46956439143057005,-0.8005759427043807,0.6314125366503047,-0.10189538623431443,30
37,,Palo Alto Networks Inc,PANW,USD,Q4 2022,371.76,304099.68,398.88,139.5706,-0.06799037304452471,1.6635982076454492,3.96,730.1868,0.2704918032786885,1.35,0.9361,Technology,technology,0.33154516861151934,,0.2704918032786885,1.6635982076454492,-0.9361,0.05103600484520881,0.4253003043644441,0.7647433379383961,0.5067198826785136,0.4340481102945337,7
38,,Paychex Inc,PAYX,USD,Q3 2022,115.01,40941.317305,130.88,85.45,-0.12125611246943757,0.3459332943241662,10.8847,23.5176,-0.018018018018018056,4.93,0.8208,Technology,technology,0.11241105987579386,,-0.018018018018018056,0.3459332943241662,-0.8208,-0.46598054867687055,-0.7951584799626323,-0.6193101976020726,0.6816233255367559,-0.2576209573723448,47
39,,"Paycom Software, Inc.",PAYC,USD,Q4 2021,226.24,10197.003308800002,244.98,104.9,-0.07649604049310144,1.1567206863679695,19.1891,24.0724,0.2901765504753282,5.36,0.8167,Technology,technology,0.09340714423682121,,0.2901765504753282,1.1567206863679695,-0.8167,-0.5108176533328841,0.5085710315979887,0.23232753304170098,0.6878427888127211,0.12151157640595163,19
40,,PayPal Holdings Inc,PYPL,USD,Q1 2022,52.62,45014.352558,79.215,38.46,-0.33573186896421137,0.3681747269890794,5.4305,9.9221,0.07794361525704807,2.8,1.2847,Technology,technology,0.21402435984690574,,0.07794361525704807,0.3681747269890794,-1.2847,-0.22623805287751828,-0.3892200693998829,-0.5959481628357629,-0.022086190004775057,-0.31201862518894447,51
41,,Pinterest Inc,PINS,USD,Q1 2022,19.36,10963.81968,36.15,13.84,-0.4644536652835408,0.39884393063583823,7.0962,57.1007,0.18556701030927836,1.39,0.0,Technology,technology,0.29261929108218093,,0.18556701030927836,0.39884393063583823,-0.0,-0.04080420733879274,0.06605010927287717,-0.5637337361553757,1.9267295345397493,0.28567391157628763,10
42,,"Qorvo, Inc.",QRVO,USD,Q3 2023,117.21,10340.457252299999,120.76,74.92,-0.029397151374627506,0.5644687666844632,3.1367,27.2024,-0.3306306306306306,1.13,1.4434,Technology,technology,0.4135078677721147,,-0.3306306306306306,0.5644687666844632,-1.4434,0.24441563196881347,-2.1175772712526872,-0.3897641346361187,-0.26282492705250304,-0.2906205052566181,49
43,,"Qualcomm, Inc.",QCOM,USD,Q2 2022,194.23,203941.5,259.92,121.99,-0.2527316097260697,0.5921796868595786,5.0214,22.4794,0.4105793450881612,1.25,1.6614,Technology,technology,0.347877607052695,,0.4105793450881612,0.5921796868595786,-1.6614,0.08957012936916298,1.017900827312774,-0.3606570402195457,-0.5935183402623624,-0.15391681973965365,36
44,,Roku Inc,ROKU,USD,Q1 2022,154.33,22919.640898,159.89,78.53,-0.03477390706110439,0.9652362154590604,6.5777,65.9338,0.2783447699327739,3.06,0.0,Technology,technology,0.1646643127084024,,0.2783447699327739,0.9652362154590604,-0.0,-0.3426962418854801,0.4585200474322187,0.031195396727503273,1.9267295345397493,0.41605877253496326,8
45,,"Salesforce.Com, Inc.",CRM,USD,Q4 2022,236.42,194573.66,269.11,146.32,-0.12147448998550792,0.6157736468015309,7.9149,21.5389,0.25773195876288657,6.25,1.244,Technology,technology,0.11092387014198202,,0.25773195876288657,0.6157736468015309,-1.244,-0.46948936670180025,0.37132340938053704,-0.3358743330646978,0.03965336007614816,-0.22759760912141758,44
46,,"ServiceNow, Inc",NOW,USD,Q1 2022,137.68,142342.12016,194.726,81.24,-0.29295522939925844,0.6947316592811426,20.081,85.9622,0.2720588235294117,16.45,0.9788,Technology,technology,0.04074053682266717,,0.2720588235294117,0.6947316592811426,-0.9788,-0.6350772129608422,0.43192913807838107,-0.2529381364438131,0.4419464480727293,-0.149524409610171,35
47,,Shopify Inc,SHOP.TO,CAD,Q1 2022,193.38,248811.21672,253.1,129.01,-0.23595416831291982,0.4989535694907372,38.37,91.8637,0.21457489878542502,12.0,2.6291,Technology,technology,0.04009368452223921,,0.21457489878542502,0.4989535694907372,-2.6291,-0.6366033712980109,0.18875973540059438,-0.4585802193560569,-2.0614633676164034,-0.8646970608387406,61
48,,Skyworks Solutions Inc,SWKS,USD,Q1 2022,88.74,13352.956272,92.3,51.93,-0.03856988082340196,0.708838821490468,4.4294,43.1499,0.0,1.13,1.5151,Technology,technology,0.3779649962696216,,0.0,0.708838821490468,-1.5151,0.16055715355795702,-0.7189383767182486,-0.23812020546996243,-0.3715896872687731,-0.1786633038477158,39
49,,Snap Inc,SNAP,USD,Q4 2022,5.7,9639.8286,9.28,3.81,-0.3857758620689654,0.49606299212598426,13.7192,50.0,0.0,5.53,1.0778,Technology,technology,0.0912407913184133,,0.0,0.49606299212598426,-1.0778,-0.5159288627472913,-0.7189383767182486,-0.4616164342396691,0.291769164092105,-0.312817672699148,52
50,,Snowflake Inc,SNOW,USD,Q1 2023,339.39,119736.792,384.56,118.3,-0.11745891408362807,1.868892645815723,23.8,32.0,0.8508771929824561,3.29,1.9,Technology,technology,0.12573939150128136,,0.8508771929824561,1.868892645815723,-1.9,-0.4345341977597737,2.8804557093882335,0.9803812365450812,-0.9554607640782908,0.18312179769121595,17
51,,Spotify Technology SA,SPOT,USD,Q4 2022,516.77,106213.908534,740.2012,405.0,-0.30185198294733917,0.27597530864197517,2.9665,28.5531,0.17472118959107807,0.0,0.0,Technology,technology,0.2563151511633848,,0.17472118959107807,0.27597530864197517,-0.0,-0.12645879305203572,0.020169947865300023,-0.692792914219812,1.9267295345397493,0.21027931019976304,16
52,,Block Inc,SQ,USD,Q4 2021,77.91,46807.93845,86.92,48.21,-0.10365853658536595,0.6160547604231486,3.9242,139.4962,0.2911392405063291,9.74,2.5451,Technology,technology,0.12155568943614943,,0.2911392405063291,0.6160547604231486,-2.5451,-0.44440506284397807,0.5126434181103038,-0.33557905594381904,-1.9340402175722373,-0.7007844758131331,60
53,,Texas Instruments Inc,TXN,USD,Q2 2022,270.87,247371.404499,334.03,152.73,-0.18908481274137046,0.7735219013946182,9.4743,0.0,0.13755458515283836,2.52,1.3495,Technology,technology,0.17741284097501528,,0.13755458515283836,0.7735219013946182,-1.3495,-0.31261785662218017,-0.13705280686238164,-0.17017816305393496,-0.12038404861027449,-0.20244908594980549,41
54,,Twilio Inc,TWLO,USD,Q1 2022,266.06,40860.217712,266.48,98.44,-0.0015761032722906299,1.7027631044290938,9.852,37.0292,0.48307598433871757,27.22,1.3891,Technology,technology,0.05508188011039455,,0.48307598433871757,1.7027631044290938,-1.3891,-0.6012408014488401,1.3245772510472011,0.8058815008464828,-0.18045496220252427,0.13348126350251666,18
55,,"Verisign, Inc.",VRSN,USD,Q4 2021,308.18,27828.654,312.48,208.8601,-0.013760880696364608,0.47553314395616986,18.5657,33.4792,0.06157112526539277,7.76,0.6894,Technology,technology,0.07086601326610616,,0.06157112526539277,0.47553314395616986,-0.6894,-0.564000327240686,-0.45847923410288693,-0.4831806488258492,0.8809495388201297,-0.1670295434923866,37
56,,Western Digital Corp.,WDC,USD,Q2 2023,448.17,161583.65997,799.87,105.42,-0.4396964506732344,3.251280591918042,0.8432,18.4609,-0.3561076604554866,0.4,2.1177,Technology,technology,1.246708931421597,,-0.3561076604554866,3.251280591918042,-2.1177,2.2102380445741594,-2.2253506035730846,2.4324187803458144,-1.2856990946094213,1.040681617689879,3
57,,"Workday, Inc.",WDAY,USD,Q3 2022,191.92,46252.72,249.85,110.36,-0.23185911546928162,0.7390358825661469,12.0733,38.9337,0.2432432432432432,29.96,1.0713,Technology,technology,0.04729664090634025,,0.2432432432432432,0.7390358825661469,-1.0713,-0.619608994172682,0.31003301708092956,-0.20640170957453868,0.3016292887979038,-0.17409349429285353,38
58,,ASML Holding NV,ASML,USD,Q4 2024,1711.32,664244.921964,1999.96,935.41,-0.14432288645772917,0.8294865353160645,12.0733,56.5027,0.2233502538071066,29.96,1.7752,Technology,technology,0.044634500797299616,,0.2233502538071066,0.8294865353160645,-1.7752,-0.6258899447381139,0.22588138025020169,-0.11139383278823298,-0.7661463697269585,-0.4184744032530051,57
59,,KLA Corporation,KLAC,USD,Q1 2025,183.97,240365.45159,307.3743,98.097,-0.40147891349406895,0.8753886459320877,12.0733,50.2408,0.18333333333333335,29.96,1.4597,Technology,technology,0.04536979158648256,,0.18333333333333335,0.8753886459320877,-1.4597,-0.6241551280459376,0.0566011737933544,-0.06317901136846744,-0.2875510859301209,-0.29628238680455243,50
60,,CoreWeave Inc,CRWV,USD,Q2 2025,85.43,47117.771738,153.1999,60.55,-0.44236256028887744,0.41090008257638333,12.0733,0.0,0.23343527013251775,29.96,2.803,Technology,technology,0.04868988810497121,,0.23343527013251775,0.41090008257638333,-2.803,-0.6163218205373389,0.268543174947901,-0.5510701526072146,-2.325259627053075,-0.9480669665657949,62
61,,"Zoom Video Communications, Inc.",ZM,USD,Q4 2022,90.9,26523.13833,114.74,70.7,-0.20777409796060653,0.2857142857142858,8.7611,8.4263,0.22448979591836737,2.9,1.0291,Technology,technology,0.19254818485702604,,0.22448979591836737,0.2857142857142858,-1.0291,-0.2769081107711321,0.23070188921432652,-0.682563253011407,0.36564425227247294,-0.2091875674248676,42
62,,Constallation Software Inc.,CSU,CAD,Q4 2022,2786.97,59060.158364099996,4426.87,2196.0,-0.37044232154998913,0.2691120218579235,8.7611,43.2948,0.22448979591836737,2.9,0.7255,Technology,technology,0.16068865554519857,,0.22448979591836737,0.2691120218579235,-0.7255,-0.35207625386245583,0.23070188921432652,-0.7000019976847056,0.826187923146387,-0.12492061229459658,33
1,,AT&T Inc,T,USD,Q1 2022,25.45,174393.2237,29.435,19.89,-0.1353830473925599,0.27953745600804414,1.0097,8.4043,-0.13211845102505693,1.97,0.2219,Telecommunication,telecommunication,0.5389980361591443,,-0.13211845102505693,0.27953745600804414,-0.2219,0.6987037176460213,-0.9873449541230278,0.9642939928112992,0.7561534396353837,0.6610921838843673,2
2,,BCE Inc,BCE.TO,CAD,Q1 2022,30.88,28796.396704,36.25,29.66,-0.1481379310344828,0.04113283884018881,2.54,4.5821,0.0068846815834766595,0.76,0.6217,Telecommunication,telecommunication,0.642576935271395,,0.0068846815834766595,0.04113283884018881,-0.6217,1.5189410798069574,-0.41882140152801145,-0.8375532475003801,-0.6306812259151665,0.034557187496066594,4
3,,Comcast Corp,CMCSA,USD,Q1 2022,22.93,81370.22348,32.855,21.28,-0.30208491858164654,0.0775375939849623,1.8513,7.3869,0.1396545387725101,1.05,0.6503,Telecommunication,telecommunication,0.5426389018139784,,0.1396545387725101,0.0775375939849623,-0.6503,0.7275355942762903,0.12420802140751365,-0.5624083766875468,-0.7298895086433949,-0.11707930284730805,5
4,,Fox Corp.,FOXA,USD,Q1 2022,64.79,27320.232544000002,76.39,48.34,-0.15185233669328435,0.34029788994621435,1.7075,16.88,0.6323529411764706,1.66,0.0,Telecommunication,telecommunication,0.41576762735021333,,0.6323529411764706,0.34029788994621435,-0.0,-0.2771532023035785,2.1393471109807525,1.4235175662144477,1.5258848360477575,0.9418715895639584,1
5,,Rogers Communications Inc,RCI-A.TO,CAD,Q1 2022,49.25,26606.096025,56.72,45.59,-0.13169957686882927,0.08028076332529066,2.06,3.8658,0.0372492836676217,2.58,0.797,Telecommunication,telecommunication,0.3772374872618715,,0.0372492836676217,0.08028076332529066,-0.797,-0.582271916063058,-0.29463001730483046,-0.5416756737546243,-1.2387655602598675,-0.7088930881129303,6
6,,Telus Corp,T.TO,CAD,Q1 2022,12.2,19380.7614,22.09,12.165,-0.447713897691263,0.0028771064529387047,2.39,16.8257,0.05970149253731338,2.49,0.55,Telecommunication,telecommunication,0.2931497862981822,,0.05970149253731338,0.0028771064529387047,-0.55,-1.2481592214869917,-0.20280036346421754,-1.1266876889677446,-0.38196675487971277,-0.9040073558268584,7
7,,Verizon Communications Inc,VZ,USD,Q1 2022,47.68,198099.672,51.68,38.39,-0.07739938080495357,0.2419901015889554,1.61,12.417,0.02127659574468077,3.0,0.2383,Telecommunication,telecommunication,0.3449953655002133,,0.02127659574468077,0.2419901015889554,-0.2383,-0.8375960518756419,-0.3599583959681787,0.680513427884549,0.6992647740150009,0.09245878584270434,3
1,,Ameren Corp.,AEE,USD,Q1 2022,101.83,28190.953239,118.32,96.57,-0.13936781609195403,0.054468261364813086,3.6984,17.9249,0.197452229299363,3.04,0.4441,Utilities,utilities,0.21837429323140548,,0.197452229299363,0.054468261364813086,-0.4441,-0.0762850126827502,0.5623976859446498,-0.34807460734117973,-0.022895968482613153,-0.1003107249665758,7
2,,American Electric Power Co,AEP,USD,Q1 2022,120.03,65344.007919,140.58,106.115,-0.14618011096884342,0.1311313197945625,1.7682,20.7827,0.07476635514018692,3.25,0.4651,Utilities,utilities,0.30711871164942134,,0.07476635514018692,0.1311313197945625,-0.4651,1.3242643268936647,0.2871113122425243,1.2834307622234349,-0.1999667728948904,0.8431659458355212,1
3,,American Water Works Co.,AWK,USD,Q4 2021,133.97,26623.72413,145.64,120.57,-0.08012908541609443,0.11113875756821767,7.4754,23.1928,0.03033586132177679,5.3,0.5622,Utilities,utilities,0.12185606016144838,,0.03033586132177679,0.11113875756821767,-0.5622,-1.5995193748313055,0.18741679069397296,0.8579589210037696,-1.0187084447249908,-0.4862458632325953,11
11,,"Consolidated Edison, Inc.",ED,USD,Q1 2022,103.86,38410.398396,116.23,94.96,-0.10642691215693023,0.09372367312552665,4.8909,17.0552,0.1032608695652173,3.02,0.2445,Utilities,utilities,0.19807343951357326,,0.1032608695652173,0.09372367312552665,-0.2445,-0.3966696382647385,0.35104818843327706,0.48733968976467407,1.6601198677407443,0.4745073331379377,3
4,,Dominion Energy Inc,D,USD,Q1 2022,62.82,55251.817038,72.99,55.8542,-0.13933415536374838,0.12471398748885498,1.6815,21.7386,0.10594315245478025,3.32,0.6103,Utilities,utilities,0.31397101615147377,,0.10594315245478025,0.12471398748885498,-0.6103,1.432406232784816,0.3570667780628625,1.1468602636092107,-1.4242849062597773,0.5334398370716364,2
5,,Dte Energy Co.,DTE,USD,Q4 2021,126.13,26246.152053,155.745,125.76,-0.19015056663135255,0.0029421119592873968,3.3717,19.6682,0.46226415094339623,3.73,0.3632,Utilities,utilities,0.20517543336167718,,0.46226415094339623,0.0029421119592873968,-0.3632,-0.28458717752016005,1.1565908978534307,-1.4446286863196138,0.659248225658016,-0.31521065671096815,10
6,,Duke Energy Corp,DUK,USD,Q1 2022,116.74,91022.434828,134.49,113.895,-0.13198007286787128,0.024979147460380213,2.2116,17.5735,0.15934959349593503,2.14,0.3394,Utilities,utilities,0.325451637238697,,0.15934959349593503,0.024979147460380213,-0.3394,1.6135914449735904,0.4769018086832663,-0.9756473739934798,0.859928470658597,0.4673719587149583,4
12,,Emera Incorporated,EMA.TO,CAD,Q4 2021,68.43,21092.692125000005,77.99,63.93,-0.12257981792537487,0.07038948850305027,3.05,21.5567,-1.0,4.07,0.4221,Utilities,utilities,0.20665279593335661,,-1.0,0.07038948850305027,-0.4221,-0.26127169232159464,-2.1244828057545067,-0.009246909905984533,0.1626067789969154,-0.22656140647283973,8
7,,FirstEnergy Corp.,FE,USD,Q2 2022,44.97,26021.4408,52.34,43.0,-0.14081008788689342,0.04581395348837214,9.7085,24.0,0.06870229007633588,4.01,0.4114,Utilities,utilities,0.13134858294399507,,0.06870229007633588,0.04581395348837214,-0.4114,-1.4497099924385206,0.27350457476959045,-0.5322513159082827,0.2528285698165041,-0.5746545790973426,12
8,,Fortis Inc,FTS.TO,USD,Q2 2022,75.3,38678.26668,83.75,67.62,-0.10089552238805977,0.11357586512866003,3.2808,22.0616,-1.0,3.99,0.4091,Utilities,utilities,0.20025263364166235,,-1.0,0.11357586512866003,-0.4091,-0.36227796663838663,-2.1244828057545067,0.9098242411789591,0.2722220388711818,0.07353070075177742,6
9,,NextEra Energy Inc,NEE,USD,Q1 2022,79.63,166106.42814,98.75,71.27,-0.193620253164557,0.11730040690332544,2.3773,17.8673,-0.22520107238605902,9.93,0.63,Utilities,utilities,0.1924394565644354,,-0.22520107238605902,0.11730040690332544,-0.63,-0.4855842003212739,-0.3859649153052192,0.9890881008396414,-1.5903941846846281,-0.26192765560713616,9
13,,"NiSource, Inc.",NI,CAD,Q1 2022,40.52,19431.775252,49.21,40.09,-0.176590123958545,0.010725866799700556,2.76,21.4556,0.2064516129032259,3.71,0.5425,Utilities,utilities,0.2261561660504164,,0.2064516129032259,0.010725866799700556,-0.5425,0.046527182513526555,0.5825907822961297,-1.2789786577710445,-0.85259916630014,-0.5754177181361968,13
10,,The Southern Company,SO,USD,Q1 2022,85.46,98310.02198,100.835,83.8,-0.1524768185649824,0.019809069212410435,2.6445,20.6097,0.1252115059221659,2.96,0.2941,Utilities,utilities,0.2548339987608193,,0.1252115059221659,0.019809069212410435,-0.2941,0.4991158678531321,0.40030170783452806,-1.0856744273801038,1.2418954916050806,0.1483128287118236,5
